Identifier,Name,Number,5'Overhang,spacer,,scaffold,filler_10n,random_left_6n,PAM_rv,target_rv,,random_right_5n,Barcode,3'Overhang,,Concat:,Length:
Nme2_001,Nme2,1,GTGGAAAGGACGAAACACCG,ACCGCCCCTCAATATTGACGCT,22,GTTGTAGCTCCCTTTCTCATTTCGGAAACGAAATGAGAACCGTTGCTACAATAAGGCCGTCTGAAAAGATGTGCCGCAACGCTCTGCCCCTTAAAGCTTCTGCTTTAAGGGGCATCGTTTATTTTTTT,GATAGTGGCA,GCCGCC,ATTGGGTGG,AGCGTCAATATTGAGGGGCGGT,22,TCCTC,TCCGCC,AGCTACGACGATGTTTCCCA,,GTGGAAAGGACGAAACACCGACCGCCCCTCAATATTGACGCTGTTGTAGCTCCCTTTCTCATTTCGGAAACGAAATGAGAACCGTTGCTACAATAAGGCCGTCTGAAAAGATGTGCCGCAACGCTCTGCCCCTTAAAGCTTCTGCTTTAAGGGGCATCGTTTATTTTTTTGATAGTGGCAGCCGCCATTGGGTGGAGCGTCAATATTGAGGGGCGGTTCCTCTCCGCCAGCTACGACGATGTTTCCCA,248
Nme2_002,Nme2,2,GTGGAAAGGACGAAACACCG,GGATAAATATACTCTTAGAGAG,22,GTTGTAGCTCCCTTTCTCATTTCGGAAACGAAATGAGAACCGTTGCTACAATAAGGCCGTCTGAAAAGATGTGCCGCAACGCTCTGCCCCTTAAAGCTTCTGCTTTAAGGGGCATCGTTTATTTTTTT,TTCCTCCGGG,AAGAAA,CAGGGTCGA,CTCTCTAAGAGTATATTTATCC,22,TCGTC,ACATGG,AGCTACGACGATGTTTCCCA,,GTGGAAAGGACGAAACACCGGGATAAATATACTCTTAGAGAGGTTGTAGCTCCCTTTCTCATTTCGGAAACGAAATGAGAACCGTTGCTACAATAAGGCCGTCTGAAAAGATGTGCCGCAACGCTCTGCCCCTTAAAGCTTCTGCTTTAAGGGGCATCGTTTATTTTTTTTTCCTCCGGGAAGAAACAGGGTCGACTCTCTAAGAGTATATTTATCCTCGTCACATGGAGCTACGACGATGTTTCCCA,248
Nme2_003,Nme2,3,GTGGAAAGGACGAAACACCG,AGACATACGTCTCTTACAGACT,22,GTTGTAGCTCCCTTTCTCATTTCGGAAACGAAATGAGAACCGTTGCTACAATAAGGCCGTCTGAAAAGATGTGCCGCAACGCTCTGCCCCTTAAAGCTTCTGCTTTAAGGGGCATCGTTTATTTTTTT,GGTTATCCTT,AGTCAA,TCTGGAACC,AGTCTGTAAGAGACGTATGTCT,22,CCGCT,GGACTA,AGCTACGACGATGTTTCCCA,,GTGGAAAGGACGAAACACCGAGACATACGTCTCTTACAGACTGTTGTAGCTCCCTTTCTCATTTCGGAAACGAAATGAGAACCGTTGCTACAATAAGGCCGTCTGAAAAGATGTGCCGCAACGCTCTGCCCCTTAAAGCTTCTGCTTTAAGGGGCATCGTTTATTTTTTTGGTTATCCTTAGTCAATCTGGAACCAGTCTGTAAGAGACGTATGTCTCCGCTGGACTAAGCTACGACGATGTTTCCCA,248
Nme2_004,Nme2,4,GTGGAAAGGACGAAACACCG,ACAACTCTGTTCCCACGTCTAA,22,GTTGTAGCTCCCTTTCTCATTTCGGAAACGAAATGAGAACCGTTGCTACAATAAGGCCGTCTGAAAAGATGTGCCGCAACGCTCTGCCCCTTAAAGCTTCTGCTTTAAGGGGCATCGTTTATTTTTTT,GGACCCGCAT,GCTGCT,CAAGGACTA,TTAGACGTGGGAACAGAGTTGT,22,CAGGT,GGGTAA,AGCTACGACGATGTTTCCCA,,GTGGAAAGGACGAAACACCGACAACTCTGTTCCCACGTCTAAGTTGTAGCTCCCTTTCTCATTTCGGAAACGAAATGAGAACCGTTGCTACAATAAGGCCGTCTGAAAAGATGTGCCGCAACGCTCTGCCCCTTAAAGCTTCTGCTTTAAGGGGCATCGTTTATTTTTTTGGACCCGCATGCTGCTCAAGGACTATTAGACGTGGGAACAGAGTTGTCAGGTGGGTAAAGCTACGACGATGTTTCCCA,248
Nme2_005,Nme2,5,GTGGAAAGGACGAAACACCG,TGAAAGTTCGCCCGAACCAGGG,22,GTTGTAGCTCCCTTTCTCATTTCGGAAACGAAATGAGAACCGTTGCTACAATAAGGCCGTCTGAAAAGATGTGCCGCAACGCTCTGCCCCTTAAAGCTTCTGCTTTAAGGGGCATCGTTTATTTTTTT,CCCGCTATAC,TGTCCG,CCAGGCCGA,CCCTGGTTCGGGCGAACTTTCA,22,ATATG,GGCGGT,AGCTACGACGATGTTTCCCA,,GTGGAAAGGACGAAACACCGTGAAAGTTCGCCCGAACCAGGGGTTGTAGCTCCCTTTCTCATTTCGGAAACGAAATGAGAACCGTTGCTACAATAAGGCCGTCTGAAAAGATGTGCCGCAACGCTCTGCCCCTTAAAGCTTCTGCTTTAAGGGGCATCGTTTATTTTTTTCCCGCTATACTGTCCGCCAGGCCGACCCTGGTTCGGGCGAACTTTCAATATGGGCGGTAGCTACGACGATGTTTCCCA,248
Nme2_006,Nme2,6,GTGGAAAGGACGAAACACCG,GTCGTCGGAAGCCCATGGTTGC,22,GTTGTAGCTCCCTTTCTCATTTCGGAAACGAAATGAGAACCGTTGCTACAATAAGGCCGTCTGAAAAGATGTGCCGCAACGCTCTGCCCCTTAAAGCTTCTGCTTTAAGGGGCATCGTTTATTTTTTT,AGAGGCCACA,AATACT,GGTGGCCAA,GCAACCATGGGCTTCCGACGAC,22,ACTCC,GGAAGT,AGCTACGACGATGTTTCCCA,,GTGGAAAGGACGAAACACCGGTCGTCGGAAGCCCATGGTTGCGTTGTAGCTCCCTTTCTCATTTCGGAAACGAAATGAGAACCGTTGCTACAATAAGGCCGTCTGAAAAGATGTGCCGCAACGCTCTGCCCCTTAAAGCTTCTGCTTTAAGGGGCATCGTTTATTTTTTTAGAGGCCACAAATACTGGTGGCCAAGCAACCATGGGCTTCCGACGACACTCCGGAAGTAGCTACGACGATGTTTCCCA,248
Nme2_007,Nme2,7,GTGGAAAGGACGAAACACCG,CGACTGGACTAGCCATATGGGC,22,GTTGTAGCTCCCTTTCTCATTTCGGAAACGAAATGAGAACCGTTGCTACAATAAGGCCGTCTGAAAAGATGTGCCGCAACGCTCTGCCCCTTAAAGCTTCTGCTTTAAGGGGCATCGTTTATTTTTTT,CGTGCGAGCA,CACGTC,TCGGGTCTC,GCCCATATGGCTAGTCCAGTCG,22,AGGCC,GGTTGC,AGCTACGACGATGTTTCCCA,,GTGGAAAGGACGAAACACCGCGACTGGACTAGCCATATGGGCGTTGTAGCTCCCTTTCTCATTTCGGAAACGAAATGAGAACCGTTGCTACAATAAGGCCGTCTGAAAAGATGTGCCGCAACGCTCTGCCCCTTAAAGCTTCTGCTTTAAGGGGCATCGTTTATTTTTTTCGTGCGAGCACACGTCTCGGGTCTCGCCCATATGGCTAGTCCAGTCGAGGCCGGTTGCAGCTACGACGATGTTTCCCA,248
Nme2_008,Nme2,8,GTGGAAAGGACGAAACACCG,GCTCAACCGCTATGCGCACGCC,22,GTTGTAGCTCCCTTTCTCATTTCGGAAACGAAATGAGAACCGTTGCTACAATAAGGCCGTCTGAAAAGATGTGCCGCAACGCTCTGCCCCTTAAAGCTTCTGCTTTAAGGGGCATCGTTTATTTTTTT,ACCTCTAGTA,ACATGT,CAGGGTAGG,GGCGTGCGCATAGCGGTTGAGC,22,CGGGG,GCGGTC,AGCTACGACGATGTTTCCCA,,GTGGAAAGGACGAAACACCGGCTCAACCGCTATGCGCACGCCGTTGTAGCTCCCTTTCTCATTTCGGAAACGAAATGAGAACCGTTGCTACAATAAGGCCGTCTGAAAAGATGTGCCGCAACGCTCTGCCCCTTAAAGCTTCTGCTTTAAGGGGCATCGTTTATTTTTTTACCTCTAGTAACATGTCAGGGTAGGGGCGTGCGCATAGCGGTTGAGCCGGGGGCGGTCAGCTACGACGATGTTTCCCA,248
Nme2_009,Nme2,9,GTGGAAAGGACGAAACACCG,CCGCTGTTGGAGGGCTACATTG,22,GTTGTAGCTCCCTTTCTCATTTCGGAAACGAAATGAGAACCGTTGCTACAATAAGGCCGTCTGAAAAGATGTGCCGCAACGCTCTGCCCCTTAAAGCTTCTGCTTTAAGGGGCATCGTTTATTTTTTT,CGTCCACCTG,TCTCTC,GTAGGGCAG,CAATGTAGCCCTCCAACAGCGG,22,CTTGT,TGGCAC,AGCTACGACGATGTTTCCCA,,GTGGAAAGGACGAAACACCGCCGCTGTTGGAGGGCTACATTGGTTGTAGCTCCCTTTCTCATTTCGGAAACGAAATGAGAACCGTTGCTACAATAAGGCCGTCTGAAAAGATGTGCCGCAACGCTCTGCCCCTTAAAGCTTCTGCTTTAAGGGGCATCGTTTATTTTTTTCGTCCACCTGTCTCTCGTAGGGCAGCAATGTAGCCCTCCAACAGCGGCTTGTTGGCACAGCTACGACGATGTTTCCCA,248
Nme2_010,Nme2,10,GTGGAAAGGACGAAACACCG,CGTGTATCGCACTACTTCCGAG,22,GTTGTAGCTCCCTTTCTCATTTCGGAAACGAAATGAGAACCGTTGCTACAATAAGGCCGTCTGAAAAGATGTGCCGCAACGCTCTGCCCCTTAAAGCTTCTGCTTTAAGGGGCATCGTTTATTTTTTT,CTATGGTAGA,TCCCTT,GCCGGTTTG,CTCGGAAGTAGTGCGATACACG,22,GACGG,CTCCAT,AGCTACGACGATGTTTCCCA,,GTGGAAAGGACGAAACACCGCGTGTATCGCACTACTTCCGAGGTTGTAGCTCCCTTTCTCATTTCGGAAACGAAATGAGAACCGTTGCTACAATAAGGCCGTCTGAAAAGATGTGCCGCAACGCTCTGCCCCTTAAAGCTTCTGCTTTAAGGGGCATCGTTTATTTTTTTCTATGGTAGATCCCTTGCCGGTTTGCTCGGAAGTAGTGCGATACACGGACGGCTCCATAGCTACGACGATGTTTCCCA,248
Nme2_011,Nme2,11,GTGGAAAGGACGAAACACCG,GATGTGTTGATGATCCGGAGGA,22,GTTGTAGCTCCCTTTCTCATTTCGGAAACGAAATGAGAACCGTTGCTACAATAAGGCCGTCTGAAAAGATGTGCCGCAACGCTCTGCCCCTTAAAGCTTCTGCTTTAAGGGGCATCGTTTATTTTTTT,GCTTCGTGCC,GGGAAA,TCGGGCCTG,TCCTCCGGATCATCAACACATC,22,TGAAA,CTAGTT,AGCTACGACGATGTTTCCCA,,GTGGAAAGGACGAAACACCGGATGTGTTGATGATCCGGAGGAGTTGTAGCTCCCTTTCTCATTTCGGAAACGAAATGAGAACCGTTGCTACAATAAGGCCGTCTGAAAAGATGTGCCGCAACGCTCTGCCCCTTAAAGCTTCTGCTTTAAGGGGCATCGTTTATTTTTTTGCTTCGTGCCGGGAAATCGGGCCTGTCCTCCGGATCATCAACACATCTGAAACTAGTTAGCTACGACGATGTTTCCCA,248
Nme2_012,Nme2,12,GTGGAAAGGACGAAACACCG,TACCAAAATACATCTTTCTAAT,22,GTTGTAGCTCCCTTTCTCATTTCGGAAACGAAATGAGAACCGTTGCTACAATAAGGCCGTCTGAAAAGATGTGCCGCAACGCTCTGCCCCTTAAAGCTTCTGCTTTAAGGGGCATCGTTTATTTTTTT,CTGAAAATTA,AGTTGC,ATGGGAACA,ATTAGAAAGATGTATTTTGGTA,22,GAACG,GCTGCC,AGCTACGACGATGTTTCCCA,,GTGGAAAGGACGAAACACCGTACCAAAATACATCTTTCTAATGTTGTAGCTCCCTTTCTCATTTCGGAAACGAAATGAGAACCGTTGCTACAATAAGGCCGTCTGAAAAGATGTGCCGCAACGCTCTGCCCCTTAAAGCTTCTGCTTTAAGGGGCATCGTTTATTTTTTTCTGAAAATTAAGTTGCATGGGAACAATTAGAAAGATGTATTTTGGTAGAACGGCTGCCAGCTACGACGATGTTTCCCA,248
Nme2_013,Nme2,13,GTGGAAAGGACGAAACACCG,TAAAGGAATAATAGTGTTCTGC,22,GTTGTAGCTCCCTTTCTCATTTCGGAAACGAAATGAGAACCGTTGCTACAATAAGGCCGTCTGAAAAGATGTGCCGCAACGCTCTGCCCCTTAAAGCTTCTGCTTTAAGGGGCATCGTTTATTTTTTT,CGTTGAGTAT,CTGGCT,TGTGGTCTA,GCAGAACACTATTATTCCTTTA,22,GTAAG,ACCGAC,AGCTACGACGATGTTTCCCA,,GTGGAAAGGACGAAACACCGTAAAGGAATAATAGTGTTCTGCGTTGTAGCTCCCTTTCTCATTTCGGAAACGAAATGAGAACCGTTGCTACAATAAGGCCGTCTGAAAAGATGTGCCGCAACGCTCTGCCCCTTAAAGCTTCTGCTTTAAGGGGCATCGTTTATTTTTTTCGTTGAGTATCTGGCTTGTGGTCTAGCAGAACACTATTATTCCTTTAGTAAGACCGACAGCTACGACGATGTTTCCCA,248
Nme2_014,Nme2,14,GTGGAAAGGACGAAACACCG,GTTTACTCCTATGAGGGGTGGA,22,GTTGTAGCTCCCTTTCTCATTTCGGAAACGAAATGAGAACCGTTGCTACAATAAGGCCGTCTGAAAAGATGTGCCGCAACGCTCTGCCCCTTAAAGCTTCTGCTTTAAGGGGCATCGTTTATTTTTTT,TATGGGGGCA,GCCATG,CCCGGCTTC,TCCACCCCTCATAGGAGTAAAC,22,ACTAT,ACGCTT,AGCTACGACGATGTTTCCCA,,GTGGAAAGGACGAAACACCGGTTTACTCCTATGAGGGGTGGAGTTGTAGCTCCCTTTCTCATTTCGGAAACGAAATGAGAACCGTTGCTACAATAAGGCCGTCTGAAAAGATGTGCCGCAACGCTCTGCCCCTTAAAGCTTCTGCTTTAAGGGGCATCGTTTATTTTTTTTATGGGGGCAGCCATGCCCGGCTTCTCCACCCCTCATAGGAGTAAACACTATACGCTTAGCTACGACGATGTTTCCCA,248
Nme2_015,Nme2,15,GTGGAAAGGACGAAACACCG,CGTGCAAATGCCCGACAAACCA,22,GTTGTAGCTCCCTTTCTCATTTCGGAAACGAAATGAGAACCGTTGCTACAATAAGGCCGTCTGAAAAGATGTGCCGCAACGCTCTGCCCCTTAAAGCTTCTGCTTTAAGGGGCATCGTTTATTTTTTT,CAGATCGAGC,TGCCCG,GAAGGGACC,TGGTTTGTCGGGCATTTGCACG,22,CTATA,CTTGTT,AGCTACGACGATGTTTCCCA,,GTGGAAAGGACGAAACACCGCGTGCAAATGCCCGACAAACCAGTTGTAGCTCCCTTTCTCATTTCGGAAACGAAATGAGAACCGTTGCTACAATAAGGCCGTCTGAAAAGATGTGCCGCAACGCTCTGCCCCTTAAAGCTTCTGCTTTAAGGGGCATCGTTTATTTTTTTCAGATCGAGCTGCCCGGAAGGGACCTGGTTTGTCGGGCATTTGCACGCTATACTTGTTAGCTACGACGATGTTTCCCA,248
Nme2_016,Nme2,16,GTGGAAAGGACGAAACACCG,AGTGAAGATCATTAGTGAGCGA,22,GTTGTAGCTCCCTTTCTCATTTCGGAAACGAAATGAGAACCGTTGCTACAATAAGGCCGTCTGAAAAGATGTGCCGCAACGCTCTGCCCCTTAAAGCTTCTGCTTTAAGGGGCATCGTTTATTTTTTT,TTCATCAGGG,AAACGT,AGGGGCCTT,TCGCTCACTAATGATCTTCACT,22,ACAAT,ATCCTC,AGCTACGACGATGTTTCCCA,,GTGGAAAGGACGAAACACCGAGTGAAGATCATTAGTGAGCGAGTTGTAGCTCCCTTTCTCATTTCGGAAACGAAATGAGAACCGTTGCTACAATAAGGCCGTCTGAAAAGATGTGCCGCAACGCTCTGCCCCTTAAAGCTTCTGCTTTAAGGGGCATCGTTTATTTTTTTTTCATCAGGGAAACGTAGGGGCCTTTCGCTCACTAATGATCTTCACTACAATATCCTCAGCTACGACGATGTTTCCCA,248
Nme2_017,Nme2,17,GTGGAAAGGACGAAACACCG,GAATTCGTACCCTCATGGCTTA,22,GTTGTAGCTCCCTTTCTCATTTCGGAAACGAAATGAGAACCGTTGCTACAATAAGGCCGTCTGAAAAGATGTGCCGCAACGCTCTGCCCCTTAAAGCTTCTGCTTTAAGGGGCATCGTTTATTTTTTT,CCTGGACATG,GCCGTC,TCAGGTCGA,TAAGCCATGAGGGTACGAATTC,22,GTGTT,TGATGT,AGCTACGACGATGTTTCCCA,,GTGGAAAGGACGAAACACCGGAATTCGTACCCTCATGGCTTAGTTGTAGCTCCCTTTCTCATTTCGGAAACGAAATGAGAACCGTTGCTACAATAAGGCCGTCTGAAAAGATGTGCCGCAACGCTCTGCCCCTTAAAGCTTCTGCTTTAAGGGGCATCGTTTATTTTTTTCCTGGACATGGCCGTCTCAGGTCGATAAGCCATGAGGGTACGAATTCGTGTTTGATGTAGCTACGACGATGTTTCCCA,248
Nme2_018,Nme2,18,GTGGAAAGGACGAAACACCG,ATGCTCTCGAGAATCCATCTTT,22,GTTGTAGCTCCCTTTCTCATTTCGGAAACGAAATGAGAACCGTTGCTACAATAAGGCCGTCTGAAAAGATGTGCCGCAACGCTCTGCCCCTTAAAGCTTCTGCTTTAAGGGGCATCGTTTATTTTTTT,TAAAGATAGA,GTACCA,GGCGGCTAT,AAAGATGGATTCTCGAGAGCAT,22,ATGAT,GACTGG,AGCTACGACGATGTTTCCCA,,GTGGAAAGGACGAAACACCGATGCTCTCGAGAATCCATCTTTGTTGTAGCTCCCTTTCTCATTTCGGAAACGAAATGAGAACCGTTGCTACAATAAGGCCGTCTGAAAAGATGTGCCGCAACGCTCTGCCCCTTAAAGCTTCTGCTTTAAGGGGCATCGTTTATTTTTTTTAAAGATAGAGTACCAGGCGGCTATAAAGATGGATTCTCGAGAGCATATGATGACTGGAGCTACGACGATGTTTCCCA,248
Nme2_019,Nme2,19,GTGGAAAGGACGAAACACCG,CTGCAATATTAGTGAGTCCAGT,22,GTTGTAGCTCCCTTTCTCATTTCGGAAACGAAATGAGAACCGTTGCTACAATAAGGCCGTCTGAAAAGATGTGCCGCAACGCTCTGCCCCTTAAAGCTTCTGCTTTAAGGGGCATCGTTTATTTTTTT,TTTGGGGCGC,CCTGTA,TAAGGACTG,ACTGGACTCACTAATATTGCAG,22,AGCCC,TCCAAA,AGCTACGACGATGTTTCCCA,,GTGGAAAGGACGAAACACCGCTGCAATATTAGTGAGTCCAGTGTTGTAGCTCCCTTTCTCATTTCGGAAACGAAATGAGAACCGTTGCTACAATAAGGCCGTCTGAAAAGATGTGCCGCAACGCTCTGCCCCTTAAAGCTTCTGCTTTAAGGGGCATCGTTTATTTTTTTTTTGGGGCGCCCTGTATAAGGACTGACTGGACTCACTAATATTGCAGAGCCCTCCAAAAGCTACGACGATGTTTCCCA,248
Nme2_020,Nme2,20,GTGGAAAGGACGAAACACCG,GGGACACCACGTCGCTTGTTGT,22,GTTGTAGCTCCCTTTCTCATTTCGGAAACGAAATGAGAACCGTTGCTACAATAAGGCCGTCTGAAAAGATGTGCCGCAACGCTCTGCCCCTTAAAGCTTCTGCTTTAAGGGGCATCGTTTATTTTTTT,CCTCTCAGAC,CAGCGG,CCCGGCAGA,ACAACAAGCGACGTGGTGTCCC,22,ATTGC,CTGCAC,AGCTACGACGATGTTTCCCA,,GTGGAAAGGACGAAACACCGGGGACACCACGTCGCTTGTTGTGTTGTAGCTCCCTTTCTCATTTCGGAAACGAAATGAGAACCGTTGCTACAATAAGGCCGTCTGAAAAGATGTGCCGCAACGCTCTGCCCCTTAAAGCTTCTGCTTTAAGGGGCATCGTTTATTTTTTTCCTCTCAGACCAGCGGCCCGGCAGAACAACAAGCGACGTGGTGTCCCATTGCCTGCACAGCTACGACGATGTTTCCCA,248
Nme2_021,Nme2,21,GTGGAAAGGACGAAACACCG,TTATAATTGCACCGTAATGACT,22,GTTGTAGCTCCCTTTCTCATTTCGGAAACGAAATGAGAACCGTTGCTACAATAAGGCCGTCTGAAAAGATGTGCCGCAACGCTCTGCCCCTTAAAGCTTCTGCTTTAAGGGGCATCGTTTATTTTTTT,CTATACGCAA,GGCATA,CCCGGGAAG,AGTCATTACGGTGCAATTATAA,22,ACATA,GAACTC,AGCTACGACGATGTTTCCCA,,GTGGAAAGGACGAAACACCGTTATAATTGCACCGTAATGACTGTTGTAGCTCCCTTTCTCATTTCGGAAACGAAATGAGAACCGTTGCTACAATAAGGCCGTCTGAAAAGATGTGCCGCAACGCTCTGCCCCTTAAAGCTTCTGCTTTAAGGGGCATCGTTTATTTTTTTCTATACGCAAGGCATACCCGGGAAGAGTCATTACGGTGCAATTATAAACATAGAACTCAGCTACGACGATGTTTCCCA,248
Nme2_022,Nme2,22,GTGGAAAGGACGAAACACCG,CCAAGCAGGAGGCGCTCAGTAA,22,GTTGTAGCTCCCTTTCTCATTTCGGAAACGAAATGAGAACCGTTGCTACAATAAGGCCGTCTGAAAAGATGTGCCGCAACGCTCTGCCCCTTAAAGCTTCTGCTTTAAGGGGCATCGTTTATTTTTTT,CCTATTCAAA,CTCGCT,GCTGGATGT,TTACTGAGCGCCTCCTGCTTGG,22,TTAAT,GCCAGC,AGCTACGACGATGTTTCCCA,,GTGGAAAGGACGAAACACCGCCAAGCAGGAGGCGCTCAGTAAGTTGTAGCTCCCTTTCTCATTTCGGAAACGAAATGAGAACCGTTGCTACAATAAGGCCGTCTGAAAAGATGTGCCGCAACGCTCTGCCCCTTAAAGCTTCTGCTTTAAGGGGCATCGTTTATTTTTTTCCTATTCAAACTCGCTGCTGGATGTTTACTGAGCGCCTCCTGCTTGGTTAATGCCAGCAGCTACGACGATGTTTCCCA,248
Nme2_023,Nme2,23,GTGGAAAGGACGAAACACCG,CCCTGTTCTCCGTCCCTGTGCC,22,GTTGTAGCTCCCTTTCTCATTTCGGAAACGAAATGAGAACCGTTGCTACAATAAGGCCGTCTGAAAAGATGTGCCGCAACGCTCTGCCCCTTAAAGCTTCTGCTTTAAGGGGCATCGTTTATTTTTTT,TAAAATTGAC,GCGACC,TGGGGTGGC,GGCACAGGGACGGAGAACAGGG,22,CAAGA,AACCTC,AGCTACGACGATGTTTCCCA,,GTGGAAAGGACGAAACACCGCCCTGTTCTCCGTCCCTGTGCCGTTGTAGCTCCCTTTCTCATTTCGGAAACGAAATGAGAACCGTTGCTACAATAAGGCCGTCTGAAAAGATGTGCCGCAACGCTCTGCCCCTTAAAGCTTCTGCTTTAAGGGGCATCGTTTATTTTTTTTAAAATTGACGCGACCTGGGGTGGCGGCACAGGGACGGAGAACAGGGCAAGAAACCTCAGCTACGACGATGTTTCCCA,248
Nme2_024,Nme2,24,GTGGAAAGGACGAAACACCG,AATACCATGCACTAGTTAAGAC,22,GTTGTAGCTCCCTTTCTCATTTCGGAAACGAAATGAGAACCGTTGCTACAATAAGGCCGTCTGAAAAGATGTGCCGCAACGCTCTGCCCCTTAAAGCTTCTGCTTTAAGGGGCATCGTTTATTTTTTT,ACTTAACATC,CGGTAA,TCTGGCGAA,GTCTTAACTAGTGCATGGTATT,22,AAACC,AGAAGA,AGCTACGACGATGTTTCCCA,,GTGGAAAGGACGAAACACCGAATACCATGCACTAGTTAAGACGTTGTAGCTCCCTTTCTCATTTCGGAAACGAAATGAGAACCGTTGCTACAATAAGGCCGTCTGAAAAGATGTGCCGCAACGCTCTGCCCCTTAAAGCTTCTGCTTTAAGGGGCATCGTTTATTTTTTTACTTAACATCCGGTAATCTGGCGAAGTCTTAACTAGTGCATGGTATTAAACCAGAAGAAGCTACGACGATGTTTCCCA,248
Nme2_025,Nme2,25,GTGGAAAGGACGAAACACCG,GGGGTTATCAGGGCCTTGTCGG,22,GTTGTAGCTCCCTTTCTCATTTCGGAAACGAAATGAGAACCGTTGCTACAATAAGGCCGTCTGAAAAGATGTGCCGCAACGCTCTGCCCCTTAAAGCTTCTGCTTTAAGGGGCATCGTTTATTTTTTT,ACATGAAATG,GATACC,AGGGGGTAA,CCGACAAGGCCCTGATAACCCC,22,GCGGC,TGTTTG,AGCTACGACGATGTTTCCCA,,GTGGAAAGGACGAAACACCGGGGGTTATCAGGGCCTTGTCGGGTTGTAGCTCCCTTTCTCATTTCGGAAACGAAATGAGAACCGTTGCTACAATAAGGCCGTCTGAAAAGATGTGCCGCAACGCTCTGCCCCTTAAAGCTTCTGCTTTAAGGGGCATCGTTTATTTTTTTACATGAAATGGATACCAGGGGGTAACCGACAAGGCCCTGATAACCCCGCGGCTGTTTGAGCTACGACGATGTTTCCCA,248
Nme2_026,Nme2,26,GTGGAAAGGACGAAACACCG,CTCACAAATCTAATCCCCTCGA,22,GTTGTAGCTCCCTTTCTCATTTCGGAAACGAAATGAGAACCGTTGCTACAATAAGGCCGTCTGAAAAGATGTGCCGCAACGCTCTGCCCCTTAAAGCTTCTGCTTTAAGGGGCATCGTTTATTTTTTT,CGCACCCCCA,GCGGGG,GTAGGGCAG,TCGAGGGGATTAGATTTGTGAG,22,GTCCT,GCGCCC,AGCTACGACGATGTTTCCCA,,GTGGAAAGGACGAAACACCGCTCACAAATCTAATCCCCTCGAGTTGTAGCTCCCTTTCTCATTTCGGAAACGAAATGAGAACCGTTGCTACAATAAGGCCGTCTGAAAAGATGTGCCGCAACGCTCTGCCCCTTAAAGCTTCTGCTTTAAGGGGCATCGTTTATTTTTTTCGCACCCCCAGCGGGGGTAGGGCAGTCGAGGGGATTAGATTTGTGAGGTCCTGCGCCCAGCTACGACGATGTTTCCCA,248
Nme2_027,Nme2,27,GTGGAAAGGACGAAACACCG,CGGAACTGCGGCCCTACCTAGA,22,GTTGTAGCTCCCTTTCTCATTTCGGAAACGAAATGAGAACCGTTGCTACAATAAGGCCGTCTGAAAAGATGTGCCGCAACGCTCTGCCCCTTAAAGCTTCTGCTTTAAGGGGCATCGTTTATTTTTTT,TGGAGCTTCC,CAGGAC,TGGGGGCGC,TCTAGGTAGGGCCGCAGTTCCG,22,TATCA,TCGAGG,AGCTACGACGATGTTTCCCA,,GTGGAAAGGACGAAACACCGCGGAACTGCGGCCCTACCTAGAGTTGTAGCTCCCTTTCTCATTTCGGAAACGAAATGAGAACCGTTGCTACAATAAGGCCGTCTGAAAAGATGTGCCGCAACGCTCTGCCCCTTAAAGCTTCTGCTTTAAGGGGCATCGTTTATTTTTTTTGGAGCTTCCCAGGACTGGGGGCGCTCTAGGTAGGGCCGCAGTTCCGTATCATCGAGGAGCTACGACGATGTTTCCCA,248
Nme2_028,Nme2,28,GTGGAAAGGACGAAACACCG,TTGTGCACATGCTCGTCGAGGA,22,GTTGTAGCTCCCTTTCTCATTTCGGAAACGAAATGAGAACCGTTGCTACAATAAGGCCGTCTGAAAAGATGTGCCGCAACGCTCTGCCCCTTAAAGCTTCTGCTTTAAGGGGCATCGTTTATTTTTTT,CGAGTGGAAA,CTGGGC,TCAGGGGCT,TCCTCGACGAGCATGTGCACAA,22,GTGTA,CGAATA,AGCTACGACGATGTTTCCCA,,GTGGAAAGGACGAAACACCGTTGTGCACATGCTCGTCGAGGAGTTGTAGCTCCCTTTCTCATTTCGGAAACGAAATGAGAACCGTTGCTACAATAAGGCCGTCTGAAAAGATGTGCCGCAACGCTCTGCCCCTTAAAGCTTCTGCTTTAAGGGGCATCGTTTATTTTTTTCGAGTGGAAACTGGGCTCAGGGGCTTCCTCGACGAGCATGTGCACAAGTGTACGAATAAGCTACGACGATGTTTCCCA,248
Nme2_029,Nme2,29,GTGGAAAGGACGAAACACCG,CTACTAACACAGGCTGTCTCGA,22,GTTGTAGCTCCCTTTCTCATTTCGGAAACGAAATGAGAACCGTTGCTACAATAAGGCCGTCTGAAAAGATGTGCCGCAACGCTCTGCCCCTTAAAGCTTCTGCTTTAAGGGGCATCGTTTATTTTTTT,GCCCACTGTT,CACGCA,AAGGGTCCA,TCGAGACAGCCTGTGTTAGTAG,22,ACGAT,CCCCTC,AGCTACGACGATGTTTCCCA,,GTGGAAAGGACGAAACACCGCTACTAACACAGGCTGTCTCGAGTTGTAGCTCCCTTTCTCATTTCGGAAACGAAATGAGAACCGTTGCTACAATAAGGCCGTCTGAAAAGATGTGCCGCAACGCTCTGCCCCTTAAAGCTTCTGCTTTAAGGGGCATCGTTTATTTTTTTGCCCACTGTTCACGCAAAGGGTCCATCGAGACAGCCTGTGTTAGTAGACGATCCCCTCAGCTACGACGATGTTTCCCA,248
Nme2_030,Nme2,30,GTGGAAAGGACGAAACACCG,CGAATAATAAGTTTCGTTGAGA,22,GTTGTAGCTCCCTTTCTCATTTCGGAAACGAAATGAGAACCGTTGCTACAATAAGGCCGTCTGAAAAGATGTGCCGCAACGCTCTGCCCCTTAAAGCTTCTGCTTTAAGGGGCATCGTTTATTTTTTT,AGGCGGTTCA,TCTACG,CTTGGTGAA,TCTCAACGAAACTTATTATTCG,22,CCAAG,AGCGTG,AGCTACGACGATGTTTCCCA,,GTGGAAAGGACGAAACACCGCGAATAATAAGTTTCGTTGAGAGTTGTAGCTCCCTTTCTCATTTCGGAAACGAAATGAGAACCGTTGCTACAATAAGGCCGTCTGAAAAGATGTGCCGCAACGCTCTGCCCCTTAAAGCTTCTGCTTTAAGGGGCATCGTTTATTTTTTTAGGCGGTTCATCTACGCTTGGTGAATCTCAACGAAACTTATTATTCGCCAAGAGCGTGAGCTACGACGATGTTTCCCA,248
Nme2_031,Nme2,31,GTGGAAAGGACGAAACACCG,ACACGGATTAGAGGCCCGCTGT,22,GTTGTAGCTCCCTTTCTCATTTCGGAAACGAAATGAGAACCGTTGCTACAATAAGGCCGTCTGAAAAGATGTGCCGCAACGCTCTGCCCCTTAAAGCTTCTGCTTTAAGGGGCATCGTTTATTTTTTT,TCGTCATACA,TTTGCA,ATTGGGGGC,ACAGCGGGCCTCTAATCCGTGT,22,GTAAC,ATGAAG,AGCTACGACGATGTTTCCCA,,GTGGAAAGGACGAAACACCGACACGGATTAGAGGCCCGCTGTGTTGTAGCTCCCTTTCTCATTTCGGAAACGAAATGAGAACCGTTGCTACAATAAGGCCGTCTGAAAAGATGTGCCGCAACGCTCTGCCCCTTAAAGCTTCTGCTTTAAGGGGCATCGTTTATTTTTTTTCGTCATACATTTGCAATTGGGGGCACAGCGGGCCTCTAATCCGTGTGTAACATGAAGAGCTACGACGATGTTTCCCA,248
Nme2_032,Nme2,32,GTGGAAAGGACGAAACACCG,TTCGGAAAGCTGTGACCAATGG,22,GTTGTAGCTCCCTTTCTCATTTCGGAAACGAAATGAGAACCGTTGCTACAATAAGGCCGTCTGAAAAGATGTGCCGCAACGCTCTGCCCCTTAAAGCTTCTGCTTTAAGGGGCATCGTTTATTTTTTT,CCTTGCGTGT,TTTATG,GAAGGACAG,CCATTGGTCACAGCTTTCCGAA,22,CGAAC,AGTTGC,AGCTACGACGATGTTTCCCA,,GTGGAAAGGACGAAACACCGTTCGGAAAGCTGTGACCAATGGGTTGTAGCTCCCTTTCTCATTTCGGAAACGAAATGAGAACCGTTGCTACAATAAGGCCGTCTGAAAAGATGTGCCGCAACGCTCTGCCCCTTAAAGCTTCTGCTTTAAGGGGCATCGTTTATTTTTTTCCTTGCGTGTTTTATGGAAGGACAGCCATTGGTCACAGCTTTCCGAACGAACAGTTGCAGCTACGACGATGTTTCCCA,248
Nme2_033,Nme2,33,GTGGAAAGGACGAAACACCG,CGTCACTTTAAAACAGGTTCGA,22,GTTGTAGCTCCCTTTCTCATTTCGGAAACGAAATGAGAACCGTTGCTACAATAAGGCCGTCTGAAAAGATGTGCCGCAACGCTCTGCCCCTTAAAGCTTCTGCTTTAAGGGGCATCGTTTATTTTTTT,GTTGGGACGG,AGCACG,CCCGGACTA,TCGAACCTGTTTTAAAGTGACG,22,CCCTC,ATTGAG,AGCTACGACGATGTTTCCCA,,GTGGAAAGGACGAAACACCGCGTCACTTTAAAACAGGTTCGAGTTGTAGCTCCCTTTCTCATTTCGGAAACGAAATGAGAACCGTTGCTACAATAAGGCCGTCTGAAAAGATGTGCCGCAACGCTCTGCCCCTTAAAGCTTCTGCTTTAAGGGGCATCGTTTATTTTTTTGTTGGGACGGAGCACGCCCGGACTATCGAACCTGTTTTAAAGTGACGCCCTCATTGAGAGCTACGACGATGTTTCCCA,248
Nme2_034,Nme2,34,GTGGAAAGGACGAAACACCG,TTTAGCCGGGGCGAATTTACAT,22,GTTGTAGCTCCCTTTCTCATTTCGGAAACGAAATGAGAACCGTTGCTACAATAAGGCCGTCTGAAAAGATGTGCCGCAACGCTCTGCCCCTTAAAGCTTCTGCTTTAAGGGGCATCGTTTATTTTTTT,GCCCACGTAT,ATGGGT,TCGGGCGAA,ATGTAAATTCGCCCCGGCTAAA,22,TTAAC,GTTGGC,AGCTACGACGATGTTTCCCA,,GTGGAAAGGACGAAACACCGTTTAGCCGGGGCGAATTTACATGTTGTAGCTCCCTTTCTCATTTCGGAAACGAAATGAGAACCGTTGCTACAATAAGGCCGTCTGAAAAGATGTGCCGCAACGCTCTGCCCCTTAAAGCTTCTGCTTTAAGGGGCATCGTTTATTTTTTTGCCCACGTATATGGGTTCGGGCGAAATGTAAATTCGCCCCGGCTAAATTAACGTTGGCAGCTACGACGATGTTTCCCA,248
Nme2_035,Nme2,35,GTGGAAAGGACGAAACACCG,TCATCAAGGGGTTCGATCCGAG,22,GTTGTAGCTCCCTTTCTCATTTCGGAAACGAAATGAGAACCGTTGCTACAATAAGGCCGTCTGAAAAGATGTGCCGCAACGCTCTGCCCCTTAAAGCTTCTGCTTTAAGGGGCATCGTTTATTTTTTT,CCTGCTCTTA,ACAACC,TAAGGTAAA,CTCGGATCGAACCCCTTGATGA,22,CTGAT,CGGGCG,AGCTACGACGATGTTTCCCA,,GTGGAAAGGACGAAACACCGTCATCAAGGGGTTCGATCCGAGGTTGTAGCTCCCTTTCTCATTTCGGAAACGAAATGAGAACCGTTGCTACAATAAGGCCGTCTGAAAAGATGTGCCGCAACGCTCTGCCCCTTAAAGCTTCTGCTTTAAGGGGCATCGTTTATTTTTTTCCTGCTCTTAACAACCTAAGGTAAACTCGGATCGAACCCCTTGATGACTGATCGGGCGAGCTACGACGATGTTTCCCA,248
Nme2_036,Nme2,36,GTGGAAAGGACGAAACACCG,GGTAGCGTCCTCGAGCACCCTA,22,GTTGTAGCTCCCTTTCTCATTTCGGAAACGAAATGAGAACCGTTGCTACAATAAGGCCGTCTGAAAAGATGTGCCGCAACGCTCTGCCCCTTAAAGCTTCTGCTTTAAGGGGCATCGTTTATTTTTTT,CCACCGAGTT,AGTACC,TGGGGGAAC,TAGGGTGCTCGAGGACGCTACC,22,AGCCA,CATCCA,AGCTACGACGATGTTTCCCA,,GTGGAAAGGACGAAACACCGGGTAGCGTCCTCGAGCACCCTAGTTGTAGCTCCCTTTCTCATTTCGGAAACGAAATGAGAACCGTTGCTACAATAAGGCCGTCTGAAAAGATGTGCCGCAACGCTCTGCCCCTTAAAGCTTCTGCTTTAAGGGGCATCGTTTATTTTTTTCCACCGAGTTAGTACCTGGGGGAACTAGGGTGCTCGAGGACGCTACCAGCCACATCCAAGCTACGACGATGTTTCCCA,248
Nme2_037,Nme2,37,GTGGAAAGGACGAAACACCG,GTTCTAGTCAAGACCCGCAGGT,22,GTTGTAGCTCCCTTTCTCATTTCGGAAACGAAATGAGAACCGTTGCTACAATAAGGCCGTCTGAAAAGATGTGCCGCAACGCTCTGCCCCTTAAAGCTTCTGCTTTAAGGGGCATCGTTTATTTTTTT,TCGTTCGAAA,CGGAGT,GTTGGGCTA,ACCTGCGGGTCTTGACTAGAAC,22,TGATG,CCGACC,AGCTACGACGATGTTTCCCA,,GTGGAAAGGACGAAACACCGGTTCTAGTCAAGACCCGCAGGTGTTGTAGCTCCCTTTCTCATTTCGGAAACGAAATGAGAACCGTTGCTACAATAAGGCCGTCTGAAAAGATGTGCCGCAACGCTCTGCCCCTTAAAGCTTCTGCTTTAAGGGGCATCGTTTATTTTTTTTCGTTCGAAACGGAGTGTTGGGCTAACCTGCGGGTCTTGACTAGAACTGATGCCGACCAGCTACGACGATGTTTCCCA,248
Nme2_038,Nme2,38,GTGGAAAGGACGAAACACCG,TAAGACCAATTCGGCTCTCAGT,22,GTTGTAGCTCCCTTTCTCATTTCGGAAACGAAATGAGAACCGTTGCTACAATAAGGCCGTCTGAAAAGATGTGCCGCAACGCTCTGCCCCTTAAAGCTTCTGCTTTAAGGGGCATCGTTTATTTTTTT,CATGTATTAT,AAGCCT,GTAGGAATG,ACTGAGAGCCGAATTGGTCTTA,22,CAGCC,GATCGC,AGCTACGACGATGTTTCCCA,,GTGGAAAGGACGAAACACCGTAAGACCAATTCGGCTCTCAGTGTTGTAGCTCCCTTTCTCATTTCGGAAACGAAATGAGAACCGTTGCTACAATAAGGCCGTCTGAAAAGATGTGCCGCAACGCTCTGCCCCTTAAAGCTTCTGCTTTAAGGGGCATCGTTTATTTTTTTCATGTATTATAAGCCTGTAGGAATGACTGAGAGCCGAATTGGTCTTACAGCCGATCGCAGCTACGACGATGTTTCCCA,248
Nme2_039,Nme2,39,GTGGAAAGGACGAAACACCG,ATCCCATGGTAGAAGAGCAGCT,22,GTTGTAGCTCCCTTTCTCATTTCGGAAACGAAATGAGAACCGTTGCTACAATAAGGCCGTCTGAAAAGATGTGCCGCAACGCTCTGCCCCTTAAAGCTTCTGCTTTAAGGGGCATCGTTTATTTTTTT,AAAGAACAGA,CATAGA,TGCGGGGTG,AGCTGCTCTTCTACCATGGGAT,22,AGAGA,CGGCTG,AGCTACGACGATGTTTCCCA,,GTGGAAAGGACGAAACACCGATCCCATGGTAGAAGAGCAGCTGTTGTAGCTCCCTTTCTCATTTCGGAAACGAAATGAGAACCGTTGCTACAATAAGGCCGTCTGAAAAGATGTGCCGCAACGCTCTGCCCCTTAAAGCTTCTGCTTTAAGGGGCATCGTTTATTTTTTTAAAGAACAGACATAGATGCGGGGTGAGCTGCTCTTCTACCATGGGATAGAGACGGCTGAGCTACGACGATGTTTCCCA,248
Nme2_040,Nme2,40,GTGGAAAGGACGAAACACCG,GTAGGAGTTGCTAAATTTCTAT,22,GTTGTAGCTCCCTTTCTCATTTCGGAAACGAAATGAGAACCGTTGCTACAATAAGGCCGTCTGAAAAGATGTGCCGCAACGCTCTGCCCCTTAAAGCTTCTGCTTTAAGGGGCATCGTTTATTTTTTT,CGTCTAGTGC,CACAGC,CATGGATGA,ATAGAAATTTAGCAACTCCTAC,22,TGCAA,TGCGAA,AGCTACGACGATGTTTCCCA,,GTGGAAAGGACGAAACACCGGTAGGAGTTGCTAAATTTCTATGTTGTAGCTCCCTTTCTCATTTCGGAAACGAAATGAGAACCGTTGCTACAATAAGGCCGTCTGAAAAGATGTGCCGCAACGCTCTGCCCCTTAAAGCTTCTGCTTTAAGGGGCATCGTTTATTTTTTTCGTCTAGTGCCACAGCCATGGATGAATAGAAATTTAGCAACTCCTACTGCAATGCGAAAGCTACGACGATGTTTCCCA,248
Nme2_041,Nme2,41,GTGGAAAGGACGAAACACCG,CTTATCTTCTACTTGACTAGGA,22,GTTGTAGCTCCCTTTCTCATTTCGGAAACGAAATGAGAACCGTTGCTACAATAAGGCCGTCTGAAAAGATGTGCCGCAACGCTCTGCCCCTTAAAGCTTCTGCTTTAAGGGGCATCGTTTATTTTTTT,AGCTCGTCCG,TGAAAT,TGCGGCCAA,TCCTAGTCAAGTAGAAGATAAG,22,CTGGA,GAGTTC,AGCTACGACGATGTTTCCCA,,GTGGAAAGGACGAAACACCGCTTATCTTCTACTTGACTAGGAGTTGTAGCTCCCTTTCTCATTTCGGAAACGAAATGAGAACCGTTGCTACAATAAGGCCGTCTGAAAAGATGTGCCGCAACGCTCTGCCCCTTAAAGCTTCTGCTTTAAGGGGCATCGTTTATTTTTTTAGCTCGTCCGTGAAATTGCGGCCAATCCTAGTCAAGTAGAAGATAAGCTGGAGAGTTCAGCTACGACGATGTTTCCCA,248
Nme2_042,Nme2,42,GTGGAAAGGACGAAACACCG,GGCAGAACATGACAGGTATGAT,22,GTTGTAGCTCCCTTTCTCATTTCGGAAACGAAATGAGAACCGTTGCTACAATAAGGCCGTCTGAAAAGATGTGCCGCAACGCTCTGCCCCTTAAAGCTTCTGCTTTAAGGGGCATCGTTTATTTTTTT,AGAGTCGAAA,CAGAAT,TTAGGCACA,ATCATACCTGTCATGTTCTGCC,22,TCTAG,TCGGGT,AGCTACGACGATGTTTCCCA,,GTGGAAAGGACGAAACACCGGGCAGAACATGACAGGTATGATGTTGTAGCTCCCTTTCTCATTTCGGAAACGAAATGAGAACCGTTGCTACAATAAGGCCGTCTGAAAAGATGTGCCGCAACGCTCTGCCCCTTAAAGCTTCTGCTTTAAGGGGCATCGTTTATTTTTTTAGAGTCGAAACAGAATTTAGGCACAATCATACCTGTCATGTTCTGCCTCTAGTCGGGTAGCTACGACGATGTTTCCCA,248
Nme2_043,Nme2,43,GTGGAAAGGACGAAACACCG,CCACACAAAGGGGCCCTTCTGC,22,GTTGTAGCTCCCTTTCTCATTTCGGAAACGAAATGAGAACCGTTGCTACAATAAGGCCGTCTGAAAAGATGTGCCGCAACGCTCTGCCCCTTAAAGCTTCTGCTTTAAGGGGCATCGTTTATTTTTTT,CGCAAGTCAG,GCAGTC,TGAGGATCG,GCAGAAGGGCCCCTTTGTGTGG,22,GTTCC,GGAATA,AGCTACGACGATGTTTCCCA,,GTGGAAAGGACGAAACACCGCCACACAAAGGGGCCCTTCTGCGTTGTAGCTCCCTTTCTCATTTCGGAAACGAAATGAGAACCGTTGCTACAATAAGGCCGTCTGAAAAGATGTGCCGCAACGCTCTGCCCCTTAAAGCTTCTGCTTTAAGGGGCATCGTTTATTTTTTTCGCAAGTCAGGCAGTCTGAGGATCGGCAGAAGGGCCCCTTTGTGTGGGTTCCGGAATAAGCTACGACGATGTTTCCCA,248
Nme2_044,Nme2,44,GTGGAAAGGACGAAACACCG,TAGTCTTCCGAAGCCTCCGTAA,22,GTTGTAGCTCCCTTTCTCATTTCGGAAACGAAATGAGAACCGTTGCTACAATAAGGCCGTCTGAAAAGATGTGCCGCAACGCTCTGCCCCTTAAAGCTTCTGCTTTAAGGGGCATCGTTTATTTTTTT,ATTAACGTTG,CCGGTC,AGCGGATGA,TTACGGAGGCTTCGGAAGACTA,22,CCAGT,GCCCAA,AGCTACGACGATGTTTCCCA,,GTGGAAAGGACGAAACACCGTAGTCTTCCGAAGCCTCCGTAAGTTGTAGCTCCCTTTCTCATTTCGGAAACGAAATGAGAACCGTTGCTACAATAAGGCCGTCTGAAAAGATGTGCCGCAACGCTCTGCCCCTTAAAGCTTCTGCTTTAAGGGGCATCGTTTATTTTTTTATTAACGTTGCCGGTCAGCGGATGATTACGGAGGCTTCGGAAGACTACCAGTGCCCAAAGCTACGACGATGTTTCCCA,248
Nme2_045,Nme2,45,GTGGAAAGGACGAAACACCG,CTCGATGACAAAATCCACGCTA,22,GTTGTAGCTCCCTTTCTCATTTCGGAAACGAAATGAGAACCGTTGCTACAATAAGGCCGTCTGAAAAGATGTGCCGCAACGCTCTGCCCCTTAAAGCTTCTGCTTTAAGGGGCATCGTTTATTTTTTT,TCTTTTATCT,TGCCTT,ACTGGACCC,TAGCGTGGATTTTGTCATCGAG,22,TTAGA,GTTAAA,AGCTACGACGATGTTTCCCA,,GTGGAAAGGACGAAACACCGCTCGATGACAAAATCCACGCTAGTTGTAGCTCCCTTTCTCATTTCGGAAACGAAATGAGAACCGTTGCTACAATAAGGCCGTCTGAAAAGATGTGCCGCAACGCTCTGCCCCTTAAAGCTTCTGCTTTAAGGGGCATCGTTTATTTTTTTTCTTTTATCTTGCCTTACTGGACCCTAGCGTGGATTTTGTCATCGAGTTAGAGTTAAAAGCTACGACGATGTTTCCCA,248
Nme2_046,Nme2,46,GTGGAAAGGACGAAACACCG,ATTCGACCGTGCCGACTCCAGA,22,GTTGTAGCTCCCTTTCTCATTTCGGAAACGAAATGAGAACCGTTGCTACAATAAGGCCGTCTGAAAAGATGTGCCGCAACGCTCTGCCCCTTAAAGCTTCTGCTTTAAGGGGCATCGTTTATTTTTTT,CGGGTACAAG,CCCTGG,GCCGGCGTC,TCTGGAGTCGGCACGGTCGAAT,22,TCGAA,AATCTG,AGCTACGACGATGTTTCCCA,,GTGGAAAGGACGAAACACCGATTCGACCGTGCCGACTCCAGAGTTGTAGCTCCCTTTCTCATTTCGGAAACGAAATGAGAACCGTTGCTACAATAAGGCCGTCTGAAAAGATGTGCCGCAACGCTCTGCCCCTTAAAGCTTCTGCTTTAAGGGGCATCGTTTATTTTTTTCGGGTACAAGCCCTGGGCCGGCGTCTCTGGAGTCGGCACGGTCGAATTCGAAAATCTGAGCTACGACGATGTTTCCCA,248
Nme2_047,Nme2,47,GTGGAAAGGACGAAACACCG,GAGGCGCAGCGCGTACCCTTCG,22,GTTGTAGCTCCCTTTCTCATTTCGGAAACGAAATGAGAACCGTTGCTACAATAAGGCCGTCTGAAAAGATGTGCCGCAACGCTCTGCCCCTTAAAGCTTCTGCTTTAAGGGGCATCGTTTATTTTTTT,TATTCATCCT,TTACTG,GCCGGGTGT,CGAAGGGTACGCGCTGCGCCTC,22,GCGCT,GCTCGC,AGCTACGACGATGTTTCCCA,,GTGGAAAGGACGAAACACCGGAGGCGCAGCGCGTACCCTTCGGTTGTAGCTCCCTTTCTCATTTCGGAAACGAAATGAGAACCGTTGCTACAATAAGGCCGTCTGAAAAGATGTGCCGCAACGCTCTGCCCCTTAAAGCTTCTGCTTTAAGGGGCATCGTTTATTTTTTTTATTCATCCTTTACTGGCCGGGTGTCGAAGGGTACGCGCTGCGCCTCGCGCTGCTCGCAGCTACGACGATGTTTCCCA,248
Nme2_048,Nme2,48,GTGGAAAGGACGAAACACCG,TGGCTGTACCTTCAACCCTATA,22,GTTGTAGCTCCCTTTCTCATTTCGGAAACGAAATGAGAACCGTTGCTACAATAAGGCCGTCTGAAAAGATGTGCCGCAACGCTCTGCCCCTTAAAGCTTCTGCTTTAAGGGGCATCGTTTATTTTTTT,GAAGCAAGTA,GTCAAG,ATCGGTCTG,TATAGGGTTGAAGGTACAGCCA,22,GATCC,GCTGTT,AGCTACGACGATGTTTCCCA,,GTGGAAAGGACGAAACACCGTGGCTGTACCTTCAACCCTATAGTTGTAGCTCCCTTTCTCATTTCGGAAACGAAATGAGAACCGTTGCTACAATAAGGCCGTCTGAAAAGATGTGCCGCAACGCTCTGCCCCTTAAAGCTTCTGCTTTAAGGGGCATCGTTTATTTTTTTGAAGCAAGTAGTCAAGATCGGTCTGTATAGGGTTGAAGGTACAGCCAGATCCGCTGTTAGCTACGACGATGTTTCCCA,248
Nme2_049,Nme2,49,GTGGAAAGGACGAAACACCG,ACCGGATGCATTCTAGCGCATA,22,GTTGTAGCTCCCTTTCTCATTTCGGAAACGAAATGAGAACCGTTGCTACAATAAGGCCGTCTGAAAAGATGTGCCGCAACGCTCTGCCCCTTAAAGCTTCTGCTTTAAGGGGCATCGTTTATTTTTTT,CGCACCTCTT,TTCCAA,CCAGGCTCA,TATGCGCTAGAATGCATCCGGT,22,AGCAT,CCATCG,AGCTACGACGATGTTTCCCA,,GTGGAAAGGACGAAACACCGACCGGATGCATTCTAGCGCATAGTTGTAGCTCCCTTTCTCATTTCGGAAACGAAATGAGAACCGTTGCTACAATAAGGCCGTCTGAAAAGATGTGCCGCAACGCTCTGCCCCTTAAAGCTTCTGCTTTAAGGGGCATCGTTTATTTTTTTCGCACCTCTTTTCCAACCAGGCTCATATGCGCTAGAATGCATCCGGTAGCATCCATCGAGCTACGACGATGTTTCCCA,248
Nme2_050,Nme2,50,GTGGAAAGGACGAAACACCG,TAGAGTCTTATTAATGCTCGTC,22,GTTGTAGCTCCCTTTCTCATTTCGGAAACGAAATGAGAACCGTTGCTACAATAAGGCCGTCTGAAAAGATGTGCCGCAACGCTCTGCCCCTTAAAGCTTCTGCTTTAAGGGGCATCGTTTATTTTTTT,TCACTTGATC,TCACTT,CATGGTCAT,GACGAGCATTAATAAGACTCTA,22,AGTTA,CTGTGC,AGCTACGACGATGTTTCCCA,,GTGGAAAGGACGAAACACCGTAGAGTCTTATTAATGCTCGTCGTTGTAGCTCCCTTTCTCATTTCGGAAACGAAATGAGAACCGTTGCTACAATAAGGCCGTCTGAAAAGATGTGCCGCAACGCTCTGCCCCTTAAAGCTTCTGCTTTAAGGGGCATCGTTTATTTTTTTTCACTTGATCTCACTTCATGGTCATGACGAGCATTAATAAGACTCTAAGTTACTGTGCAGCTACGACGATGTTTCCCA,248
Nme2_051,Nme2,51,GTGGAAAGGACGAAACACCG,GCATTTCCGTACGCAAGTACTG,22,GTTGTAGCTCCCTTTCTCATTTCGGAAACGAAATGAGAACCGTTGCTACAATAAGGCCGTCTGAAAAGATGTGCCGCAACGCTCTGCCCCTTAAAGCTTCTGCTTTAAGGGGCATCGTTTATTTTTTT,CTGTCTATGA,ACGGTG,TTTGGGGAG,CAGTACTTGCGTACGGAAATGC,22,CAGCG,TGAAAA,AGCTACGACGATGTTTCCCA,,GTGGAAAGGACGAAACACCGGCATTTCCGTACGCAAGTACTGGTTGTAGCTCCCTTTCTCATTTCGGAAACGAAATGAGAACCGTTGCTACAATAAGGCCGTCTGAAAAGATGTGCCGCAACGCTCTGCCCCTTAAAGCTTCTGCTTTAAGGGGCATCGTTTATTTTTTTCTGTCTATGAACGGTGTTTGGGGAGCAGTACTTGCGTACGGAAATGCCAGCGTGAAAAAGCTACGACGATGTTTCCCA,248
Nme2_052,Nme2,52,GTGGAAAGGACGAAACACCG,TCAGTAGCAAAGGAGAAGCAGG,22,GTTGTAGCTCCCTTTCTCATTTCGGAAACGAAATGAGAACCGTTGCTACAATAAGGCCGTCTGAAAAGATGTGCCGCAACGCTCTGCCCCTTAAAGCTTCTGCTTTAAGGGGCATCGTTTATTTTTTT,ATTGGCACTA,GGCTCC,ATCGGACTA,CCTGCTTCTCCTTTGCTACTGA,22,GTGCA,CGTGGT,AGCTACGACGATGTTTCCCA,,GTGGAAAGGACGAAACACCGTCAGTAGCAAAGGAGAAGCAGGGTTGTAGCTCCCTTTCTCATTTCGGAAACGAAATGAGAACCGTTGCTACAATAAGGCCGTCTGAAAAGATGTGCCGCAACGCTCTGCCCCTTAAAGCTTCTGCTTTAAGGGGCATCGTTTATTTTTTTATTGGCACTAGGCTCCATCGGACTACCTGCTTCTCCTTTGCTACTGAGTGCACGTGGTAGCTACGACGATGTTTCCCA,248
Nme2_053,Nme2,53,GTGGAAAGGACGAAACACCG,ATGAACATTATCGGTATCTTGA,22,GTTGTAGCTCCCTTTCTCATTTCGGAAACGAAATGAGAACCGTTGCTACAATAAGGCCGTCTGAAAAGATGTGCCGCAACGCTCTGCCCCTTAAAGCTTCTGCTTTAAGGGGCATCGTTTATTTTTTT,GTGCAATATA,GCGCGA,GTGGGTCAG,TCAAGATACCGATAATGTTCAT,22,GTTAC,GCGAGC,AGCTACGACGATGTTTCCCA,,GTGGAAAGGACGAAACACCGATGAACATTATCGGTATCTTGAGTTGTAGCTCCCTTTCTCATTTCGGAAACGAAATGAGAACCGTTGCTACAATAAGGCCGTCTGAAAAGATGTGCCGCAACGCTCTGCCCCTTAAAGCTTCTGCTTTAAGGGGCATCGTTTATTTTTTTGTGCAATATAGCGCGAGTGGGTCAGTCAAGATACCGATAATGTTCATGTTACGCGAGCAGCTACGACGATGTTTCCCA,248
Nme2_054,Nme2,54,GTGGAAAGGACGAAACACCG,TTGGTGAAATACTATTGATGCC,22,GTTGTAGCTCCCTTTCTCATTTCGGAAACGAAATGAGAACCGTTGCTACAATAAGGCCGTCTGAAAAGATGTGCCGCAACGCTCTGCCCCTTAAAGCTTCTGCTTTAAGGGGCATCGTTTATTTTTTT,TAGGGAGTTA,CCATGA,CTTGGTAAC,GGCATCAATAGTATTTCACCAA,22,GAACC,ACCTCG,AGCTACGACGATGTTTCCCA,,GTGGAAAGGACGAAACACCGTTGGTGAAATACTATTGATGCCGTTGTAGCTCCCTTTCTCATTTCGGAAACGAAATGAGAACCGTTGCTACAATAAGGCCGTCTGAAAAGATGTGCCGCAACGCTCTGCCCCTTAAAGCTTCTGCTTTAAGGGGCATCGTTTATTTTTTTTAGGGAGTTACCATGACTTGGTAACGGCATCAATAGTATTTCACCAAGAACCACCTCGAGCTACGACGATGTTTCCCA,248
Nme2_055,Nme2,55,GTGGAAAGGACGAAACACCG,ATTCAGGTGGCGCGCTCCTATA,22,GTTGTAGCTCCCTTTCTCATTTCGGAAACGAAATGAGAACCGTTGCTACAATAAGGCCGTCTGAAAAGATGTGCCGCAACGCTCTGCCCCTTAAAGCTTCTGCTTTAAGGGGCATCGTTTATTTTTTT,TCACCAGTTG,AAGATT,TCTGGGGAG,TATAGGAGCGCGCCACCTGAAT,22,ACAGT,GCATGT,AGCTACGACGATGTTTCCCA,,GTGGAAAGGACGAAACACCGATTCAGGTGGCGCGCTCCTATAGTTGTAGCTCCCTTTCTCATTTCGGAAACGAAATGAGAACCGTTGCTACAATAAGGCCGTCTGAAAAGATGTGCCGCAACGCTCTGCCCCTTAAAGCTTCTGCTTTAAGGGGCATCGTTTATTTTTTTTCACCAGTTGAAGATTTCTGGGGAGTATAGGAGCGCGCCACCTGAATACAGTGCATGTAGCTACGACGATGTTTCCCA,248
Nme2_056,Nme2,56,GTGGAAAGGACGAAACACCG,CCTGTTAGCCACCATTGGCCCC,22,GTTGTAGCTCCCTTTCTCATTTCGGAAACGAAATGAGAACCGTTGCTACAATAAGGCCGTCTGAAAAGATGTGCCGCAACGCTCTGCCCCTTAAAGCTTCTGCTTTAAGGGGCATCGTTTATTTTTTT,AGTATCCGGA,TGTACA,TACGGCGGG,GGGGCCAATGGTGGCTAACAGG,22,GTAGT,CATTCA,AGCTACGACGATGTTTCCCA,,GTGGAAAGGACGAAACACCGCCTGTTAGCCACCATTGGCCCCGTTGTAGCTCCCTTTCTCATTTCGGAAACGAAATGAGAACCGTTGCTACAATAAGGCCGTCTGAAAAGATGTGCCGCAACGCTCTGCCCCTTAAAGCTTCTGCTTTAAGGGGCATCGTTTATTTTTTTAGTATCCGGATGTACATACGGCGGGGGGGCCAATGGTGGCTAACAGGGTAGTCATTCAAGCTACGACGATGTTTCCCA,248
Nme2_057,Nme2,57,GTGGAAAGGACGAAACACCG,AGCCATCTCGGGACCGCATCTC,22,GTTGTAGCTCCCTTTCTCATTTCGGAAACGAAATGAGAACCGTTGCTACAATAAGGCCGTCTGAAAAGATGTGCCGCAACGCTCTGCCCCTTAAAGCTTCTGCTTTAAGGGGCATCGTTTATTTTTTT,TACTCCGTGA,GTTTTG,CGGGGTCAT,GAGATGCGGTCCCGAGATGGCT,22,ATTGT,CCTCGG,AGCTACGACGATGTTTCCCA,,GTGGAAAGGACGAAACACCGAGCCATCTCGGGACCGCATCTCGTTGTAGCTCCCTTTCTCATTTCGGAAACGAAATGAGAACCGTTGCTACAATAAGGCCGTCTGAAAAGATGTGCCGCAACGCTCTGCCCCTTAAAGCTTCTGCTTTAAGGGGCATCGTTTATTTTTTTTACTCCGTGAGTTTTGCGGGGTCATGAGATGCGGTCCCGAGATGGCTATTGTCCTCGGAGCTACGACGATGTTTCCCA,248
Nme2_058,Nme2,58,GTGGAAAGGACGAAACACCG,GTCTCGAAGTGGGAGTAATGGT,22,GTTGTAGCTCCCTTTCTCATTTCGGAAACGAAATGAGAACCGTTGCTACAATAAGGCCGTCTGAAAAGATGTGCCGCAACGCTCTGCCCCTTAAAGCTTCTGCTTTAAGGGGCATCGTTTATTTTTTT,GAACTTCTAG,ACAACA,CTTGGCTGC,ACCATTACTCCCACTTCGAGAC,22,AAGAC,TCTAGC,AGCTACGACGATGTTTCCCA,,GTGGAAAGGACGAAACACCGGTCTCGAAGTGGGAGTAATGGTGTTGTAGCTCCCTTTCTCATTTCGGAAACGAAATGAGAACCGTTGCTACAATAAGGCCGTCTGAAAAGATGTGCCGCAACGCTCTGCCCCTTAAAGCTTCTGCTTTAAGGGGCATCGTTTATTTTTTTGAACTTCTAGACAACACTTGGCTGCACCATTACTCCCACTTCGAGACAAGACTCTAGCAGCTACGACGATGTTTCCCA,248
Nme2_059,Nme2,59,GTGGAAAGGACGAAACACCG,GGGTGAACGCTTCTGTTACCGG,22,GTTGTAGCTCCCTTTCTCATTTCGGAAACGAAATGAGAACCGTTGCTACAATAAGGCCGTCTGAAAAGATGTGCCGCAACGCTCTGCCCCTTAAAGCTTCTGCTTTAAGGGGCATCGTTTATTTTTTT,GGCCATGGTT,TTGATC,TTTGGTGGG,CCGGTAACAGAAGCGTTCACCC,22,ACTGA,TTACAC,AGCTACGACGATGTTTCCCA,,GTGGAAAGGACGAAACACCGGGGTGAACGCTTCTGTTACCGGGTTGTAGCTCCCTTTCTCATTTCGGAAACGAAATGAGAACCGTTGCTACAATAAGGCCGTCTGAAAAGATGTGCCGCAACGCTCTGCCCCTTAAAGCTTCTGCTTTAAGGGGCATCGTTTATTTTTTTGGCCATGGTTTTGATCTTTGGTGGGCCGGTAACAGAAGCGTTCACCCACTGATTACACAGCTACGACGATGTTTCCCA,248
Nme2_060,Nme2,60,GTGGAAAGGACGAAACACCG,AAAGCCATACCAGAATCCTAGA,22,GTTGTAGCTCCCTTTCTCATTTCGGAAACGAAATGAGAACCGTTGCTACAATAAGGCCGTCTGAAAAGATGTGCCGCAACGCTCTGCCCCTTAAAGCTTCTGCTTTAAGGGGCATCGTTTATTTTTTT,CGGTAGCCAG,AGACAT,CAAGGCACT,TCTAGGATTCTGGTATGGCTTT,22,AACAG,ATACCA,AGCTACGACGATGTTTCCCA,,GTGGAAAGGACGAAACACCGAAAGCCATACCAGAATCCTAGAGTTGTAGCTCCCTTTCTCATTTCGGAAACGAAATGAGAACCGTTGCTACAATAAGGCCGTCTGAAAAGATGTGCCGCAACGCTCTGCCCCTTAAAGCTTCTGCTTTAAGGGGCATCGTTTATTTTTTTCGGTAGCCAGAGACATCAAGGCACTTCTAGGATTCTGGTATGGCTTTAACAGATACCAAGCTACGACGATGTTTCCCA,248
Nme2_061,Nme2,61,GTGGAAAGGACGAAACACCG,CAAGCGTCATTAGTATAACGGT,22,GTTGTAGCTCCCTTTCTCATTTCGGAAACGAAATGAGAACCGTTGCTACAATAAGGCCGTCTGAAAAGATGTGCCGCAACGCTCTGCCCCTTAAAGCTTCTGCTTTAAGGGGCATCGTTTATTTTTTT,ATGAGAAATG,CGAAAT,AATGGGGAG,ACCGTTATACTAATGACGCTTG,22,ACTAG,TTACCT,AGCTACGACGATGTTTCCCA,,GTGGAAAGGACGAAACACCGCAAGCGTCATTAGTATAACGGTGTTGTAGCTCCCTTTCTCATTTCGGAAACGAAATGAGAACCGTTGCTACAATAAGGCCGTCTGAAAAGATGTGCCGCAACGCTCTGCCCCTTAAAGCTTCTGCTTTAAGGGGCATCGTTTATTTTTTTATGAGAAATGCGAAATAATGGGGAGACCGTTATACTAATGACGCTTGACTAGTTACCTAGCTACGACGATGTTTCCCA,248
Nme2_062,Nme2,62,GTGGAAAGGACGAAACACCG,CGAAGAGATTGTTTGAAGAGGG,22,GTTGTAGCTCCCTTTCTCATTTCGGAAACGAAATGAGAACCGTTGCTACAATAAGGCCGTCTGAAAAGATGTGCCGCAACGCTCTGCCCCTTAAAGCTTCTGCTTTAAGGGGCATCGTTTATTTTTTT,TGGCTCTCAT,GGCAAA,GTAGGGTTT,CCCTCTTCAAACAATCTCTTCG,22,CATCG,GCGTCG,AGCTACGACGATGTTTCCCA,,GTGGAAAGGACGAAACACCGCGAAGAGATTGTTTGAAGAGGGGTTGTAGCTCCCTTTCTCATTTCGGAAACGAAATGAGAACCGTTGCTACAATAAGGCCGTCTGAAAAGATGTGCCGCAACGCTCTGCCCCTTAAAGCTTCTGCTTTAAGGGGCATCGTTTATTTTTTTTGGCTCTCATGGCAAAGTAGGGTTTCCCTCTTCAAACAATCTCTTCGCATCGGCGTCGAGCTACGACGATGTTTCCCA,248
Nme2_063,Nme2,63,GTGGAAAGGACGAAACACCG,CTGGAGTACACCTCACGAAGGG,22,GTTGTAGCTCCCTTTCTCATTTCGGAAACGAAATGAGAACCGTTGCTACAATAAGGCCGTCTGAAAAGATGTGCCGCAACGCTCTGCCCCTTAAAGCTTCTGCTTTAAGGGGCATCGTTTATTTTTTT,GGCGGATGTC,CCACTA,CCAGGCGGG,CCCTTCGTGAGGTGTACTCCAG,22,AAGGA,AGGGAA,AGCTACGACGATGTTTCCCA,,GTGGAAAGGACGAAACACCGCTGGAGTACACCTCACGAAGGGGTTGTAGCTCCCTTTCTCATTTCGGAAACGAAATGAGAACCGTTGCTACAATAAGGCCGTCTGAAAAGATGTGCCGCAACGCTCTGCCCCTTAAAGCTTCTGCTTTAAGGGGCATCGTTTATTTTTTTGGCGGATGTCCCACTACCAGGCGGGCCCTTCGTGAGGTGTACTCCAGAAGGAAGGGAAAGCTACGACGATGTTTCCCA,248
Nme2_064,Nme2,64,GTGGAAAGGACGAAACACCG,TCGAGCTCAAGTAAGAGCGCTC,22,GTTGTAGCTCCCTTTCTCATTTCGGAAACGAAATGAGAACCGTTGCTACAATAAGGCCGTCTGAAAAGATGTGCCGCAACGCTCTGCCCCTTAAAGCTTCTGCTTTAAGGGGCATCGTTTATTTTTTT,GATCCCTCGT,GACGGC,TTGGGTAGA,GAGCGCTCTTACTTGAGCTCGA,22,CCTAT,AATCCT,AGCTACGACGATGTTTCCCA,,GTGGAAAGGACGAAACACCGTCGAGCTCAAGTAAGAGCGCTCGTTGTAGCTCCCTTTCTCATTTCGGAAACGAAATGAGAACCGTTGCTACAATAAGGCCGTCTGAAAAGATGTGCCGCAACGCTCTGCCCCTTAAAGCTTCTGCTTTAAGGGGCATCGTTTATTTTTTTGATCCCTCGTGACGGCTTGGGTAGAGAGCGCTCTTACTTGAGCTCGACCTATAATCCTAGCTACGACGATGTTTCCCA,248
Nme2_065,Nme2,65,GTGGAAAGGACGAAACACCG,CGAGGATTCTCTAGATGGTTCC,22,GTTGTAGCTCCCTTTCTCATTTCGGAAACGAAATGAGAACCGTTGCTACAATAAGGCCGTCTGAAAAGATGTGCCGCAACGCTCTGCCCCTTAAAGCTTCTGCTTTAAGGGGCATCGTTTATTTTTTT,GTGTTATTGT,CCTTTA,GGAGGGGGG,GGAACCATCTAGAGAATCCTCG,22,CACTA,ATACAG,AGCTACGACGATGTTTCCCA,,GTGGAAAGGACGAAACACCGCGAGGATTCTCTAGATGGTTCCGTTGTAGCTCCCTTTCTCATTTCGGAAACGAAATGAGAACCGTTGCTACAATAAGGCCGTCTGAAAAGATGTGCCGCAACGCTCTGCCCCTTAAAGCTTCTGCTTTAAGGGGCATCGTTTATTTTTTTGTGTTATTGTCCTTTAGGAGGGGGGGGAACCATCTAGAGAATCCTCGCACTAATACAGAGCTACGACGATGTTTCCCA,248
Nme2_066,Nme2,66,GTGGAAAGGACGAAACACCG,GCCGCCCTACACTTCGCTGGTA,22,GTTGTAGCTCCCTTTCTCATTTCGGAAACGAAATGAGAACCGTTGCTACAATAAGGCCGTCTGAAAAGATGTGCCGCAACGCTCTGCCCCTTAAAGCTTCTGCTTTAAGGGGCATCGTTTATTTTTTT,AGTTACTACA,TGTAAA,AGCGGTAAG,TACCAGCGAAGTGTAGGGCGGC,22,AAGCG,CACGGT,AGCTACGACGATGTTTCCCA,,GTGGAAAGGACGAAACACCGGCCGCCCTACACTTCGCTGGTAGTTGTAGCTCCCTTTCTCATTTCGGAAACGAAATGAGAACCGTTGCTACAATAAGGCCGTCTGAAAAGATGTGCCGCAACGCTCTGCCCCTTAAAGCTTCTGCTTTAAGGGGCATCGTTTATTTTTTTAGTTACTACATGTAAAAGCGGTAAGTACCAGCGAAGTGTAGGGCGGCAAGCGCACGGTAGCTACGACGATGTTTCCCA,248
Nme2_067,Nme2,67,GTGGAAAGGACGAAACACCG,ATTAAGCTGCGCATCTTGGAAG,22,GTTGTAGCTCCCTTTCTCATTTCGGAAACGAAATGAGAACCGTTGCTACAATAAGGCCGTCTGAAAAGATGTGCCGCAACGCTCTGCCCCTTAAAGCTTCTGCTTTAAGGGGCATCGTTTATTTTTTT,TGTTCTCCAA,TGCAAC,GCAGGCTAA,CTTCCAAGATGCGCAGCTTAAT,22,TCCAC,AGATAT,AGCTACGACGATGTTTCCCA,,GTGGAAAGGACGAAACACCGATTAAGCTGCGCATCTTGGAAGGTTGTAGCTCCCTTTCTCATTTCGGAAACGAAATGAGAACCGTTGCTACAATAAGGCCGTCTGAAAAGATGTGCCGCAACGCTCTGCCCCTTAAAGCTTCTGCTTTAAGGGGCATCGTTTATTTTTTTTGTTCTCCAATGCAACGCAGGCTAACTTCCAAGATGCGCAGCTTAATTCCACAGATATAGCTACGACGATGTTTCCCA,248
Nme2_068,Nme2,68,GTGGAAAGGACGAAACACCG,GACAGCGTTGAAAACAATCACA,22,GTTGTAGCTCCCTTTCTCATTTCGGAAACGAAATGAGAACCGTTGCTACAATAAGGCCGTCTGAAAAGATGTGCCGCAACGCTCTGCCCCTTAAAGCTTCTGCTTTAAGGGGCATCGTTTATTTTTTT,TGGTAAGTGG,AGGGTT,TTTGGCAAC,TGTGATTGTTTTCAACGCTGTC,22,AGAAA,ATGCAC,AGCTACGACGATGTTTCCCA,,GTGGAAAGGACGAAACACCGGACAGCGTTGAAAACAATCACAGTTGTAGCTCCCTTTCTCATTTCGGAAACGAAATGAGAACCGTTGCTACAATAAGGCCGTCTGAAAAGATGTGCCGCAACGCTCTGCCCCTTAAAGCTTCTGCTTTAAGGGGCATCGTTTATTTTTTTTGGTAAGTGGAGGGTTTTTGGCAACTGTGATTGTTTTCAACGCTGTCAGAAAATGCACAGCTACGACGATGTTTCCCA,248
Nme2_069,Nme2,69,GTGGAAAGGACGAAACACCG,GCATGGGATATCGTCCTCAAAT,22,GTTGTAGCTCCCTTTCTCATTTCGGAAACGAAATGAGAACCGTTGCTACAATAAGGCCGTCTGAAAAGATGTGCCGCAACGCTCTGCCCCTTAAAGCTTCTGCTTTAAGGGGCATCGTTTATTTTTTT,AACCCACATC,AGCCGG,TATGGTTAC,ATTTGAGGACGATATCCCATGC,22,ATGTC,AACCCG,AGCTACGACGATGTTTCCCA,,GTGGAAAGGACGAAACACCGGCATGGGATATCGTCCTCAAATGTTGTAGCTCCCTTTCTCATTTCGGAAACGAAATGAGAACCGTTGCTACAATAAGGCCGTCTGAAAAGATGTGCCGCAACGCTCTGCCCCTTAAAGCTTCTGCTTTAAGGGGCATCGTTTATTTTTTTAACCCACATCAGCCGGTATGGTTACATTTGAGGACGATATCCCATGCATGTCAACCCGAGCTACGACGATGTTTCCCA,248
Nme2_070,Nme2,70,GTGGAAAGGACGAAACACCG,TCGATTAACGGGGCGCTCACCA,22,GTTGTAGCTCCCTTTCTCATTTCGGAAACGAAATGAGAACCGTTGCTACAATAAGGCCGTCTGAAAAGATGTGCCGCAACGCTCTGCCCCTTAAAGCTTCTGCTTTAAGGGGCATCGTTTATTTTTTT,GGTTTTAAAA,CGCCGC,GTAGGTTAC,TGGTGAGCGCCCCGTTAATCGA,22,TCCAT,CCGACG,AGCTACGACGATGTTTCCCA,,GTGGAAAGGACGAAACACCGTCGATTAACGGGGCGCTCACCAGTTGTAGCTCCCTTTCTCATTTCGGAAACGAAATGAGAACCGTTGCTACAATAAGGCCGTCTGAAAAGATGTGCCGCAACGCTCTGCCCCTTAAAGCTTCTGCTTTAAGGGGCATCGTTTATTTTTTTGGTTTTAAAACGCCGCGTAGGTTACTGGTGAGCGCCCCGTTAATCGATCCATCCGACGAGCTACGACGATGTTTCCCA,248
Nme2_071,Nme2,71,GTGGAAAGGACGAAACACCG,TAATGCAGTAATTCGCCCCTAA,22,GTTGTAGCTCCCTTTCTCATTTCGGAAACGAAATGAGAACCGTTGCTACAATAAGGCCGTCTGAAAAGATGTGCCGCAACGCTCTGCCCCTTAAAGCTTCTGCTTTAAGGGGCATCGTTTATTTTTTT,AATCATCAGA,ATGTAC,CCAGGAAAA,TTAGGGGCGAATTACTGCATTA,22,AGCTG,CACTAC,AGCTACGACGATGTTTCCCA,,GTGGAAAGGACGAAACACCGTAATGCAGTAATTCGCCCCTAAGTTGTAGCTCCCTTTCTCATTTCGGAAACGAAATGAGAACCGTTGCTACAATAAGGCCGTCTGAAAAGATGTGCCGCAACGCTCTGCCCCTTAAAGCTTCTGCTTTAAGGGGCATCGTTTATTTTTTTAATCATCAGAATGTACCCAGGAAAATTAGGGGCGAATTACTGCATTAAGCTGCACTACAGCTACGACGATGTTTCCCA,248
Nme2_072,Nme2,72,GTGGAAAGGACGAAACACCG,ATCGAGGTTATTGGGTCAATAG,22,GTTGTAGCTCCCTTTCTCATTTCGGAAACGAAATGAGAACCGTTGCTACAATAAGGCCGTCTGAAAAGATGTGCCGCAACGCTCTGCCCCTTAAAGCTTCTGCTTTAAGGGGCATCGTTTATTTTTTT,GAAACAATAA,CTGGTA,AGCGGGAAA,CTATTGACCCAATAACCTCGAT,22,TCGCA,AAAGCA,AGCTACGACGATGTTTCCCA,,GTGGAAAGGACGAAACACCGATCGAGGTTATTGGGTCAATAGGTTGTAGCTCCCTTTCTCATTTCGGAAACGAAATGAGAACCGTTGCTACAATAAGGCCGTCTGAAAAGATGTGCCGCAACGCTCTGCCCCTTAAAGCTTCTGCTTTAAGGGGCATCGTTTATTTTTTTGAAACAATAACTGGTAAGCGGGAAACTATTGACCCAATAACCTCGATTCGCAAAAGCAAGCTACGACGATGTTTCCCA,248
Nme2_073,Nme2,73,GTGGAAAGGACGAAACACCG,ATTCTCTTGAAGCAAGTAACAC,22,GTTGTAGCTCCCTTTCTCATTTCGGAAACGAAATGAGAACCGTTGCTACAATAAGGCCGTCTGAAAAGATGTGCCGCAACGCTCTGCCCCTTAAAGCTTCTGCTTTAAGGGGCATCGTTTATTTTTTT,AGACAGGCGT,GACGAA,GCCGGTAGG,GTGTTACTTGCTTCAAGAGAAT,22,TGGAA,CCGTGT,AGCTACGACGATGTTTCCCA,,GTGGAAAGGACGAAACACCGATTCTCTTGAAGCAAGTAACACGTTGTAGCTCCCTTTCTCATTTCGGAAACGAAATGAGAACCGTTGCTACAATAAGGCCGTCTGAAAAGATGTGCCGCAACGCTCTGCCCCTTAAAGCTTCTGCTTTAAGGGGCATCGTTTATTTTTTTAGACAGGCGTGACGAAGCCGGTAGGGTGTTACTTGCTTCAAGAGAATTGGAACCGTGTAGCTACGACGATGTTTCCCA,248
Nme2_074,Nme2,74,GTGGAAAGGACGAAACACCG,GAATGGCCCAAGGCCGATTACG,22,GTTGTAGCTCCCTTTCTCATTTCGGAAACGAAATGAGAACCGTTGCTACAATAAGGCCGTCTGAAAAGATGTGCCGCAACGCTCTGCCCCTTAAAGCTTCTGCTTTAAGGGGCATCGTTTATTTTTTT,CCGGTTATCC,CTGTGT,CATGGGGAC,CGTAATCGGCCTTGGGCCATTC,22,TCTAC,TACTGG,AGCTACGACGATGTTTCCCA,,GTGGAAAGGACGAAACACCGGAATGGCCCAAGGCCGATTACGGTTGTAGCTCCCTTTCTCATTTCGGAAACGAAATGAGAACCGTTGCTACAATAAGGCCGTCTGAAAAGATGTGCCGCAACGCTCTGCCCCTTAAAGCTTCTGCTTTAAGGGGCATCGTTTATTTTTTTCCGGTTATCCCTGTGTCATGGGGACCGTAATCGGCCTTGGGCCATTCTCTACTACTGGAGCTACGACGATGTTTCCCA,248
Nme2_075,Nme2,75,GTGGAAAGGACGAAACACCG,CTGTAAGTAAGGCATAGCGTGT,22,GTTGTAGCTCCCTTTCTCATTTCGGAAACGAAATGAGAACCGTTGCTACAATAAGGCCGTCTGAAAAGATGTGCCGCAACGCTCTGCCCCTTAAAGCTTCTGCTTTAAGGGGCATCGTTTATTTTTTT,CTCACAGGCG,CCGTCG,ACCGGACGC,ACACGCTATGCCTTACTTACAG,22,CACGC,TGCCTT,AGCTACGACGATGTTTCCCA,,GTGGAAAGGACGAAACACCGCTGTAAGTAAGGCATAGCGTGTGTTGTAGCTCCCTTTCTCATTTCGGAAACGAAATGAGAACCGTTGCTACAATAAGGCCGTCTGAAAAGATGTGCCGCAACGCTCTGCCCCTTAAAGCTTCTGCTTTAAGGGGCATCGTTTATTTTTTTCTCACAGGCGCCGTCGACCGGACGCACACGCTATGCCTTACTTACAGCACGCTGCCTTAGCTACGACGATGTTTCCCA,248
Nme2_076,Nme2,76,GTGGAAAGGACGAAACACCG,ATGCGGAGCACAATTTGCTCGG,22,GTTGTAGCTCCCTTTCTCATTTCGGAAACGAAATGAGAACCGTTGCTACAATAAGGCCGTCTGAAAAGATGTGCCGCAACGCTCTGCCCCTTAAAGCTTCTGCTTTAAGGGGCATCGTTTATTTTTTT,CAGGACATCG,ACCTGG,GAAGGGGGG,CCGAGCAAATTGTGCTCCGCAT,22,TACGC,TACCTC,AGCTACGACGATGTTTCCCA,,GTGGAAAGGACGAAACACCGATGCGGAGCACAATTTGCTCGGGTTGTAGCTCCCTTTCTCATTTCGGAAACGAAATGAGAACCGTTGCTACAATAAGGCCGTCTGAAAAGATGTGCCGCAACGCTCTGCCCCTTAAAGCTTCTGCTTTAAGGGGCATCGTTTATTTTTTTCAGGACATCGACCTGGGAAGGGGGGCCGAGCAAATTGTGCTCCGCATTACGCTACCTCAGCTACGACGATGTTTCCCA,248
Nme2_077,Nme2,77,GTGGAAAGGACGAAACACCG,TGACTAAGACACATGGGGCCGT,22,GTTGTAGCTCCCTTTCTCATTTCGGAAACGAAATGAGAACCGTTGCTACAATAAGGCCGTCTGAAAAGATGTGCCGCAACGCTCTGCCCCTTAAAGCTTCTGCTTTAAGGGGCATCGTTTATTTTTTT,TTACTGCGCG,TAACTG,GACGGGTTA,ACGGCCCCATGTGTCTTAGTCA,22,CGACT,TACTTC,AGCTACGACGATGTTTCCCA,,GTGGAAAGGACGAAACACCGTGACTAAGACACATGGGGCCGTGTTGTAGCTCCCTTTCTCATTTCGGAAACGAAATGAGAACCGTTGCTACAATAAGGCCGTCTGAAAAGATGTGCCGCAACGCTCTGCCCCTTAAAGCTTCTGCTTTAAGGGGCATCGTTTATTTTTTTTTACTGCGCGTAACTGGACGGGTTAACGGCCCCATGTGTCTTAGTCACGACTTACTTCAGCTACGACGATGTTTCCCA,248
Nme2_078,Nme2,78,GTGGAAAGGACGAAACACCG,TCTCCATATGTGATACGTACAT,22,GTTGTAGCTCCCTTTCTCATTTCGGAAACGAAATGAGAACCGTTGCTACAATAAGGCCGTCTGAAAAGATGTGCCGCAACGCTCTGCCCCTTAAAGCTTCTGCTTTAAGGGGCATCGTTTATTTTTTT,AGTACTGTTG,GTCTGG,CCAGGCTAC,ATGTACGTATCACATATGGAGA,22,AGACG,CCTTGC,AGCTACGACGATGTTTCCCA,,GTGGAAAGGACGAAACACCGTCTCCATATGTGATACGTACATGTTGTAGCTCCCTTTCTCATTTCGGAAACGAAATGAGAACCGTTGCTACAATAAGGCCGTCTGAAAAGATGTGCCGCAACGCTCTGCCCCTTAAAGCTTCTGCTTTAAGGGGCATCGTTTATTTTTTTAGTACTGTTGGTCTGGCCAGGCTACATGTACGTATCACATATGGAGAAGACGCCTTGCAGCTACGACGATGTTTCCCA,248
Nme2_079,Nme2,79,GTGGAAAGGACGAAACACCG,TGCGATCAGGAGAGTAATTATC,22,GTTGTAGCTCCCTTTCTCATTTCGGAAACGAAATGAGAACCGTTGCTACAATAAGGCCGTCTGAAAAGATGTGCCGCAACGCTCTGCCCCTTAAAGCTTCTGCTTTAAGGGGCATCGTTTATTTTTTT,GTTACGGGTA,GTTTTT,AACGGAGGC,GATAATTACTCTCCTGATCGCA,22,CCTTC,TGTCCC,AGCTACGACGATGTTTCCCA,,GTGGAAAGGACGAAACACCGTGCGATCAGGAGAGTAATTATCGTTGTAGCTCCCTTTCTCATTTCGGAAACGAAATGAGAACCGTTGCTACAATAAGGCCGTCTGAAAAGATGTGCCGCAACGCTCTGCCCCTTAAAGCTTCTGCTTTAAGGGGCATCGTTTATTTTTTTGTTACGGGTAGTTTTTAACGGAGGCGATAATTACTCTCCTGATCGCACCTTCTGTCCCAGCTACGACGATGTTTCCCA,248
Nme2_080,Nme2,80,GTGGAAAGGACGAAACACCG,CGACCAGCCCTGCATTACGACG,22,GTTGTAGCTCCCTTTCTCATTTCGGAAACGAAATGAGAACCGTTGCTACAATAAGGCCGTCTGAAAAGATGTGCCGCAACGCTCTGCCCCTTAAAGCTTCTGCTTTAAGGGGCATCGTTTATTTTTTT,TTAGAATCCG,AAACGC,TAAGGACGT,CGTCGTAATGCAGGGCTGGTCG,22,TGACG,ACTAAT,AGCTACGACGATGTTTCCCA,,GTGGAAAGGACGAAACACCGCGACCAGCCCTGCATTACGACGGTTGTAGCTCCCTTTCTCATTTCGGAAACGAAATGAGAACCGTTGCTACAATAAGGCCGTCTGAAAAGATGTGCCGCAACGCTCTGCCCCTTAAAGCTTCTGCTTTAAGGGGCATCGTTTATTTTTTTTTAGAATCCGAAACGCTAAGGACGTCGTCGTAATGCAGGGCTGGTCGTGACGACTAATAGCTACGACGATGTTTCCCA,248
Nme2_081,Nme2,81,GTGGAAAGGACGAAACACCG,AGCGGCTCTAAGTGCCCAGCCC,22,GTTGTAGCTCCCTTTCTCATTTCGGAAACGAAATGAGAACCGTTGCTACAATAAGGCCGTCTGAAAAGATGTGCCGCAACGCTCTGCCCCTTAAAGCTTCTGCTTTAAGGGGCATCGTTTATTTTTTT,GTCTTCCTGC,CGTCGT,GATGGACCT,GGGCTGGGCACTTAGAGCCGCT,22,ACCCA,ATAACT,AGCTACGACGATGTTTCCCA,,GTGGAAAGGACGAAACACCGAGCGGCTCTAAGTGCCCAGCCCGTTGTAGCTCCCTTTCTCATTTCGGAAACGAAATGAGAACCGTTGCTACAATAAGGCCGTCTGAAAAGATGTGCCGCAACGCTCTGCCCCTTAAAGCTTCTGCTTTAAGGGGCATCGTTTATTTTTTTGTCTTCCTGCCGTCGTGATGGACCTGGGCTGGGCACTTAGAGCCGCTACCCAATAACTAGCTACGACGATGTTTCCCA,248
Nme2_082,Nme2,82,GTGGAAAGGACGAAACACCG,GACTATGGTTAGGTCGCTATAT,22,GTTGTAGCTCCCTTTCTCATTTCGGAAACGAAATGAGAACCGTTGCTACAATAAGGCCGTCTGAAAAGATGTGCCGCAACGCTCTGCCCCTTAAAGCTTCTGCTTTAAGGGGCATCGTTTATTTTTTT,GAAGAATTGC,ATTGAT,CCGGGACAT,ATATAGCGACCTAACCATAGTC,22,CATAA,CTTGTA,AGCTACGACGATGTTTCCCA,,GTGGAAAGGACGAAACACCGGACTATGGTTAGGTCGCTATATGTTGTAGCTCCCTTTCTCATTTCGGAAACGAAATGAGAACCGTTGCTACAATAAGGCCGTCTGAAAAGATGTGCCGCAACGCTCTGCCCCTTAAAGCTTCTGCTTTAAGGGGCATCGTTTATTTTTTTGAAGAATTGCATTGATCCGGGACATATATAGCGACCTAACCATAGTCCATAACTTGTAAGCTACGACGATGTTTCCCA,248
Nme2_083,Nme2,83,GTGGAAAGGACGAAACACCG,TAAATGGTTCCTGTAGCCCTAC,22,GTTGTAGCTCCCTTTCTCATTTCGGAAACGAAATGAGAACCGTTGCTACAATAAGGCCGTCTGAAAAGATGTGCCGCAACGCTCTGCCCCTTAAAGCTTCTGCTTTAAGGGGCATCGTTTATTTTTTT,ACGCACAGTC,GGCTTA,TTTGGCCTG,GTAGGGCTACAGGAACCATTTA,22,AATAG,CCGCGC,AGCTACGACGATGTTTCCCA,,GTGGAAAGGACGAAACACCGTAAATGGTTCCTGTAGCCCTACGTTGTAGCTCCCTTTCTCATTTCGGAAACGAAATGAGAACCGTTGCTACAATAAGGCCGTCTGAAAAGATGTGCCGCAACGCTCTGCCCCTTAAAGCTTCTGCTTTAAGGGGCATCGTTTATTTTTTTACGCACAGTCGGCTTATTTGGCCTGGTAGGGCTACAGGAACCATTTAAATAGCCGCGCAGCTACGACGATGTTTCCCA,248
Nme2_084,Nme2,84,GTGGAAAGGACGAAACACCG,GTTTCTACCATACTGGGTAGGG,22,GTTGTAGCTCCCTTTCTCATTTCGGAAACGAAATGAGAACCGTTGCTACAATAAGGCCGTCTGAAAAGATGTGCCGCAACGCTCTGCCCCTTAAAGCTTCTGCTTTAAGGGGCATCGTTTATTTTTTT,CGTGATTCCG,GCGTAG,CGGGGGCCT,CCCTACCCAGTATGGTAGAAAC,22,GAATG,TCATGC,AGCTACGACGATGTTTCCCA,,GTGGAAAGGACGAAACACCGGTTTCTACCATACTGGGTAGGGGTTGTAGCTCCCTTTCTCATTTCGGAAACGAAATGAGAACCGTTGCTACAATAAGGCCGTCTGAAAAGATGTGCCGCAACGCTCTGCCCCTTAAAGCTTCTGCTTTAAGGGGCATCGTTTATTTTTTTCGTGATTCCGGCGTAGCGGGGGCCTCCCTACCCAGTATGGTAGAAACGAATGTCATGCAGCTACGACGATGTTTCCCA,248
Nme2_085,Nme2,85,GTGGAAAGGACGAAACACCG,CGGTTGGTACCTTACTCGACCC,22,GTTGTAGCTCCCTTTCTCATTTCGGAAACGAAATGAGAACCGTTGCTACAATAAGGCCGTCTGAAAAGATGTGCCGCAACGCTCTGCCCCTTAAAGCTTCTGCTTTAAGGGGCATCGTTTATTTTTTT,GAACGATTAC,CTTGCA,TCGGGTGAA,GGGTCGAGTAAGGTACCAACCG,22,AGGGC,GGGGGA,AGCTACGACGATGTTTCCCA,,GTGGAAAGGACGAAACACCGCGGTTGGTACCTTACTCGACCCGTTGTAGCTCCCTTTCTCATTTCGGAAACGAAATGAGAACCGTTGCTACAATAAGGCCGTCTGAAAAGATGTGCCGCAACGCTCTGCCCCTTAAAGCTTCTGCTTTAAGGGGCATCGTTTATTTTTTTGAACGATTACCTTGCATCGGGTGAAGGGTCGAGTAAGGTACCAACCGAGGGCGGGGGAAGCTACGACGATGTTTCCCA,248
Nme2_086,Nme2,86,GTGGAAAGGACGAAACACCG,GAAGGAAACTCTCTGTGTTATA,22,GTTGTAGCTCCCTTTCTCATTTCGGAAACGAAATGAGAACCGTTGCTACAATAAGGCCGTCTGAAAAGATGTGCCGCAACGCTCTGCCCCTTAAAGCTTCTGCTTTAAGGGGCATCGTTTATTTTTTT,CGTGAAGCGA,GGCAGC,GGTGGAACC,TATAACACAGAGAGTTTCCTTC,22,GCACC,ATACAT,AGCTACGACGATGTTTCCCA,,GTGGAAAGGACGAAACACCGGAAGGAAACTCTCTGTGTTATAGTTGTAGCTCCCTTTCTCATTTCGGAAACGAAATGAGAACCGTTGCTACAATAAGGCCGTCTGAAAAGATGTGCCGCAACGCTCTGCCCCTTAAAGCTTCTGCTTTAAGGGGCATCGTTTATTTTTTTCGTGAAGCGAGGCAGCGGTGGAACCTATAACACAGAGAGTTTCCTTCGCACCATACATAGCTACGACGATGTTTCCCA,248
Nme2_087,Nme2,87,GTGGAAAGGACGAAACACCG,GGGTACAGGTGAACGTGATATA,22,GTTGTAGCTCCCTTTCTCATTTCGGAAACGAAATGAGAACCGTTGCTACAATAAGGCCGTCTGAAAAGATGTGCCGCAACGCTCTGCCCCTTAAAGCTTCTGCTTTAAGGGGCATCGTTTATTTTTTT,AACGGTTGCC,ATACTC,CGGGGGCTA,TATATCACGTTCACCTGTACCC,22,GGAGA,GTGGGC,AGCTACGACGATGTTTCCCA,,GTGGAAAGGACGAAACACCGGGGTACAGGTGAACGTGATATAGTTGTAGCTCCCTTTCTCATTTCGGAAACGAAATGAGAACCGTTGCTACAATAAGGCCGTCTGAAAAGATGTGCCGCAACGCTCTGCCCCTTAAAGCTTCTGCTTTAAGGGGCATCGTTTATTTTTTTAACGGTTGCCATACTCCGGGGGCTATATATCACGTTCACCTGTACCCGGAGAGTGGGCAGCTACGACGATGTTTCCCA,248
Nme2_088,Nme2,88,GTGGAAAGGACGAAACACCG,CCTGACTAGGGCCGGAGTAAGC,22,GTTGTAGCTCCCTTTCTCATTTCGGAAACGAAATGAGAACCGTTGCTACAATAAGGCCGTCTGAAAAGATGTGCCGCAACGCTCTGCCCCTTAAAGCTTCTGCTTTAAGGGGCATCGTTTATTTTTTT,GGAATACACG,CATGCC,ACTGGGGGC,GCTTACTCCGGCCCTAGTCAGG,22,AAGGC,GTTTCC,AGCTACGACGATGTTTCCCA,,GTGGAAAGGACGAAACACCGCCTGACTAGGGCCGGAGTAAGCGTTGTAGCTCCCTTTCTCATTTCGGAAACGAAATGAGAACCGTTGCTACAATAAGGCCGTCTGAAAAGATGTGCCGCAACGCTCTGCCCCTTAAAGCTTCTGCTTTAAGGGGCATCGTTTATTTTTTTGGAATACACGCATGCCACTGGGGGCGCTTACTCCGGCCCTAGTCAGGAAGGCGTTTCCAGCTACGACGATGTTTCCCA,248
Nme2_089,Nme2,89,GTGGAAAGGACGAAACACCG,GTAGCGGAGTTCTAGCGCCCGC,22,GTTGTAGCTCCCTTTCTCATTTCGGAAACGAAATGAGAACCGTTGCTACAATAAGGCCGTCTGAAAAGATGTGCCGCAACGCTCTGCCCCTTAAAGCTTCTGCTTTAAGGGGCATCGTTTATTTTTTT,GACTTCCGGT,AACTAG,TTGGGTACT,GCGGGCGCTAGAACTCCGCTAC,22,GCTCG,AGTTTG,AGCTACGACGATGTTTCCCA,,GTGGAAAGGACGAAACACCGGTAGCGGAGTTCTAGCGCCCGCGTTGTAGCTCCCTTTCTCATTTCGGAAACGAAATGAGAACCGTTGCTACAATAAGGCCGTCTGAAAAGATGTGCCGCAACGCTCTGCCCCTTAAAGCTTCTGCTTTAAGGGGCATCGTTTATTTTTTTGACTTCCGGTAACTAGTTGGGTACTGCGGGCGCTAGAACTCCGCTACGCTCGAGTTTGAGCTACGACGATGTTTCCCA,248
Nme2_090,Nme2,90,GTGGAAAGGACGAAACACCG,CAGGTCAGACGGTTTGTTCCTC,22,GTTGTAGCTCCCTTTCTCATTTCGGAAACGAAATGAGAACCGTTGCTACAATAAGGCCGTCTGAAAAGATGTGCCGCAACGCTCTGCCCCTTAAAGCTTCTGCTTTAAGGGGCATCGTTTATTTTTTT,GCGATGTGCG,CCCCAG,CGGGGCTTG,GAGGAACAAACCGTCTGACCTG,22,ATGGG,AAGGAG,AGCTACGACGATGTTTCCCA,,GTGGAAAGGACGAAACACCGCAGGTCAGACGGTTTGTTCCTCGTTGTAGCTCCCTTTCTCATTTCGGAAACGAAATGAGAACCGTTGCTACAATAAGGCCGTCTGAAAAGATGTGCCGCAACGCTCTGCCCCTTAAAGCTTCTGCTTTAAGGGGCATCGTTTATTTTTTTGCGATGTGCGCCCCAGCGGGGCTTGGAGGAACAAACCGTCTGACCTGATGGGAAGGAGAGCTACGACGATGTTTCCCA,248
Nme2_091,Nme2,91,GTGGAAAGGACGAAACACCG,TATGTGTAGCGGGTGGGGCCCC,22,GTTGTAGCTCCCTTTCTCATTTCGGAAACGAAATGAGAACCGTTGCTACAATAAGGCCGTCTGAAAAGATGTGCCGCAACGCTCTGCCCCTTAAAGCTTCTGCTTTAAGGGGCATCGTTTATTTTTTT,AGCACCTGAT,CTCCTG,CAGGGACTC,GGGGCCCCACCCGCTACACATA,22,ATTAG,ATCGAA,AGCTACGACGATGTTTCCCA,,GTGGAAAGGACGAAACACCGTATGTGTAGCGGGTGGGGCCCCGTTGTAGCTCCCTTTCTCATTTCGGAAACGAAATGAGAACCGTTGCTACAATAAGGCCGTCTGAAAAGATGTGCCGCAACGCTCTGCCCCTTAAAGCTTCTGCTTTAAGGGGCATCGTTTATTTTTTTAGCACCTGATCTCCTGCAGGGACTCGGGGCCCCACCCGCTACACATAATTAGATCGAAAGCTACGACGATGTTTCCCA,248
Nme2_092,Nme2,92,GTGGAAAGGACGAAACACCG,ACACTCGTACCCTTAACATACA,22,GTTGTAGCTCCCTTTCTCATTTCGGAAACGAAATGAGAACCGTTGCTACAATAAGGCCGTCTGAAAAGATGTGCCGCAACGCTCTGCCCCTTAAAGCTTCTGCTTTAAGGGGCATCGTTTATTTTTTT,TCCAACGTTT,GGATTG,CGGGGATGT,TGTATGTTAAGGGTACGAGTGT,22,AACTC,ATAAGC,AGCTACGACGATGTTTCCCA,,GTGGAAAGGACGAAACACCGACACTCGTACCCTTAACATACAGTTGTAGCTCCCTTTCTCATTTCGGAAACGAAATGAGAACCGTTGCTACAATAAGGCCGTCTGAAAAGATGTGCCGCAACGCTCTGCCCCTTAAAGCTTCTGCTTTAAGGGGCATCGTTTATTTTTTTTCCAACGTTTGGATTGCGGGGATGTTGTATGTTAAGGGTACGAGTGTAACTCATAAGCAGCTACGACGATGTTTCCCA,248
Nme2_093,Nme2,93,GTGGAAAGGACGAAACACCG,AGTGCGTGGAGTCTGTGTGCGG,22,GTTGTAGCTCCCTTTCTCATTTCGGAAACGAAATGAGAACCGTTGCTACAATAAGGCCGTCTGAAAAGATGTGCCGCAACGCTCTGCCCCTTAAAGCTTCTGCTTTAAGGGGCATCGTTTATTTTTTT,TCGAGTCCCA,CGTAGC,TAGGGGTGT,CCGCACACAGACTCCACGCACT,22,TACAA,TTATAG,AGCTACGACGATGTTTCCCA,,GTGGAAAGGACGAAACACCGAGTGCGTGGAGTCTGTGTGCGGGTTGTAGCTCCCTTTCTCATTTCGGAAACGAAATGAGAACCGTTGCTACAATAAGGCCGTCTGAAAAGATGTGCCGCAACGCTCTGCCCCTTAAAGCTTCTGCTTTAAGGGGCATCGTTTATTTTTTTTCGAGTCCCACGTAGCTAGGGGTGTCCGCACACAGACTCCACGCACTTACAATTATAGAGCTACGACGATGTTTCCCA,248
Nme2_094,Nme2,94,GTGGAAAGGACGAAACACCG,GTTAATATGGCGGGGCGGGCGT,22,GTTGTAGCTCCCTTTCTCATTTCGGAAACGAAATGAGAACCGTTGCTACAATAAGGCCGTCTGAAAAGATGTGCCGCAACGCTCTGCCCCTTAAAGCTTCTGCTTTAAGGGGCATCGTTTATTTTTTT,TGGTATTTCC,TCCGGG,CGCGGGAGC,ACGCCCGCCCCGCCATATTAAC,22,CGGTT,TTCTTA,AGCTACGACGATGTTTCCCA,,GTGGAAAGGACGAAACACCGGTTAATATGGCGGGGCGGGCGTGTTGTAGCTCCCTTTCTCATTTCGGAAACGAAATGAGAACCGTTGCTACAATAAGGCCGTCTGAAAAGATGTGCCGCAACGCTCTGCCCCTTAAAGCTTCTGCTTTAAGGGGCATCGTTTATTTTTTTTGGTATTTCCTCCGGGCGCGGGAGCACGCCCGCCCCGCCATATTAACCGGTTTTCTTAAGCTACGACGATGTTTCCCA,248
Nme2_095,Nme2,95,GTGGAAAGGACGAAACACCG,GCCGCAACGCCTAAATTGGCAG,22,GTTGTAGCTCCCTTTCTCATTTCGGAAACGAAATGAGAACCGTTGCTACAATAAGGCCGTCTGAAAAGATGTGCCGCAACGCTCTGCCCCTTAAAGCTTCTGCTTTAAGGGGCATCGTTTATTTTTTT,CATTCCAGAC,AGCTCT,ACTGGGAGC,CTGCCAATTTAGGCGTTGCGGC,22,AGTGT,TGGAGT,AGCTACGACGATGTTTCCCA,,GTGGAAAGGACGAAACACCGGCCGCAACGCCTAAATTGGCAGGTTGTAGCTCCCTTTCTCATTTCGGAAACGAAATGAGAACCGTTGCTACAATAAGGCCGTCTGAAAAGATGTGCCGCAACGCTCTGCCCCTTAAAGCTTCTGCTTTAAGGGGCATCGTTTATTTTTTTCATTCCAGACAGCTCTACTGGGAGCCTGCCAATTTAGGCGTTGCGGCAGTGTTGGAGTAGCTACGACGATGTTTCCCA,248
Nme2_096,Nme2,96,GTGGAAAGGACGAAACACCG,TAAGGGTCCTTGAGAGGCCAAT,22,GTTGTAGCTCCCTTTCTCATTTCGGAAACGAAATGAGAACCGTTGCTACAATAAGGCCGTCTGAAAAGATGTGCCGCAACGCTCTGCCCCTTAAAGCTTCTGCTTTAAGGGGCATCGTTTATTTTTTT,TCATTGACTG,AAGTTG,CTCGGAATA,ATTGGCCTCTCAAGGACCCTTA,22,CCGCG,GCACCC,AGCTACGACGATGTTTCCCA,,GTGGAAAGGACGAAACACCGTAAGGGTCCTTGAGAGGCCAATGTTGTAGCTCCCTTTCTCATTTCGGAAACGAAATGAGAACCGTTGCTACAATAAGGCCGTCTGAAAAGATGTGCCGCAACGCTCTGCCCCTTAAAGCTTCTGCTTTAAGGGGCATCGTTTATTTTTTTTCATTGACTGAAGTTGCTCGGAATAATTGGCCTCTCAAGGACCCTTACCGCGGCACCCAGCTACGACGATGTTTCCCA,248
Nme2_097,Nme2,97,GTGGAAAGGACGAAACACCG,GGTGAGATCACGCCATGTAGGC,22,GTTGTAGCTCCCTTTCTCATTTCGGAAACGAAATGAGAACCGTTGCTACAATAAGGCCGTCTGAAAAGATGTGCCGCAACGCTCTGCCCCTTAAAGCTTCTGCTTTAAGGGGCATCGTTTATTTTTTT,CCCTTAGTTT,AAGTAA,ATCGGCCCT,GCCTACATGGCGTGATCTCACC,22,ATATA,CCAGCT,AGCTACGACGATGTTTCCCA,,GTGGAAAGGACGAAACACCGGGTGAGATCACGCCATGTAGGCGTTGTAGCTCCCTTTCTCATTTCGGAAACGAAATGAGAACCGTTGCTACAATAAGGCCGTCTGAAAAGATGTGCCGCAACGCTCTGCCCCTTAAAGCTTCTGCTTTAAGGGGCATCGTTTATTTTTTTCCCTTAGTTTAAGTAAATCGGCCCTGCCTACATGGCGTGATCTCACCATATACCAGCTAGCTACGACGATGTTTCCCA,248
Nme2_098,Nme2,98,GTGGAAAGGACGAAACACCG,TTTACGGAATCCCCCTCTGGGG,22,GTTGTAGCTCCCTTTCTCATTTCGGAAACGAAATGAGAACCGTTGCTACAATAAGGCCGTCTGAAAAGATGTGCCGCAACGCTCTGCCCCTTAAAGCTTCTGCTTTAAGGGGCATCGTTTATTTTTTT,CATCATTCAG,CTCAGC,TGCGGATGT,CCCCAGAGGGGGATTCCGTAAA,22,GGTTG,TACGAA,AGCTACGACGATGTTTCCCA,,GTGGAAAGGACGAAACACCGTTTACGGAATCCCCCTCTGGGGGTTGTAGCTCCCTTTCTCATTTCGGAAACGAAATGAGAACCGTTGCTACAATAAGGCCGTCTGAAAAGATGTGCCGCAACGCTCTGCCCCTTAAAGCTTCTGCTTTAAGGGGCATCGTTTATTTTTTTCATCATTCAGCTCAGCTGCGGATGTCCCCAGAGGGGGATTCCGTAAAGGTTGTACGAAAGCTACGACGATGTTTCCCA,248
Nme2_099,Nme2,99,GTGGAAAGGACGAAACACCG,CAAGTTGTCCTTTAGATTGTAG,22,GTTGTAGCTCCCTTTCTCATTTCGGAAACGAAATGAGAACCGTTGCTACAATAAGGCCGTCTGAAAAGATGTGCCGCAACGCTCTGCCCCTTAAAGCTTCTGCTTTAAGGGGCATCGTTTATTTTTTT,ACAAACCTTC,GTTCCT,TTAGGACTG,CTACAATCTAAAGGACAACTTG,22,CGCCT,TCAGAC,AGCTACGACGATGTTTCCCA,,GTGGAAAGGACGAAACACCGCAAGTTGTCCTTTAGATTGTAGGTTGTAGCTCCCTTTCTCATTTCGGAAACGAAATGAGAACCGTTGCTACAATAAGGCCGTCTGAAAAGATGTGCCGCAACGCTCTGCCCCTTAAAGCTTCTGCTTTAAGGGGCATCGTTTATTTTTTTACAAACCTTCGTTCCTTTAGGACTGCTACAATCTAAAGGACAACTTGCGCCTTCAGACAGCTACGACGATGTTTCCCA,248
Nme2_100,Nme2,100,GTGGAAAGGACGAAACACCG,GTGACATGACTAACGGTCGCTT,22,GTTGTAGCTCCCTTTCTCATTTCGGAAACGAAATGAGAACCGTTGCTACAATAAGGCCGTCTGAAAAGATGTGCCGCAACGCTCTGCCCCTTAAAGCTTCTGCTTTAAGGGGCATCGTTTATTTTTTT,ACCTGAGGGC,GACAGT,CGAGGAGTC,AAGCGACCGTTAGTCATGTCAC,22,GGAAG,CCGGAT,AGCTACGACGATGTTTCCCA,,GTGGAAAGGACGAAACACCGGTGACATGACTAACGGTCGCTTGTTGTAGCTCCCTTTCTCATTTCGGAAACGAAATGAGAACCGTTGCTACAATAAGGCCGTCTGAAAAGATGTGCCGCAACGCTCTGCCCCTTAAAGCTTCTGCTTTAAGGGGCATCGTTTATTTTTTTACCTGAGGGCGACAGTCGAGGAGTCAAGCGACCGTTAGTCATGTCACGGAAGCCGGATAGCTACGACGATGTTTCCCA,248
