Identifier,Name,Number,5'Overhang,spacer,scaffold,filler 10N,Random left 6N,Target in reverse:,PAM reverse: (forward: TTTR),Random right 5N,Random filler 6:,Barcode,3'Overhang,target_long,Concat:,Length:
AsCas12f_001,AsCas12f,1,GAAACAAATTCATTTGAATGAAGGAATGCAAC,CGCCCCTCAATATTGACGCT,GGCCGGCATGGTCCCAGCCTCCTCGCTGGCGCCGGCTGGGCAACATGCTTCGGCATGGCGAATGGGACTTTTTT,GATAGTGGCA,GCCGCC,AGCGTCAATATTGAGGGGCG,CAAA,TCCTC,AGG,AGACTC,TAGCTGCCTCGGTCATTCAA,GATAGTGGCAGCCGCCAGCGTCAATATTGAGGGGCGCAAATCCTCAGGAGACTC,GAAACAAATTCATTTGAATGAAGGAATGCAACCGCCCCTCAATATTGACGCTGGCCGGCATGGTCCCAGCCTCCTCGCTGGCGCCGGCTGGGCAACATGCTTCGGCATGGCGAATGGGACTTTTTTGATAGTGGCAGCCGCCAGCGTCAATATTGAGGGGCGCAAATCCTCAGGAGACTCTAGCTGCCTCGGTCATTCAA,200
AsCas12f_002,AsCas12f,2,GAAACAAATTCATTTGAATGAAGGAATGCAAC,ATAAATATACTCTTAGAGAG,GGCCGGCATGGTCCCAGCCTCCTCGCTGGCGCCGGCTGGGCAACATGCTTCGGCATGGCGAATGGGACTTTTTT,TTCCTCCGGG,AAGAAA,CTCTCTAAGAGTATATTTAT,CAAA,TCGTC,AAT,ATTAAT,TAGCTGCCTCGGTCATTCAA,TTCCTCCGGGAAGAAACTCTCTAAGAGTATATTTATCAAATCGTCAATATTAAT,GAAACAAATTCATTTGAATGAAGGAATGCAACATAAATATACTCTTAGAGAGGGCCGGCATGGTCCCAGCCTCCTCGCTGGCGCCGGCTGGGCAACATGCTTCGGCATGGCGAATGGGACTTTTTTTTCCTCCGGGAAGAAACTCTCTAAGAGTATATTTATCAAATCGTCAATATTAATTAGCTGCCTCGGTCATTCAA,200
AsCas12f_003,AsCas12f,3,GAAACAAATTCATTTGAATGAAGGAATGCAAC,ACATACGTCTCTTACAGACT,GGCCGGCATGGTCCCAGCCTCCTCGCTGGCGCCGGCTGGGCAACATGCTTCGGCATGGCGAATGGGACTTTTTT,GGTTATCCTT,AGTCAA,AGTCTGTAAGAGACGTATGT,TAAA,CCGCT,CAG,CTAGGT,TAGCTGCCTCGGTCATTCAA,GGTTATCCTTAGTCAAAGTCTGTAAGAGACGTATGTTAAACCGCTCAGCTAGGT,GAAACAAATTCATTTGAATGAAGGAATGCAACACATACGTCTCTTACAGACTGGCCGGCATGGTCCCAGCCTCCTCGCTGGCGCCGGCTGGGCAACATGCTTCGGCATGGCGAATGGGACTTTTTTGGTTATCCTTAGTCAAAGTCTGTAAGAGACGTATGTTAAACCGCTCAGCTAGGTTAGCTGCCTCGGTCATTCAA,200
AsCas12f_004,AsCas12f,4,GAAACAAATTCATTTGAATGAAGGAATGCAAC,AACTCTGTTCCCACGTCTAA,GGCCGGCATGGTCCCAGCCTCCTCGCTGGCGCCGGCTGGGCAACATGCTTCGGCATGGCGAATGGGACTTTTTT,GGACCCGCAT,GCTGCT,TTAGACGTGGGAACAGAGTT,CAAA,CAGGT,AAG,GGAAAC,TAGCTGCCTCGGTCATTCAA,GGACCCGCATGCTGCTTTAGACGTGGGAACAGAGTTCAAACAGGTAAGGGAAAC,GAAACAAATTCATTTGAATGAAGGAATGCAACAACTCTGTTCCCACGTCTAAGGCCGGCATGGTCCCAGCCTCCTCGCTGGCGCCGGCTGGGCAACATGCTTCGGCATGGCGAATGGGACTTTTTTGGACCCGCATGCTGCTTTAGACGTGGGAACAGAGTTCAAACAGGTAAGGGAAACTAGCTGCCTCGGTCATTCAA,200
AsCas12f_005,AsCas12f,5,GAAACAAATTCATTTGAATGAAGGAATGCAAC,AAAGTTCGCCCGAACCAGGG,GGCCGGCATGGTCCCAGCCTCCTCGCTGGCGCCGGCTGGGCAACATGCTTCGGCATGGCGAATGGGACTTTTTT,CCCGCTATAC,TGTCCG,CCCTGGTTCGGGCGAACTTT,CAAA,ATATG,ACC,CGCTCT,TAGCTGCCTCGGTCATTCAA,CCCGCTATACTGTCCGCCCTGGTTCGGGCGAACTTTCAAAATATGACCCGCTCT,GAAACAAATTCATTTGAATGAAGGAATGCAACAAAGTTCGCCCGAACCAGGGGGCCGGCATGGTCCCAGCCTCCTCGCTGGCGCCGGCTGGGCAACATGCTTCGGCATGGCGAATGGGACTTTTTTCCCGCTATACTGTCCGCCCTGGTTCGGGCGAACTTTCAAAATATGACCCGCTCTTAGCTGCCTCGGTCATTCAA,200
AsCas12f_006,AsCas12f,6,GAAACAAATTCATTTGAATGAAGGAATGCAAC,CGTCGGAAGCCCATGGTTGC,GGCCGGCATGGTCCCAGCCTCCTCGCTGGCGCCGGCTGGGCAACATGCTTCGGCATGGCGAATGGGACTTTTTT,AGAGGCCACA,AATACT,GCAACCATGGGCTTCCGACG,CAAA,ACTCC,TCC,GCGAAT,TAGCTGCCTCGGTCATTCAA,AGAGGCCACAAATACTGCAACCATGGGCTTCCGACGCAAAACTCCTCCGCGAAT,GAAACAAATTCATTTGAATGAAGGAATGCAACCGTCGGAAGCCCATGGTTGCGGCCGGCATGGTCCCAGCCTCCTCGCTGGCGCCGGCTGGGCAACATGCTTCGGCATGGCGAATGGGACTTTTTTAGAGGCCACAAATACTGCAACCATGGGCTTCCGACGCAAAACTCCTCCGCGAATTAGCTGCCTCGGTCATTCAA,200
AsCas12f_007,AsCas12f,7,GAAACAAATTCATTTGAATGAAGGAATGCAAC,ACTGGACTAGCCATATGGGC,GGCCGGCATGGTCCCAGCCTCCTCGCTGGCGCCGGCTGGGCAACATGCTTCGGCATGGCGAATGGGACTTTTTT,CGTGCGAGCA,CACGTC,GCCCATATGGCTAGTCCAGT,TAAA,AGGCC,ACT,GAGTCA,TAGCTGCCTCGGTCATTCAA,CGTGCGAGCACACGTCGCCCATATGGCTAGTCCAGTTAAAAGGCCACTGAGTCA,GAAACAAATTCATTTGAATGAAGGAATGCAACACTGGACTAGCCATATGGGCGGCCGGCATGGTCCCAGCCTCCTCGCTGGCGCCGGCTGGGCAACATGCTTCGGCATGGCGAATGGGACTTTTTTCGTGCGAGCACACGTCGCCCATATGGCTAGTCCAGTTAAAAGGCCACTGAGTCATAGCTGCCTCGGTCATTCAA,200
AsCas12f_008,AsCas12f,8,GAAACAAATTCATTTGAATGAAGGAATGCAAC,TCAACCGCTATGCGCACGCC,GGCCGGCATGGTCCCAGCCTCCTCGCTGGCGCCGGCTGGGCAACATGCTTCGGCATGGCGAATGGGACTTTTTT,ACCTCTAGTA,ACATGT,GGCGTGCGCATAGCGGTTGA,TAAA,CGGGG,CCA,GAAAGG,TAGCTGCCTCGGTCATTCAA,ACCTCTAGTAACATGTGGCGTGCGCATAGCGGTTGATAAACGGGGCCAGAAAGG,GAAACAAATTCATTTGAATGAAGGAATGCAACTCAACCGCTATGCGCACGCCGGCCGGCATGGTCCCAGCCTCCTCGCTGGCGCCGGCTGGGCAACATGCTTCGGCATGGCGAATGGGACTTTTTTACCTCTAGTAACATGTGGCGTGCGCATAGCGGTTGATAAACGGGGCCAGAAAGGTAGCTGCCTCGGTCATTCAA,200
AsCas12f_009,AsCas12f,9,GAAACAAATTCATTTGAATGAAGGAATGCAAC,GCTGTTGGAGGGCTACATTG,GGCCGGCATGGTCCCAGCCTCCTCGCTGGCGCCGGCTGGGCAACATGCTTCGGCATGGCGAATGGGACTTTTTT,CGTCCACCTG,TCTCTC,CAATGTAGCCCTCCAACAGC,CAAA,CTTGT,AGC,GACAGG,TAGCTGCCTCGGTCATTCAA,CGTCCACCTGTCTCTCCAATGTAGCCCTCCAACAGCCAAACTTGTAGCGACAGG,GAAACAAATTCATTTGAATGAAGGAATGCAACGCTGTTGGAGGGCTACATTGGGCCGGCATGGTCCCAGCCTCCTCGCTGGCGCCGGCTGGGCAACATGCTTCGGCATGGCGAATGGGACTTTTTTCGTCCACCTGTCTCTCCAATGTAGCCCTCCAACAGCCAAACTTGTAGCGACAGGTAGCTGCCTCGGTCATTCAA,200
AsCas12f_010,AsCas12f,10,GAAACAAATTCATTTGAATGAAGGAATGCAAC,TGTATCGCACTACTTCCGAG,GGCCGGCATGGTCCCAGCCTCCTCGCTGGCGCCGGCTGGGCAACATGCTTCGGCATGGCGAATGGGACTTTTTT,CTATGGTAGA,TCCCTT,CTCGGAAGTAGTGCGATACA,CAAA,GACGG,TCC,GAGACT,TAGCTGCCTCGGTCATTCAA,CTATGGTAGATCCCTTCTCGGAAGTAGTGCGATACACAAAGACGGTCCGAGACT,GAAACAAATTCATTTGAATGAAGGAATGCAACTGTATCGCACTACTTCCGAGGGCCGGCATGGTCCCAGCCTCCTCGCTGGCGCCGGCTGGGCAACATGCTTCGGCATGGCGAATGGGACTTTTTTCTATGGTAGATCCCTTCTCGGAAGTAGTGCGATACACAAAGACGGTCCGAGACTTAGCTGCCTCGGTCATTCAA,200
AsCas12f_011,AsCas12f,11,GAAACAAATTCATTTGAATGAAGGAATGCAAC,TGTGTTGATGATCCGGAGGA,GGCCGGCATGGTCCCAGCCTCCTCGCTGGCGCCGGCTGGGCAACATGCTTCGGCATGGCGAATGGGACTTTTTT,GCTTCGTGCC,GGGAAA,TCCTCCGGATCATCAACACA,CAAA,TGAAA,GGT,CGGCAC,TAGCTGCCTCGGTCATTCAA,GCTTCGTGCCGGGAAATCCTCCGGATCATCAACACACAAATGAAAGGTCGGCAC,GAAACAAATTCATTTGAATGAAGGAATGCAACTGTGTTGATGATCCGGAGGAGGCCGGCATGGTCCCAGCCTCCTCGCTGGCGCCGGCTGGGCAACATGCTTCGGCATGGCGAATGGGACTTTTTTGCTTCGTGCCGGGAAATCCTCCGGATCATCAACACACAAATGAAAGGTCGGCACTAGCTGCCTCGGTCATTCAA,200
AsCas12f_012,AsCas12f,12,GAAACAAATTCATTTGAATGAAGGAATGCAAC,CCAAAATACATCTTTCTAAT,GGCCGGCATGGTCCCAGCCTCCTCGCTGGCGCCGGCTGGGCAACATGCTTCGGCATGGCGAATGGGACTTTTTT,CTGAAAATTA,AGTTGC,ATTAGAAAGATGTATTTTGG,TAAA,GAACG,GCT,TCTGAA,TAGCTGCCTCGGTCATTCAA,CTGAAAATTAAGTTGCATTAGAAAGATGTATTTTGGTAAAGAACGGCTTCTGAA,GAAACAAATTCATTTGAATGAAGGAATGCAACCCAAAATACATCTTTCTAATGGCCGGCATGGTCCCAGCCTCCTCGCTGGCGCCGGCTGGGCAACATGCTTCGGCATGGCGAATGGGACTTTTTTCTGAAAATTAAGTTGCATTAGAAAGATGTATTTTGGTAAAGAACGGCTTCTGAATAGCTGCCTCGGTCATTCAA,200
AsCas12f_013,AsCas12f,13,GAAACAAATTCATTTGAATGAAGGAATGCAAC,AAGGAATAATAGTGTTCTGC,GGCCGGCATGGTCCCAGCCTCCTCGCTGGCGCCGGCTGGGCAACATGCTTCGGCATGGCGAATGGGACTTTTTT,CGTTGAGTAT,CTGGCT,GCAGAACACTATTATTCCTT,TAAA,GTAAG,CTG,GAATTG,TAGCTGCCTCGGTCATTCAA,CGTTGAGTATCTGGCTGCAGAACACTATTATTCCTTTAAAGTAAGCTGGAATTG,GAAACAAATTCATTTGAATGAAGGAATGCAACAAGGAATAATAGTGTTCTGCGGCCGGCATGGTCCCAGCCTCCTCGCTGGCGCCGGCTGGGCAACATGCTTCGGCATGGCGAATGGGACTTTTTTCGTTGAGTATCTGGCTGCAGAACACTATTATTCCTTTAAAGTAAGCTGGAATTGTAGCTGCCTCGGTCATTCAA,200
AsCas12f_014,AsCas12f,14,GAAACAAATTCATTTGAATGAAGGAATGCAAC,TTACTCCTATGAGGGGTGGA,GGCCGGCATGGTCCCAGCCTCCTCGCTGGCGCCGGCTGGGCAACATGCTTCGGCATGGCGAATGGGACTTTTTT,TATGGGGGCA,GCCATG,TCCACCCCTCATAGGAGTAA,TAAA,ACTAT,ACT,CTGGCA,TAGCTGCCTCGGTCATTCAA,TATGGGGGCAGCCATGTCCACCCCTCATAGGAGTAATAAAACTATACTCTGGCA,GAAACAAATTCATTTGAATGAAGGAATGCAACTTACTCCTATGAGGGGTGGAGGCCGGCATGGTCCCAGCCTCCTCGCTGGCGCCGGCTGGGCAACATGCTTCGGCATGGCGAATGGGACTTTTTTTATGGGGGCAGCCATGTCCACCCCTCATAGGAGTAATAAAACTATACTCTGGCATAGCTGCCTCGGTCATTCAA,200
AsCas12f_015,AsCas12f,15,GAAACAAATTCATTTGAATGAAGGAATGCAAC,TGCAAATGCCCGACAAACCA,GGCCGGCATGGTCCCAGCCTCCTCGCTGGCGCCGGCTGGGCAACATGCTTCGGCATGGCGAATGGGACTTTTTT,CAGATCGAGC,TGCCCG,TGGTTTGTCGGGCATTTGCA,TAAA,CTATA,TTT,ATGCCA,TAGCTGCCTCGGTCATTCAA,CAGATCGAGCTGCCCGTGGTTTGTCGGGCATTTGCATAAACTATATTTATGCCA,GAAACAAATTCATTTGAATGAAGGAATGCAACTGCAAATGCCCGACAAACCAGGCCGGCATGGTCCCAGCCTCCTCGCTGGCGCCGGCTGGGCAACATGCTTCGGCATGGCGAATGGGACTTTTTTCAGATCGAGCTGCCCGTGGTTTGTCGGGCATTTGCATAAACTATATTTATGCCATAGCTGCCTCGGTCATTCAA,200
AsCas12f_016,AsCas12f,16,GAAACAAATTCATTTGAATGAAGGAATGCAAC,TGAAGATCATTAGTGAGCGA,GGCCGGCATGGTCCCAGCCTCCTCGCTGGCGCCGGCTGGGCAACATGCTTCGGCATGGCGAATGGGACTTTTTT,TTCATCAGGG,AAACGT,TCGCTCACTAATGATCTTCA,CAAA,ACAAT,GCT,GGGTGT,TAGCTGCCTCGGTCATTCAA,TTCATCAGGGAAACGTTCGCTCACTAATGATCTTCACAAAACAATGCTGGGTGT,GAAACAAATTCATTTGAATGAAGGAATGCAACTGAAGATCATTAGTGAGCGAGGCCGGCATGGTCCCAGCCTCCTCGCTGGCGCCGGCTGGGCAACATGCTTCGGCATGGCGAATGGGACTTTTTTTTCATCAGGGAAACGTTCGCTCACTAATGATCTTCACAAAACAATGCTGGGTGTTAGCTGCCTCGGTCATTCAA,200
AsCas12f_017,AsCas12f,17,GAAACAAATTCATTTGAATGAAGGAATGCAAC,ATTCGTACCCTCATGGCTTA,GGCCGGCATGGTCCCAGCCTCCTCGCTGGCGCCGGCTGGGCAACATGCTTCGGCATGGCGAATGGGACTTTTTT,CCTGGACATG,GCCGTC,TAAGCCATGAGGGTACGAAT,TAAA,GTGTT,CAC,GTCAGA,TAGCTGCCTCGGTCATTCAA,CCTGGACATGGCCGTCTAAGCCATGAGGGTACGAATTAAAGTGTTCACGTCAGA,GAAACAAATTCATTTGAATGAAGGAATGCAACATTCGTACCCTCATGGCTTAGGCCGGCATGGTCCCAGCCTCCTCGCTGGCGCCGGCTGGGCAACATGCTTCGGCATGGCGAATGGGACTTTTTTCCTGGACATGGCCGTCTAAGCCATGAGGGTACGAATTAAAGTGTTCACGTCAGATAGCTGCCTCGGTCATTCAA,200
AsCas12f_018,AsCas12f,18,GAAACAAATTCATTTGAATGAAGGAATGCAAC,GCTCTCGAGAATCCATCTTT,GGCCGGCATGGTCCCAGCCTCCTCGCTGGCGCCGGCTGGGCAACATGCTTCGGCATGGCGAATGGGACTTTTTT,TAAAGATAGA,GTACCA,AAAGATGGATTCTCGAGAGC,CAAA,ATGAT,GTG,ACGTCG,TAGCTGCCTCGGTCATTCAA,TAAAGATAGAGTACCAAAAGATGGATTCTCGAGAGCCAAAATGATGTGACGTCG,GAAACAAATTCATTTGAATGAAGGAATGCAACGCTCTCGAGAATCCATCTTTGGCCGGCATGGTCCCAGCCTCCTCGCTGGCGCCGGCTGGGCAACATGCTTCGGCATGGCGAATGGGACTTTTTTTAAAGATAGAGTACCAAAAGATGGATTCTCGAGAGCCAAAATGATGTGACGTCGTAGCTGCCTCGGTCATTCAA,200
AsCas12f_019,AsCas12f,19,GAAACAAATTCATTTGAATGAAGGAATGCAAC,GCAATATTAGTGAGTCCAGT,GGCCGGCATGGTCCCAGCCTCCTCGCTGGCGCCGGCTGGGCAACATGCTTCGGCATGGCGAATGGGACTTTTTT,TTTGGGGCGC,CCTGTA,ACTGGACTCACTAATATTGC,TAAA,AGCCC,AGA,ATTGCG,TAGCTGCCTCGGTCATTCAA,TTTGGGGCGCCCTGTAACTGGACTCACTAATATTGCTAAAAGCCCAGAATTGCG,GAAACAAATTCATTTGAATGAAGGAATGCAACGCAATATTAGTGAGTCCAGTGGCCGGCATGGTCCCAGCCTCCTCGCTGGCGCCGGCTGGGCAACATGCTTCGGCATGGCGAATGGGACTTTTTTTTTGGGGCGCCCTGTAACTGGACTCACTAATATTGCTAAAAGCCCAGAATTGCGTAGCTGCCTCGGTCATTCAA,200
AsCas12f_020,AsCas12f,20,GAAACAAATTCATTTGAATGAAGGAATGCAAC,GACACCACGTCGCTTGTTGT,GGCCGGCATGGTCCCAGCCTCCTCGCTGGCGCCGGCTGGGCAACATGCTTCGGCATGGCGAATGGGACTTTTTT,CCTCTCAGAC,CAGCGG,ACAACAAGCGACGTGGTGTC,CAAA,ATTGC,ATG,CTTCAC,TAGCTGCCTCGGTCATTCAA,CCTCTCAGACCAGCGGACAACAAGCGACGTGGTGTCCAAAATTGCATGCTTCAC,GAAACAAATTCATTTGAATGAAGGAATGCAACGACACCACGTCGCTTGTTGTGGCCGGCATGGTCCCAGCCTCCTCGCTGGCGCCGGCTGGGCAACATGCTTCGGCATGGCGAATGGGACTTTTTTCCTCTCAGACCAGCGGACAACAAGCGACGTGGTGTCCAAAATTGCATGCTTCACTAGCTGCCTCGGTCATTCAA,200
AsCas12f_021,AsCas12f,21,GAAACAAATTCATTTGAATGAAGGAATGCAAC,ATAATTGCACCGTAATGACT,GGCCGGCATGGTCCCAGCCTCCTCGCTGGCGCCGGCTGGGCAACATGCTTCGGCATGGCGAATGGGACTTTTTT,CTATACGCAA,GGCATA,AGTCATTACGGTGCAATTAT,CAAA,ACATA,ATG,CGGAGC,TAGCTGCCTCGGTCATTCAA,CTATACGCAAGGCATAAGTCATTACGGTGCAATTATCAAAACATAATGCGGAGC,GAAACAAATTCATTTGAATGAAGGAATGCAACATAATTGCACCGTAATGACTGGCCGGCATGGTCCCAGCCTCCTCGCTGGCGCCGGCTGGGCAACATGCTTCGGCATGGCGAATGGGACTTTTTTCTATACGCAAGGCATAAGTCATTACGGTGCAATTATCAAAACATAATGCGGAGCTAGCTGCCTCGGTCATTCAA,200
AsCas12f_022,AsCas12f,22,GAAACAAATTCATTTGAATGAAGGAATGCAAC,AAGCAGGAGGCGCTCAGTAA,GGCCGGCATGGTCCCAGCCTCCTCGCTGGCGCCGGCTGGGCAACATGCTTCGGCATGGCGAATGGGACTTTTTT,CCTATTCAAA,CTCGCT,TTACTGAGCGCCTCCTGCTT,CAAA,TTAAT,TGC,TAGCCT,TAGCTGCCTCGGTCATTCAA,CCTATTCAAACTCGCTTTACTGAGCGCCTCCTGCTTCAAATTAATTGCTAGCCT,GAAACAAATTCATTTGAATGAAGGAATGCAACAAGCAGGAGGCGCTCAGTAAGGCCGGCATGGTCCCAGCCTCCTCGCTGGCGCCGGCTGGGCAACATGCTTCGGCATGGCGAATGGGACTTTTTTCCTATTCAAACTCGCTTTACTGAGCGCCTCCTGCTTCAAATTAATTGCTAGCCTTAGCTGCCTCGGTCATTCAA,200
AsCas12f_023,AsCas12f,23,GAAACAAATTCATTTGAATGAAGGAATGCAAC,CTGTTCTCCGTCCCTGTGCC,GGCCGGCATGGTCCCAGCCTCCTCGCTGGCGCCGGCTGGGCAACATGCTTCGGCATGGCGAATGGGACTTTTTT,TAAAATTGAC,GCGACC,GGCACAGGGACGGAGAACAG,CAAA,CAAGA,GCA,GATGGA,TAGCTGCCTCGGTCATTCAA,TAAAATTGACGCGACCGGCACAGGGACGGAGAACAGCAAACAAGAGCAGATGGA,GAAACAAATTCATTTGAATGAAGGAATGCAACCTGTTCTCCGTCCCTGTGCCGGCCGGCATGGTCCCAGCCTCCTCGCTGGCGCCGGCTGGGCAACATGCTTCGGCATGGCGAATGGGACTTTTTTTAAAATTGACGCGACCGGCACAGGGACGGAGAACAGCAAACAAGAGCAGATGGATAGCTGCCTCGGTCATTCAA,200
AsCas12f_024,AsCas12f,24,GAAACAAATTCATTTGAATGAAGGAATGCAAC,TACCATGCACTAGTTAAGAC,GGCCGGCATGGTCCCAGCCTCCTCGCTGGCGCCGGCTGGGCAACATGCTTCGGCATGGCGAATGGGACTTTTTT,ACTTAACATC,CGGTAA,GTCTTAACTAGTGCATGGTA,TAAA,AAACC,GCA,GGACCG,TAGCTGCCTCGGTCATTCAA,ACTTAACATCCGGTAAGTCTTAACTAGTGCATGGTATAAAAAACCGCAGGACCG,GAAACAAATTCATTTGAATGAAGGAATGCAACTACCATGCACTAGTTAAGACGGCCGGCATGGTCCCAGCCTCCTCGCTGGCGCCGGCTGGGCAACATGCTTCGGCATGGCGAATGGGACTTTTTTACTTAACATCCGGTAAGTCTTAACTAGTGCATGGTATAAAAAACCGCAGGACCGTAGCTGCCTCGGTCATTCAA,200
AsCas12f_025,AsCas12f,25,GAAACAAATTCATTTGAATGAAGGAATGCAAC,GGTTATCAGGGCCTTGTCGG,GGCCGGCATGGTCCCAGCCTCCTCGCTGGCGCCGGCTGGGCAACATGCTTCGGCATGGCGAATGGGACTTTTTT,ACATGAAATG,GATACC,CCGACAAGGCCCTGATAACC,TAAA,GCGGC,TCT,GCTAAG,TAGCTGCCTCGGTCATTCAA,ACATGAAATGGATACCCCGACAAGGCCCTGATAACCTAAAGCGGCTCTGCTAAG,GAAACAAATTCATTTGAATGAAGGAATGCAACGGTTATCAGGGCCTTGTCGGGGCCGGCATGGTCCCAGCCTCCTCGCTGGCGCCGGCTGGGCAACATGCTTCGGCATGGCGAATGGGACTTTTTTACATGAAATGGATACCCCGACAAGGCCCTGATAACCTAAAGCGGCTCTGCTAAGTAGCTGCCTCGGTCATTCAA,200
AsCas12f_026,AsCas12f,26,GAAACAAATTCATTTGAATGAAGGAATGCAAC,CACAAATCTAATCCCCTCGA,GGCCGGCATGGTCCCAGCCTCCTCGCTGGCGCCGGCTGGGCAACATGCTTCGGCATGGCGAATGGGACTTTTTT,CGCACCCCCA,GCGGGG,TCGAGGGGATTAGATTTGTG,CAAA,GTCCT,GAT,GGATGG,TAGCTGCCTCGGTCATTCAA,CGCACCCCCAGCGGGGTCGAGGGGATTAGATTTGTGCAAAGTCCTGATGGATGG,GAAACAAATTCATTTGAATGAAGGAATGCAACCACAAATCTAATCCCCTCGAGGCCGGCATGGTCCCAGCCTCCTCGCTGGCGCCGGCTGGGCAACATGCTTCGGCATGGCGAATGGGACTTTTTTCGCACCCCCAGCGGGGTCGAGGGGATTAGATTTGTGCAAAGTCCTGATGGATGGTAGCTGCCTCGGTCATTCAA,200
AsCas12f_027,AsCas12f,27,GAAACAAATTCATTTGAATGAAGGAATGCAAC,GAACTGCGGCCCTACCTAGA,GGCCGGCATGGTCCCAGCCTCCTCGCTGGCGCCGGCTGGGCAACATGCTTCGGCATGGCGAATGGGACTTTTTT,TGGAGCTTCC,CAGGAC,TCTAGGTAGGGCCGCAGTTC,CAAA,TATCA,AAT,GGGTAG,TAGCTGCCTCGGTCATTCAA,TGGAGCTTCCCAGGACTCTAGGTAGGGCCGCAGTTCCAAATATCAAATGGGTAG,GAAACAAATTCATTTGAATGAAGGAATGCAACGAACTGCGGCCCTACCTAGAGGCCGGCATGGTCCCAGCCTCCTCGCTGGCGCCGGCTGGGCAACATGCTTCGGCATGGCGAATGGGACTTTTTTTGGAGCTTCCCAGGACTCTAGGTAGGGCCGCAGTTCCAAATATCAAATGGGTAGTAGCTGCCTCGGTCATTCAA,200
AsCas12f_028,AsCas12f,28,GAAACAAATTCATTTGAATGAAGGAATGCAAC,GTGCACATGCTCGTCGAGGA,GGCCGGCATGGTCCCAGCCTCCTCGCTGGCGCCGGCTGGGCAACATGCTTCGGCATGGCGAATGGGACTTTTTT,CGAGTGGAAA,CTGGGC,TCCTCGACGAGCATGTGCAC,CAAA,GTGTA,CCG,GCGTAT,TAGCTGCCTCGGTCATTCAA,CGAGTGGAAACTGGGCTCCTCGACGAGCATGTGCACCAAAGTGTACCGGCGTAT,GAAACAAATTCATTTGAATGAAGGAATGCAACGTGCACATGCTCGTCGAGGAGGCCGGCATGGTCCCAGCCTCCTCGCTGGCGCCGGCTGGGCAACATGCTTCGGCATGGCGAATGGGACTTTTTTCGAGTGGAAACTGGGCTCCTCGACGAGCATGTGCACCAAAGTGTACCGGCGTATTAGCTGCCTCGGTCATTCAA,200
AsCas12f_029,AsCas12f,29,GAAACAAATTCATTTGAATGAAGGAATGCAAC,ACTAACACAGGCTGTCTCGA,GGCCGGCATGGTCCCAGCCTCCTCGCTGGCGCCGGCTGGGCAACATGCTTCGGCATGGCGAATGGGACTTTTTT,GCCCACTGTT,CACGCA,TCGAGACAGCCTGTGTTAGT,TAAA,ACGAT,CTT,TAATAG,TAGCTGCCTCGGTCATTCAA,GCCCACTGTTCACGCATCGAGACAGCCTGTGTTAGTTAAAACGATCTTTAATAG,GAAACAAATTCATTTGAATGAAGGAATGCAACACTAACACAGGCTGTCTCGAGGCCGGCATGGTCCCAGCCTCCTCGCTGGCGCCGGCTGGGCAACATGCTTCGGCATGGCGAATGGGACTTTTTTGCCCACTGTTCACGCATCGAGACAGCCTGTGTTAGTTAAAACGATCTTTAATAGTAGCTGCCTCGGTCATTCAA,200
AsCas12f_030,AsCas12f,30,GAAACAAATTCATTTGAATGAAGGAATGCAAC,AATAATAAGTTTCGTTGAGA,GGCCGGCATGGTCCCAGCCTCCTCGCTGGCGCCGGCTGGGCAACATGCTTCGGCATGGCGAATGGGACTTTTTT,AGGCGGTTCA,TCTACG,TCTCAACGAAACTTATTATT,CAAA,CCAAG,CTG,CGAGAC,TAGCTGCCTCGGTCATTCAA,AGGCGGTTCATCTACGTCTCAACGAAACTTATTATTCAAACCAAGCTGCGAGAC,GAAACAAATTCATTTGAATGAAGGAATGCAACAATAATAAGTTTCGTTGAGAGGCCGGCATGGTCCCAGCCTCCTCGCTGGCGCCGGCTGGGCAACATGCTTCGGCATGGCGAATGGGACTTTTTTAGGCGGTTCATCTACGTCTCAACGAAACTTATTATTCAAACCAAGCTGCGAGACTAGCTGCCTCGGTCATTCAA,200
AsCas12f_031,AsCas12f,31,GAAACAAATTCATTTGAATGAAGGAATGCAAC,ACGGATTAGAGGCCCGCTGT,GGCCGGCATGGTCCCAGCCTCCTCGCTGGCGCCGGCTGGGCAACATGCTTCGGCATGGCGAATGGGACTTTTTT,TCGTCATACA,TTTGCA,ACAGCGGGCCTCTAATCCGT,TAAA,GTAAC,ACT,GACTGT,TAGCTGCCTCGGTCATTCAA,TCGTCATACATTTGCAACAGCGGGCCTCTAATCCGTTAAAGTAACACTGACTGT,GAAACAAATTCATTTGAATGAAGGAATGCAACACGGATTAGAGGCCCGCTGTGGCCGGCATGGTCCCAGCCTCCTCGCTGGCGCCGGCTGGGCAACATGCTTCGGCATGGCGAATGGGACTTTTTTTCGTCATACATTTGCAACAGCGGGCCTCTAATCCGTTAAAGTAACACTGACTGTTAGCTGCCTCGGTCATTCAA,200
AsCas12f_032,AsCas12f,32,GAAACAAATTCATTTGAATGAAGGAATGCAAC,CGGAAAGCTGTGACCAATGG,GGCCGGCATGGTCCCAGCCTCCTCGCTGGCGCCGGCTGGGCAACATGCTTCGGCATGGCGAATGGGACTTTTTT,CCTTGCGTGT,TTTATG,CCATTGGTCACAGCTTTCCG,CAAA,CGAAC,CTA,CTATCG,TAGCTGCCTCGGTCATTCAA,CCTTGCGTGTTTTATGCCATTGGTCACAGCTTTCCGCAAACGAACCTACTATCG,GAAACAAATTCATTTGAATGAAGGAATGCAACCGGAAAGCTGTGACCAATGGGGCCGGCATGGTCCCAGCCTCCTCGCTGGCGCCGGCTGGGCAACATGCTTCGGCATGGCGAATGGGACTTTTTTCCTTGCGTGTTTTATGCCATTGGTCACAGCTTTCCGCAAACGAACCTACTATCGTAGCTGCCTCGGTCATTCAA,200
AsCas12f_033,AsCas12f,33,GAAACAAATTCATTTGAATGAAGGAATGCAAC,TCACTTTAAAACAGGTTCGA,GGCCGGCATGGTCCCAGCCTCCTCGCTGGCGCCGGCTGGGCAACATGCTTCGGCATGGCGAATGGGACTTTTTT,GTTGGGACGG,AGCACG,TCGAACCTGTTTTAAAGTGA,TAAA,CCCTC,CTA,CTTAGG,TAGCTGCCTCGGTCATTCAA,GTTGGGACGGAGCACGTCGAACCTGTTTTAAAGTGATAAACCCTCCTACTTAGG,GAAACAAATTCATTTGAATGAAGGAATGCAACTCACTTTAAAACAGGTTCGAGGCCGGCATGGTCCCAGCCTCCTCGCTGGCGCCGGCTGGGCAACATGCTTCGGCATGGCGAATGGGACTTTTTTGTTGGGACGGAGCACGTCGAACCTGTTTTAAAGTGATAAACCCTCCTACTTAGGTAGCTGCCTCGGTCATTCAA,200
AsCas12f_034,AsCas12f,34,GAAACAAATTCATTTGAATGAAGGAATGCAAC,TAGCCGGGGCGAATTTACAT,GGCCGGCATGGTCCCAGCCTCCTCGCTGGCGCCGGCTGGGCAACATGCTTCGGCATGGCGAATGGGACTTTTTT,GCCCACGTAT,ATGGGT,ATGTAAATTCGCCCCGGCTA,CAAA,TTAAC,TTG,CACTGT,TAGCTGCCTCGGTCATTCAA,GCCCACGTATATGGGTATGTAAATTCGCCCCGGCTACAAATTAACTTGCACTGT,GAAACAAATTCATTTGAATGAAGGAATGCAACTAGCCGGGGCGAATTTACATGGCCGGCATGGTCCCAGCCTCCTCGCTGGCGCCGGCTGGGCAACATGCTTCGGCATGGCGAATGGGACTTTTTTGCCCACGTATATGGGTATGTAAATTCGCCCCGGCTACAAATTAACTTGCACTGTTAGCTGCCTCGGTCATTCAA,200
AsCas12f_035,AsCas12f,35,GAAACAAATTCATTTGAATGAAGGAATGCAAC,ATCAAGGGGTTCGATCCGAG,GGCCGGCATGGTCCCAGCCTCCTCGCTGGCGCCGGCTGGGCAACATGCTTCGGCATGGCGAATGGGACTTTTTT,CCTGCTCTTA,ACAACC,CTCGGATCGAACCCCTTGAT,TAAA,CTGAT,TGT,CAACGC,TAGCTGCCTCGGTCATTCAA,CCTGCTCTTAACAACCCTCGGATCGAACCCCTTGATTAAACTGATTGTCAACGC,GAAACAAATTCATTTGAATGAAGGAATGCAACATCAAGGGGTTCGATCCGAGGGCCGGCATGGTCCCAGCCTCCTCGCTGGCGCCGGCTGGGCAACATGCTTCGGCATGGCGAATGGGACTTTTTTCCTGCTCTTAACAACCCTCGGATCGAACCCCTTGATTAAACTGATTGTCAACGCTAGCTGCCTCGGTCATTCAA,200
AsCas12f_036,AsCas12f,36,GAAACAAATTCATTTGAATGAAGGAATGCAAC,TAGCGTCCTCGAGCACCCTA,GGCCGGCATGGTCCCAGCCTCCTCGCTGGCGCCGGCTGGGCAACATGCTTCGGCATGGCGAATGGGACTTTTTT,CCACCGAGTT,AGTACC,TAGGGTGCTCGAGGACGCTA,TAAA,AGCCA,CAT,AACACA,TAGCTGCCTCGGTCATTCAA,CCACCGAGTTAGTACCTAGGGTGCTCGAGGACGCTATAAAAGCCACATAACACA,GAAACAAATTCATTTGAATGAAGGAATGCAACTAGCGTCCTCGAGCACCCTAGGCCGGCATGGTCCCAGCCTCCTCGCTGGCGCCGGCTGGGCAACATGCTTCGGCATGGCGAATGGGACTTTTTTCCACCGAGTTAGTACCTAGGGTGCTCGAGGACGCTATAAAAGCCACATAACACATAGCTGCCTCGGTCATTCAA,200
AsCas12f_037,AsCas12f,37,GAAACAAATTCATTTGAATGAAGGAATGCAAC,TCTAGTCAAGACCCGCAGGT,GGCCGGCATGGTCCCAGCCTCCTCGCTGGCGCCGGCTGGGCAACATGCTTCGGCATGGCGAATGGGACTTTTTT,TCGTTCGAAA,CGGAGT,ACCTGCGGGTCTTGACTAGA,CAAA,TGATG,TCG,AGTCAG,TAGCTGCCTCGGTCATTCAA,TCGTTCGAAACGGAGTACCTGCGGGTCTTGACTAGACAAATGATGTCGAGTCAG,GAAACAAATTCATTTGAATGAAGGAATGCAACTCTAGTCAAGACCCGCAGGTGGCCGGCATGGTCCCAGCCTCCTCGCTGGCGCCGGCTGGGCAACATGCTTCGGCATGGCGAATGGGACTTTTTTTCGTTCGAAACGGAGTACCTGCGGGTCTTGACTAGACAAATGATGTCGAGTCAGTAGCTGCCTCGGTCATTCAA,200
AsCas12f_038,AsCas12f,38,GAAACAAATTCATTTGAATGAAGGAATGCAAC,AGACCAATTCGGCTCTCAGT,GGCCGGCATGGTCCCAGCCTCCTCGCTGGCGCCGGCTGGGCAACATGCTTCGGCATGGCGAATGGGACTTTTTT,CATGTATTAT,AAGCCT,ACTGAGAGCCGAATTGGTCT,TAAA,CAGCC,ACC,CCAGAC,TAGCTGCCTCGGTCATTCAA,CATGTATTATAAGCCTACTGAGAGCCGAATTGGTCTTAAACAGCCACCCCAGAC,GAAACAAATTCATTTGAATGAAGGAATGCAACAGACCAATTCGGCTCTCAGTGGCCGGCATGGTCCCAGCCTCCTCGCTGGCGCCGGCTGGGCAACATGCTTCGGCATGGCGAATGGGACTTTTTTCATGTATTATAAGCCTACTGAGAGCCGAATTGGTCTTAAACAGCCACCCCAGACTAGCTGCCTCGGTCATTCAA,200
AsCas12f_039,AsCas12f,39,GAAACAAATTCATTTGAATGAAGGAATGCAAC,CCCATGGTAGAAGAGCAGCT,GGCCGGCATGGTCCCAGCCTCCTCGCTGGCGCCGGCTGGGCAACATGCTTCGGCATGGCGAATGGGACTTTTTT,AAAGAACAGA,CATAGA,AGCTGCTCTTCTACCATGGG,TAAA,AGAGA,TTG,GGAAAG,TAGCTGCCTCGGTCATTCAA,AAAGAACAGACATAGAAGCTGCTCTTCTACCATGGGTAAAAGAGATTGGGAAAG,GAAACAAATTCATTTGAATGAAGGAATGCAACCCCATGGTAGAAGAGCAGCTGGCCGGCATGGTCCCAGCCTCCTCGCTGGCGCCGGCTGGGCAACATGCTTCGGCATGGCGAATGGGACTTTTTTAAAGAACAGACATAGAAGCTGCTCTTCTACCATGGGTAAAAGAGATTGGGAAAGTAGCTGCCTCGGTCATTCAA,200
AsCas12f_040,AsCas12f,40,GAAACAAATTCATTTGAATGAAGGAATGCAAC,AGGAGTTGCTAAATTTCTAT,GGCCGGCATGGTCCCAGCCTCCTCGCTGGCGCCGGCTGGGCAACATGCTTCGGCATGGCGAATGGGACTTTTTT,CGTCTAGTGC,CACAGC,ATAGAAATTTAGCAACTCCT,TAAA,TGCAA,CCG,ATGGTG,TAGCTGCCTCGGTCATTCAA,CGTCTAGTGCCACAGCATAGAAATTTAGCAACTCCTTAAATGCAACCGATGGTG,GAAACAAATTCATTTGAATGAAGGAATGCAACAGGAGTTGCTAAATTTCTATGGCCGGCATGGTCCCAGCCTCCTCGCTGGCGCCGGCTGGGCAACATGCTTCGGCATGGCGAATGGGACTTTTTTCGTCTAGTGCCACAGCATAGAAATTTAGCAACTCCTTAAATGCAACCGATGGTGTAGCTGCCTCGGTCATTCAA,200
AsCas12f_041,AsCas12f,41,GAAACAAATTCATTTGAATGAAGGAATGCAAC,TATCTTCTACTTGACTAGGA,GGCCGGCATGGTCCCAGCCTCCTCGCTGGCGCCGGCTGGGCAACATGCTTCGGCATGGCGAATGGGACTTTTTT,AGCTCGTCCG,TGAAAT,TCCTAGTCAAGTAGAAGATA,CAAA,CTGGA,CAT,GGTTTT,TAGCTGCCTCGGTCATTCAA,AGCTCGTCCGTGAAATTCCTAGTCAAGTAGAAGATACAAACTGGACATGGTTTT,GAAACAAATTCATTTGAATGAAGGAATGCAACTATCTTCTACTTGACTAGGAGGCCGGCATGGTCCCAGCCTCCTCGCTGGCGCCGGCTGGGCAACATGCTTCGGCATGGCGAATGGGACTTTTTTAGCTCGTCCGTGAAATTCCTAGTCAAGTAGAAGATACAAACTGGACATGGTTTTTAGCTGCCTCGGTCATTCAA,200
AsCas12f_042,AsCas12f,42,GAAACAAATTCATTTGAATGAAGGAATGCAAC,CAGAACATGACAGGTATGAT,GGCCGGCATGGTCCCAGCCTCCTCGCTGGCGCCGGCTGGGCAACATGCTTCGGCATGGCGAATGGGACTTTTTT,AGAGTCGAAA,CAGAAT,ATCATACCTGTCATGTTCTG,TAAA,TCTAG,AGG,CAGGCC,TAGCTGCCTCGGTCATTCAA,AGAGTCGAAACAGAATATCATACCTGTCATGTTCTGTAAATCTAGAGGCAGGCC,GAAACAAATTCATTTGAATGAAGGAATGCAACCAGAACATGACAGGTATGATGGCCGGCATGGTCCCAGCCTCCTCGCTGGCGCCGGCTGGGCAACATGCTTCGGCATGGCGAATGGGACTTTTTTAGAGTCGAAACAGAATATCATACCTGTCATGTTCTGTAAATCTAGAGGCAGGCCTAGCTGCCTCGGTCATTCAA,200
AsCas12f_043,AsCas12f,43,GAAACAAATTCATTTGAATGAAGGAATGCAAC,ACACAAAGGGGCCCTTCTGC,GGCCGGCATGGTCCCAGCCTCCTCGCTGGCGCCGGCTGGGCAACATGCTTCGGCATGGCGAATGGGACTTTTTT,CGCAAGTCAG,GCAGTC,GCAGAAGGGCCCCTTTGTGT,CAAA,GTTCC,TAC,TAGCTC,TAGCTGCCTCGGTCATTCAA,CGCAAGTCAGGCAGTCGCAGAAGGGCCCCTTTGTGTCAAAGTTCCTACTAGCTC,GAAACAAATTCATTTGAATGAAGGAATGCAACACACAAAGGGGCCCTTCTGCGGCCGGCATGGTCCCAGCCTCCTCGCTGGCGCCGGCTGGGCAACATGCTTCGGCATGGCGAATGGGACTTTTTTCGCAAGTCAGGCAGTCGCAGAAGGGCCCCTTTGTGTCAAAGTTCCTACTAGCTCTAGCTGCCTCGGTCATTCAA,200
AsCas12f_044,AsCas12f,44,GAAACAAATTCATTTGAATGAAGGAATGCAAC,GTCTTCCGAAGCCTCCGTAA,GGCCGGCATGGTCCCAGCCTCCTCGCTGGCGCCGGCTGGGCAACATGCTTCGGCATGGCGAATGGGACTTTTTT,ATTAACGTTG,CCGGTC,TTACGGAGGCTTCGGAAGAC,CAAA,CCAGT,TCA,TCAAGT,TAGCTGCCTCGGTCATTCAA,ATTAACGTTGCCGGTCTTACGGAGGCTTCGGAAGACCAAACCAGTTCATCAAGT,GAAACAAATTCATTTGAATGAAGGAATGCAACGTCTTCCGAAGCCTCCGTAAGGCCGGCATGGTCCCAGCCTCCTCGCTGGCGCCGGCTGGGCAACATGCTTCGGCATGGCGAATGGGACTTTTTTATTAACGTTGCCGGTCTTACGGAGGCTTCGGAAGACCAAACCAGTTCATCAAGTTAGCTGCCTCGGTCATTCAA,200
AsCas12f_045,AsCas12f,45,GAAACAAATTCATTTGAATGAAGGAATGCAAC,CGATGACAAAATCCACGCTA,GGCCGGCATGGTCCCAGCCTCCTCGCTGGCGCCGGCTGGGCAACATGCTTCGGCATGGCGAATGGGACTTTTTT,TCTTTTATCT,TGCCTT,TAGCGTGGATTTTGTCATCG,TAAA,TTAGA,GCC,GGGGTT,TAGCTGCCTCGGTCATTCAA,TCTTTTATCTTGCCTTTAGCGTGGATTTTGTCATCGTAAATTAGAGCCGGGGTT,GAAACAAATTCATTTGAATGAAGGAATGCAACCGATGACAAAATCCACGCTAGGCCGGCATGGTCCCAGCCTCCTCGCTGGCGCCGGCTGGGCAACATGCTTCGGCATGGCGAATGGGACTTTTTTTCTTTTATCTTGCCTTTAGCGTGGATTTTGTCATCGTAAATTAGAGCCGGGGTTTAGCTGCCTCGGTCATTCAA,200
AsCas12f_046,AsCas12f,46,GAAACAAATTCATTTGAATGAAGGAATGCAAC,TCGACCGTGCCGACTCCAGA,GGCCGGCATGGTCCCAGCCTCCTCGCTGGCGCCGGCTGGGCAACATGCTTCGGCATGGCGAATGGGACTTTTTT,CGGGTACAAG,CCCTGG,TCTGGAGTCGGCACGGTCGA,TAAA,TCGAA,TTC,CTGATT,TAGCTGCCTCGGTCATTCAA,CGGGTACAAGCCCTGGTCTGGAGTCGGCACGGTCGATAAATCGAATTCCTGATT,GAAACAAATTCATTTGAATGAAGGAATGCAACTCGACCGTGCCGACTCCAGAGGCCGGCATGGTCCCAGCCTCCTCGCTGGCGCCGGCTGGGCAACATGCTTCGGCATGGCGAATGGGACTTTTTTCGGGTACAAGCCCTGGTCTGGAGTCGGCACGGTCGATAAATCGAATTCCTGATTTAGCTGCCTCGGTCATTCAA,200
AsCas12f_047,AsCas12f,47,GAAACAAATTCATTTGAATGAAGGAATGCAAC,GGCGCAGCGCGTACCCTTCG,GGCCGGCATGGTCCCAGCCTCCTCGCTGGCGCCGGCTGGGCAACATGCTTCGGCATGGCGAATGGGACTTTTTT,TATTCATCCT,TTACTG,CGAAGGGTACGCGCTGCGCC,TAAA,GCGCT,ACC,TACACT,TAGCTGCCTCGGTCATTCAA,TATTCATCCTTTACTGCGAAGGGTACGCGCTGCGCCTAAAGCGCTACCTACACT,GAAACAAATTCATTTGAATGAAGGAATGCAACGGCGCAGCGCGTACCCTTCGGGCCGGCATGGTCCCAGCCTCCTCGCTGGCGCCGGCTGGGCAACATGCTTCGGCATGGCGAATGGGACTTTTTTTATTCATCCTTTACTGCGAAGGGTACGCGCTGCGCCTAAAGCGCTACCTACACTTAGCTGCCTCGGTCATTCAA,200
AsCas12f_048,AsCas12f,48,GAAACAAATTCATTTGAATGAAGGAATGCAAC,GCTGTACCTTCAACCCTATA,GGCCGGCATGGTCCCAGCCTCCTCGCTGGCGCCGGCTGGGCAACATGCTTCGGCATGGCGAATGGGACTTTTTT,GAAGCAAGTA,GTCAAG,TATAGGGTTGAAGGTACAGC,TAAA,GATCC,GTC,TGACAG,TAGCTGCCTCGGTCATTCAA,GAAGCAAGTAGTCAAGTATAGGGTTGAAGGTACAGCTAAAGATCCGTCTGACAG,GAAACAAATTCATTTGAATGAAGGAATGCAACGCTGTACCTTCAACCCTATAGGCCGGCATGGTCCCAGCCTCCTCGCTGGCGCCGGCTGGGCAACATGCTTCGGCATGGCGAATGGGACTTTTTTGAAGCAAGTAGTCAAGTATAGGGTTGAAGGTACAGCTAAAGATCCGTCTGACAGTAGCTGCCTCGGTCATTCAA,200
AsCas12f_049,AsCas12f,49,GAAACAAATTCATTTGAATGAAGGAATGCAAC,CGGATGCATTCTAGCGCATA,GGCCGGCATGGTCCCAGCCTCCTCGCTGGCGCCGGCTGGGCAACATGCTTCGGCATGGCGAATGGGACTTTTTT,CGCACCTCTT,TTCCAA,TATGCGCTAGAATGCATCCG,TAAA,AGCAT,TCA,GTTATT,TAGCTGCCTCGGTCATTCAA,CGCACCTCTTTTCCAATATGCGCTAGAATGCATCCGTAAAAGCATTCAGTTATT,GAAACAAATTCATTTGAATGAAGGAATGCAACCGGATGCATTCTAGCGCATAGGCCGGCATGGTCCCAGCCTCCTCGCTGGCGCCGGCTGGGCAACATGCTTCGGCATGGCGAATGGGACTTTTTTCGCACCTCTTTTCCAATATGCGCTAGAATGCATCCGTAAAAGCATTCAGTTATTTAGCTGCCTCGGTCATTCAA,200
AsCas12f_050,AsCas12f,50,GAAACAAATTCATTTGAATGAAGGAATGCAAC,GAGTCTTATTAATGCTCGTC,GGCCGGCATGGTCCCAGCCTCCTCGCTGGCGCCGGCTGGGCAACATGCTTCGGCATGGCGAATGGGACTTTTTT,TCACTTGATC,TCACTT,GACGAGCATTAATAAGACTC,CAAA,AGTTA,TCC,AAGCGA,TAGCTGCCTCGGTCATTCAA,TCACTTGATCTCACTTGACGAGCATTAATAAGACTCCAAAAGTTATCCAAGCGA,GAAACAAATTCATTTGAATGAAGGAATGCAACGAGTCTTATTAATGCTCGTCGGCCGGCATGGTCCCAGCCTCCTCGCTGGCGCCGGCTGGGCAACATGCTTCGGCATGGCGAATGGGACTTTTTTTCACTTGATCTCACTTGACGAGCATTAATAAGACTCCAAAAGTTATCCAAGCGATAGCTGCCTCGGTCATTCAA,200
AsCas12f_051,AsCas12f,51,GAAACAAATTCATTTGAATGAAGGAATGCAAC,ATTTCCGTACGCAAGTACTG,GGCCGGCATGGTCCCAGCCTCCTCGCTGGCGCCGGCTGGGCAACATGCTTCGGCATGGCGAATGGGACTTTTTT,CTGTCTATGA,ACGGTG,CAGTACTTGCGTACGGAAAT,TAAA,CAGCG,TAG,GCCTGA,TAGCTGCCTCGGTCATTCAA,CTGTCTATGAACGGTGCAGTACTTGCGTACGGAAATTAAACAGCGTAGGCCTGA,GAAACAAATTCATTTGAATGAAGGAATGCAACATTTCCGTACGCAAGTACTGGGCCGGCATGGTCCCAGCCTCCTCGCTGGCGCCGGCTGGGCAACATGCTTCGGCATGGCGAATGGGACTTTTTTCTGTCTATGAACGGTGCAGTACTTGCGTACGGAAATTAAACAGCGTAGGCCTGATAGCTGCCTCGGTCATTCAA,200
AsCas12f_052,AsCas12f,52,GAAACAAATTCATTTGAATGAAGGAATGCAAC,AGTAGCAAAGGAGAAGCAGG,GGCCGGCATGGTCCCAGCCTCCTCGCTGGCGCCGGCTGGGCAACATGCTTCGGCATGGCGAATGGGACTTTTTT,ATTGGCACTA,GGCTCC,CCTGCTTCTCCTTTGCTACT,CAAA,GTGCA,AGA,GCACTG,TAGCTGCCTCGGTCATTCAA,ATTGGCACTAGGCTCCCCTGCTTCTCCTTTGCTACTCAAAGTGCAAGAGCACTG,GAAACAAATTCATTTGAATGAAGGAATGCAACAGTAGCAAAGGAGAAGCAGGGGCCGGCATGGTCCCAGCCTCCTCGCTGGCGCCGGCTGGGCAACATGCTTCGGCATGGCGAATGGGACTTTTTTATTGGCACTAGGCTCCCCTGCTTCTCCTTTGCTACTCAAAGTGCAAGAGCACTGTAGCTGCCTCGGTCATTCAA,200
AsCas12f_053,AsCas12f,53,GAAACAAATTCATTTGAATGAAGGAATGCAAC,GAACATTATCGGTATCTTGA,GGCCGGCATGGTCCCAGCCTCCTCGCTGGCGCCGGCTGGGCAACATGCTTCGGCATGGCGAATGGGACTTTTTT,GTGCAATATA,GCGCGA,TCAAGATACCGATAATGTTC,CAAA,GTTAC,GGT,TCTATG,TAGCTGCCTCGGTCATTCAA,GTGCAATATAGCGCGATCAAGATACCGATAATGTTCCAAAGTTACGGTTCTATG,GAAACAAATTCATTTGAATGAAGGAATGCAACGAACATTATCGGTATCTTGAGGCCGGCATGGTCCCAGCCTCCTCGCTGGCGCCGGCTGGGCAACATGCTTCGGCATGGCGAATGGGACTTTTTTGTGCAATATAGCGCGATCAAGATACCGATAATGTTCCAAAGTTACGGTTCTATGTAGCTGCCTCGGTCATTCAA,200
AsCas12f_054,AsCas12f,54,GAAACAAATTCATTTGAATGAAGGAATGCAAC,GGTGAAATACTATTGATGCC,GGCCGGCATGGTCCCAGCCTCCTCGCTGGCGCCGGCTGGGCAACATGCTTCGGCATGGCGAATGGGACTTTTTT,TAGGGAGTTA,CCATGA,GGCATCAATAGTATTTCACC,TAAA,GAACC,AGT,CATTCC,TAGCTGCCTCGGTCATTCAA,TAGGGAGTTACCATGAGGCATCAATAGTATTTCACCTAAAGAACCAGTCATTCC,GAAACAAATTCATTTGAATGAAGGAATGCAACGGTGAAATACTATTGATGCCGGCCGGCATGGTCCCAGCCTCCTCGCTGGCGCCGGCTGGGCAACATGCTTCGGCATGGCGAATGGGACTTTTTTTAGGGAGTTACCATGAGGCATCAATAGTATTTCACCTAAAGAACCAGTCATTCCTAGCTGCCTCGGTCATTCAA,200
AsCas12f_055,AsCas12f,55,GAAACAAATTCATTTGAATGAAGGAATGCAAC,TCAGGTGGCGCGCTCCTATA,GGCCGGCATGGTCCCAGCCTCCTCGCTGGCGCCGGCTGGGCAACATGCTTCGGCATGGCGAATGGGACTTTTTT,TCACCAGTTG,AAGATT,TATAGGAGCGCGCCACCTGA,CAAA,ACAGT,GTC,GCTGGT,TAGCTGCCTCGGTCATTCAA,TCACCAGTTGAAGATTTATAGGAGCGCGCCACCTGACAAAACAGTGTCGCTGGT,GAAACAAATTCATTTGAATGAAGGAATGCAACTCAGGTGGCGCGCTCCTATAGGCCGGCATGGTCCCAGCCTCCTCGCTGGCGCCGGCTGGGCAACATGCTTCGGCATGGCGAATGGGACTTTTTTTCACCAGTTGAAGATTTATAGGAGCGCGCCACCTGACAAAACAGTGTCGCTGGTTAGCTGCCTCGGTCATTCAA,200
AsCas12f_056,AsCas12f,56,GAAACAAATTCATTTGAATGAAGGAATGCAAC,TGTTAGCCACCATTGGCCCC,GGCCGGCATGGTCCCAGCCTCCTCGCTGGCGCCGGCTGGGCAACATGCTTCGGCATGGCGAATGGGACTTTTTT,AGTATCCGGA,TGTACA,GGGGCCAATGGTGGCTAACA,CAAA,GTAGT,TTA,GTCGAA,TAGCTGCCTCGGTCATTCAA,AGTATCCGGATGTACAGGGGCCAATGGTGGCTAACACAAAGTAGTTTAGTCGAA,GAAACAAATTCATTTGAATGAAGGAATGCAACTGTTAGCCACCATTGGCCCCGGCCGGCATGGTCCCAGCCTCCTCGCTGGCGCCGGCTGGGCAACATGCTTCGGCATGGCGAATGGGACTTTTTTAGTATCCGGATGTACAGGGGCCAATGGTGGCTAACACAAAGTAGTTTAGTCGAATAGCTGCCTCGGTCATTCAA,200
AsCas12f_057,AsCas12f,57,GAAACAAATTCATTTGAATGAAGGAATGCAAC,CCATCTCGGGACCGCATCTC,GGCCGGCATGGTCCCAGCCTCCTCGCTGGCGCCGGCTGGGCAACATGCTTCGGCATGGCGAATGGGACTTTTTT,TACTCCGTGA,GTTTTG,GAGATGCGGTCCCGAGATGG,TAAA,ATTGT,TGC,AAGCGT,TAGCTGCCTCGGTCATTCAA,TACTCCGTGAGTTTTGGAGATGCGGTCCCGAGATGGTAAAATTGTTGCAAGCGT,GAAACAAATTCATTTGAATGAAGGAATGCAACCCATCTCGGGACCGCATCTCGGCCGGCATGGTCCCAGCCTCCTCGCTGGCGCCGGCTGGGCAACATGCTTCGGCATGGCGAATGGGACTTTTTTTACTCCGTGAGTTTTGGAGATGCGGTCCCGAGATGGTAAAATTGTTGCAAGCGTTAGCTGCCTCGGTCATTCAA,200
AsCas12f_058,AsCas12f,58,GAAACAAATTCATTTGAATGAAGGAATGCAAC,CTCGAAGTGGGAGTAATGGT,GGCCGGCATGGTCCCAGCCTCCTCGCTGGCGCCGGCTGGGCAACATGCTTCGGCATGGCGAATGGGACTTTTTT,GAACTTCTAG,ACAACA,ACCATTACTCCCACTTCGAG,TAAA,AAGAC,CTA,TATCGA,TAGCTGCCTCGGTCATTCAA,GAACTTCTAGACAACAACCATTACTCCCACTTCGAGTAAAAAGACCTATATCGA,GAAACAAATTCATTTGAATGAAGGAATGCAACCTCGAAGTGGGAGTAATGGTGGCCGGCATGGTCCCAGCCTCCTCGCTGGCGCCGGCTGGGCAACATGCTTCGGCATGGCGAATGGGACTTTTTTGAACTTCTAGACAACAACCATTACTCCCACTTCGAGTAAAAAGACCTATATCGATAGCTGCCTCGGTCATTCAA,200
AsCas12f_059,AsCas12f,59,GAAACAAATTCATTTGAATGAAGGAATGCAAC,GTGAACGCTTCTGTTACCGG,GGCCGGCATGGTCCCAGCCTCCTCGCTGGCGCCGGCTGGGCAACATGCTTCGGCATGGCGAATGGGACTTTTTT,GGCCATGGTT,TTGATC,CCGGTAACAGAAGCGTTCAC,TAAA,ACTGA,ATC,AAGCGC,TAGCTGCCTCGGTCATTCAA,GGCCATGGTTTTGATCCCGGTAACAGAAGCGTTCACTAAAACTGAATCAAGCGC,GAAACAAATTCATTTGAATGAAGGAATGCAACGTGAACGCTTCTGTTACCGGGGCCGGCATGGTCCCAGCCTCCTCGCTGGCGCCGGCTGGGCAACATGCTTCGGCATGGCGAATGGGACTTTTTTGGCCATGGTTTTGATCCCGGTAACAGAAGCGTTCACTAAAACTGAATCAAGCGCTAGCTGCCTCGGTCATTCAA,200
AsCas12f_060,AsCas12f,60,GAAACAAATTCATTTGAATGAAGGAATGCAAC,AGCCATACCAGAATCCTAGA,GGCCGGCATGGTCCCAGCCTCCTCGCTGGCGCCGGCTGGGCAACATGCTTCGGCATGGCGAATGGGACTTTTTT,CGGTAGCCAG,AGACAT,TCTAGGATTCTGGTATGGCT,CAAA,AACAG,CGC,ACTTTG,TAGCTGCCTCGGTCATTCAA,CGGTAGCCAGAGACATTCTAGGATTCTGGTATGGCTCAAAAACAGCGCACTTTG,GAAACAAATTCATTTGAATGAAGGAATGCAACAGCCATACCAGAATCCTAGAGGCCGGCATGGTCCCAGCCTCCTCGCTGGCGCCGGCTGGGCAACATGCTTCGGCATGGCGAATGGGACTTTTTTCGGTAGCCAGAGACATTCTAGGATTCTGGTATGGCTCAAAAACAGCGCACTTTGTAGCTGCCTCGGTCATTCAA,200
AsCas12f_061,AsCas12f,61,GAAACAAATTCATTTGAATGAAGGAATGCAAC,AGCGTCATTAGTATAACGGT,GGCCGGCATGGTCCCAGCCTCCTCGCTGGCGCCGGCTGGGCAACATGCTTCGGCATGGCGAATGGGACTTTTTT,ATGAGAAATG,CGAAAT,ACCGTTATACTAATGACGCT,CAAA,ACTAG,GAC,GGATAA,TAGCTGCCTCGGTCATTCAA,ATGAGAAATGCGAAATACCGTTATACTAATGACGCTCAAAACTAGGACGGATAA,GAAACAAATTCATTTGAATGAAGGAATGCAACAGCGTCATTAGTATAACGGTGGCCGGCATGGTCCCAGCCTCCTCGCTGGCGCCGGCTGGGCAACATGCTTCGGCATGGCGAATGGGACTTTTTTATGAGAAATGCGAAATACCGTTATACTAATGACGCTCAAAACTAGGACGGATAATAGCTGCCTCGGTCATTCAA,200
AsCas12f_062,AsCas12f,62,GAAACAAATTCATTTGAATGAAGGAATGCAAC,AAGAGATTGTTTGAAGAGGG,GGCCGGCATGGTCCCAGCCTCCTCGCTGGCGCCGGCTGGGCAACATGCTTCGGCATGGCGAATGGGACTTTTTT,TGGCTCTCAT,GGCAAA,CCCTCTTCAAACAATCTCTT,CAAA,CATCG,TAG,ATTTAG,TAGCTGCCTCGGTCATTCAA,TGGCTCTCATGGCAAACCCTCTTCAAACAATCTCTTCAAACATCGTAGATTTAG,GAAACAAATTCATTTGAATGAAGGAATGCAACAAGAGATTGTTTGAAGAGGGGGCCGGCATGGTCCCAGCCTCCTCGCTGGCGCCGGCTGGGCAACATGCTTCGGCATGGCGAATGGGACTTTTTTTGGCTCTCATGGCAAACCCTCTTCAAACAATCTCTTCAAACATCGTAGATTTAGTAGCTGCCTCGGTCATTCAA,200
AsCas12f_063,AsCas12f,63,GAAACAAATTCATTTGAATGAAGGAATGCAAC,GGAGTACACCTCACGAAGGG,GGCCGGCATGGTCCCAGCCTCCTCGCTGGCGCCGGCTGGGCAACATGCTTCGGCATGGCGAATGGGACTTTTTT,GGCGGATGTC,CCACTA,CCCTTCGTGAGGTGTACTCC,TAAA,AAGGA,CAT,ATAAGA,TAGCTGCCTCGGTCATTCAA,GGCGGATGTCCCACTACCCTTCGTGAGGTGTACTCCTAAAAAGGACATATAAGA,GAAACAAATTCATTTGAATGAAGGAATGCAACGGAGTACACCTCACGAAGGGGGCCGGCATGGTCCCAGCCTCCTCGCTGGCGCCGGCTGGGCAACATGCTTCGGCATGGCGAATGGGACTTTTTTGGCGGATGTCCCACTACCCTTCGTGAGGTGTACTCCTAAAAAGGACATATAAGATAGCTGCCTCGGTCATTCAA,200
AsCas12f_064,AsCas12f,64,GAAACAAATTCATTTGAATGAAGGAATGCAAC,GAGCTCAAGTAAGAGCGCTC,GGCCGGCATGGTCCCAGCCTCCTCGCTGGCGCCGGCTGGGCAACATGCTTCGGCATGGCGAATGGGACTTTTTT,GATCCCTCGT,GACGGC,GAGCGCTCTTACTTGAGCTC,TAAA,CCTAT,AAA,TGTATT,TAGCTGCCTCGGTCATTCAA,GATCCCTCGTGACGGCGAGCGCTCTTACTTGAGCTCTAAACCTATAAATGTATT,GAAACAAATTCATTTGAATGAAGGAATGCAACGAGCTCAAGTAAGAGCGCTCGGCCGGCATGGTCCCAGCCTCCTCGCTGGCGCCGGCTGGGCAACATGCTTCGGCATGGCGAATGGGACTTTTTTGATCCCTCGTGACGGCGAGCGCTCTTACTTGAGCTCTAAACCTATAAATGTATTTAGCTGCCTCGGTCATTCAA,200
AsCas12f_065,AsCas12f,65,GAAACAAATTCATTTGAATGAAGGAATGCAAC,AGGATTCTCTAGATGGTTCC,GGCCGGCATGGTCCCAGCCTCCTCGCTGGCGCCGGCTGGGCAACATGCTTCGGCATGGCGAATGGGACTTTTTT,GTGTTATTGT,CCTTTA,GGAACCATCTAGAGAATCCT,CAAA,CACTA,TTT,GGAAAA,TAGCTGCCTCGGTCATTCAA,GTGTTATTGTCCTTTAGGAACCATCTAGAGAATCCTCAAACACTATTTGGAAAA,GAAACAAATTCATTTGAATGAAGGAATGCAACAGGATTCTCTAGATGGTTCCGGCCGGCATGGTCCCAGCCTCCTCGCTGGCGCCGGCTGGGCAACATGCTTCGGCATGGCGAATGGGACTTTTTTGTGTTATTGTCCTTTAGGAACCATCTAGAGAATCCTCAAACACTATTTGGAAAATAGCTGCCTCGGTCATTCAA,200
AsCas12f_066,AsCas12f,66,GAAACAAATTCATTTGAATGAAGGAATGCAAC,CGCCCTACACTTCGCTGGTA,GGCCGGCATGGTCCCAGCCTCCTCGCTGGCGCCGGCTGGGCAACATGCTTCGGCATGGCGAATGGGACTTTTTT,AGTTACTACA,TGTAAA,TACCAGCGAAGTGTAGGGCG,CAAA,AAGCG,CGC,GCAACG,TAGCTGCCTCGGTCATTCAA,AGTTACTACATGTAAATACCAGCGAAGTGTAGGGCGCAAAAAGCGCGCGCAACG,GAAACAAATTCATTTGAATGAAGGAATGCAACCGCCCTACACTTCGCTGGTAGGCCGGCATGGTCCCAGCCTCCTCGCTGGCGCCGGCTGGGCAACATGCTTCGGCATGGCGAATGGGACTTTTTTAGTTACTACATGTAAATACCAGCGAAGTGTAGGGCGCAAAAAGCGCGCGCAACGTAGCTGCCTCGGTCATTCAA,200
AsCas12f_067,AsCas12f,67,GAAACAAATTCATTTGAATGAAGGAATGCAAC,TAAGCTGCGCATCTTGGAAG,GGCCGGCATGGTCCCAGCCTCCTCGCTGGCGCCGGCTGGGCAACATGCTTCGGCATGGCGAATGGGACTTTTTT,TGTTCTCCAA,TGCAAC,CTTCCAAGATGCGCAGCTTA,TAAA,TCCAC,GGT,GATCCG,TAGCTGCCTCGGTCATTCAA,TGTTCTCCAATGCAACCTTCCAAGATGCGCAGCTTATAAATCCACGGTGATCCG,GAAACAAATTCATTTGAATGAAGGAATGCAACTAAGCTGCGCATCTTGGAAGGGCCGGCATGGTCCCAGCCTCCTCGCTGGCGCCGGCTGGGCAACATGCTTCGGCATGGCGAATGGGACTTTTTTTGTTCTCCAATGCAACCTTCCAAGATGCGCAGCTTATAAATCCACGGTGATCCGTAGCTGCCTCGGTCATTCAA,200
AsCas12f_068,AsCas12f,68,GAAACAAATTCATTTGAATGAAGGAATGCAAC,CAGCGTTGAAAACAATCACA,GGCCGGCATGGTCCCAGCCTCCTCGCTGGCGCCGGCTGGGCAACATGCTTCGGCATGGCGAATGGGACTTTTTT,TGGTAAGTGG,AGGGTT,TGTGATTGTTTTCAACGCTG,CAAA,AGAAA,AGA,TTCTTG,TAGCTGCCTCGGTCATTCAA,TGGTAAGTGGAGGGTTTGTGATTGTTTTCAACGCTGCAAAAGAAAAGATTCTTG,GAAACAAATTCATTTGAATGAAGGAATGCAACCAGCGTTGAAAACAATCACAGGCCGGCATGGTCCCAGCCTCCTCGCTGGCGCCGGCTGGGCAACATGCTTCGGCATGGCGAATGGGACTTTTTTTGGTAAGTGGAGGGTTTGTGATTGTTTTCAACGCTGCAAAAGAAAAGATTCTTGTAGCTGCCTCGGTCATTCAA,200
AsCas12f_069,AsCas12f,69,GAAACAAATTCATTTGAATGAAGGAATGCAAC,ATGGGATATCGTCCTCAAAT,GGCCGGCATGGTCCCAGCCTCCTCGCTGGCGCCGGCTGGGCAACATGCTTCGGCATGGCGAATGGGACTTTTTT,AACCCACATC,AGCCGG,ATTTGAGGACGATATCCCAT,TAAA,ATGTC,GGA,ATAATC,TAGCTGCCTCGGTCATTCAA,AACCCACATCAGCCGGATTTGAGGACGATATCCCATTAAAATGTCGGAATAATC,GAAACAAATTCATTTGAATGAAGGAATGCAACATGGGATATCGTCCTCAAATGGCCGGCATGGTCCCAGCCTCCTCGCTGGCGCCGGCTGGGCAACATGCTTCGGCATGGCGAATGGGACTTTTTTAACCCACATCAGCCGGATTTGAGGACGATATCCCATTAAAATGTCGGAATAATCTAGCTGCCTCGGTCATTCAA,200
AsCas12f_070,AsCas12f,70,GAAACAAATTCATTTGAATGAAGGAATGCAAC,GATTAACGGGGCGCTCACCA,GGCCGGCATGGTCCCAGCCTCCTCGCTGGCGCCGGCTGGGCAACATGCTTCGGCATGGCGAATGGGACTTTTTT,GGTTTTAAAA,CGCCGC,TGGTGAGCGCCCCGTTAATC,CAAA,TCCAT,TAA,TGCGTG,TAGCTGCCTCGGTCATTCAA,GGTTTTAAAACGCCGCTGGTGAGCGCCCCGTTAATCCAAATCCATTAATGCGTG,GAAACAAATTCATTTGAATGAAGGAATGCAACGATTAACGGGGCGCTCACCAGGCCGGCATGGTCCCAGCCTCCTCGCTGGCGCCGGCTGGGCAACATGCTTCGGCATGGCGAATGGGACTTTTTTGGTTTTAAAACGCCGCTGGTGAGCGCCCCGTTAATCCAAATCCATTAATGCGTGTAGCTGCCTCGGTCATTCAA,200
AsCas12f_071,AsCas12f,71,GAAACAAATTCATTTGAATGAAGGAATGCAAC,ATGCAGTAATTCGCCCCTAA,GGCCGGCATGGTCCCAGCCTCCTCGCTGGCGCCGGCTGGGCAACATGCTTCGGCATGGCGAATGGGACTTTTTT,AATCATCAGA,ATGTAC,TTAGGGGCGAATTACTGCAT,CAAA,AGCTG,GCG,GTTACA,TAGCTGCCTCGGTCATTCAA,AATCATCAGAATGTACTTAGGGGCGAATTACTGCATCAAAAGCTGGCGGTTACA,GAAACAAATTCATTTGAATGAAGGAATGCAACATGCAGTAATTCGCCCCTAAGGCCGGCATGGTCCCAGCCTCCTCGCTGGCGCCGGCTGGGCAACATGCTTCGGCATGGCGAATGGGACTTTTTTAATCATCAGAATGTACTTAGGGGCGAATTACTGCATCAAAAGCTGGCGGTTACATAGCTGCCTCGGTCATTCAA,200
AsCas12f_072,AsCas12f,72,GAAACAAATTCATTTGAATGAAGGAATGCAAC,CGAGGTTATTGGGTCAATAG,GGCCGGCATGGTCCCAGCCTCCTCGCTGGCGCCGGCTGGGCAACATGCTTCGGCATGGCGAATGGGACTTTTTT,GAAACAATAA,CTGGTA,CTATTGACCCAATAACCTCG,CAAA,TCGCA,AGT,AGGGTG,TAGCTGCCTCGGTCATTCAA,GAAACAATAACTGGTACTATTGACCCAATAACCTCGCAAATCGCAAGTAGGGTG,GAAACAAATTCATTTGAATGAAGGAATGCAACCGAGGTTATTGGGTCAATAGGGCCGGCATGGTCCCAGCCTCCTCGCTGGCGCCGGCTGGGCAACATGCTTCGGCATGGCGAATGGGACTTTTTTGAAACAATAACTGGTACTATTGACCCAATAACCTCGCAAATCGCAAGTAGGGTGTAGCTGCCTCGGTCATTCAA,200
AsCas12f_073,AsCas12f,73,GAAACAAATTCATTTGAATGAAGGAATGCAAC,TCTCTTGAAGCAAGTAACAC,GGCCGGCATGGTCCCAGCCTCCTCGCTGGCGCCGGCTGGGCAACATGCTTCGGCATGGCGAATGGGACTTTTTT,AGACAGGCGT,GACGAA,GTGTTACTTGCTTCAAGAGA,TAAA,TGGAA,CGG,CCATGT,TAGCTGCCTCGGTCATTCAA,AGACAGGCGTGACGAAGTGTTACTTGCTTCAAGAGATAAATGGAACGGCCATGT,GAAACAAATTCATTTGAATGAAGGAATGCAACTCTCTTGAAGCAAGTAACACGGCCGGCATGGTCCCAGCCTCCTCGCTGGCGCCGGCTGGGCAACATGCTTCGGCATGGCGAATGGGACTTTTTTAGACAGGCGTGACGAAGTGTTACTTGCTTCAAGAGATAAATGGAACGGCCATGTTAGCTGCCTCGGTCATTCAA,200
AsCas12f_074,AsCas12f,74,GAAACAAATTCATTTGAATGAAGGAATGCAAC,ATGGCCCAAGGCCGATTACG,GGCCGGCATGGTCCCAGCCTCCTCGCTGGCGCCGGCTGGGCAACATGCTTCGGCATGGCGAATGGGACTTTTTT,CCGGTTATCC,CTGTGT,CGTAATCGGCCTTGGGCCAT,CAAA,TCTAC,ACG,GCCGGA,TAGCTGCCTCGGTCATTCAA,CCGGTTATCCCTGTGTCGTAATCGGCCTTGGGCCATCAAATCTACACGGCCGGA,GAAACAAATTCATTTGAATGAAGGAATGCAACATGGCCCAAGGCCGATTACGGGCCGGCATGGTCCCAGCCTCCTCGCTGGCGCCGGCTGGGCAACATGCTTCGGCATGGCGAATGGGACTTTTTTCCGGTTATCCCTGTGTCGTAATCGGCCTTGGGCCATCAAATCTACACGGCCGGATAGCTGCCTCGGTCATTCAA,200
AsCas12f_075,AsCas12f,75,GAAACAAATTCATTTGAATGAAGGAATGCAAC,GTAAGTAAGGCATAGCGTGT,GGCCGGCATGGTCCCAGCCTCCTCGCTGGCGCCGGCTGGGCAACATGCTTCGGCATGGCGAATGGGACTTTTTT,CTCACAGGCG,CCGTCG,ACACGCTATGCCTTACTTAC,CAAA,CACGC,GTT,TATCAG,TAGCTGCCTCGGTCATTCAA,CTCACAGGCGCCGTCGACACGCTATGCCTTACTTACCAAACACGCGTTTATCAG,GAAACAAATTCATTTGAATGAAGGAATGCAACGTAAGTAAGGCATAGCGTGTGGCCGGCATGGTCCCAGCCTCCTCGCTGGCGCCGGCTGGGCAACATGCTTCGGCATGGCGAATGGGACTTTTTTCTCACAGGCGCCGTCGACACGCTATGCCTTACTTACCAAACACGCGTTTATCAGTAGCTGCCTCGGTCATTCAA,200
AsCas12f_076,AsCas12f,76,GAAACAAATTCATTTGAATGAAGGAATGCAAC,GCGGAGCACAATTTGCTCGG,GGCCGGCATGGTCCCAGCCTCCTCGCTGGCGCCGGCTGGGCAACATGCTTCGGCATGGCGAATGGGACTTTTTT,CAGGACATCG,ACCTGG,CCGAGCAAATTGTGCTCCGC,TAAA,TACGC,GAC,GTTATG,TAGCTGCCTCGGTCATTCAA,CAGGACATCGACCTGGCCGAGCAAATTGTGCTCCGCTAAATACGCGACGTTATG,GAAACAAATTCATTTGAATGAAGGAATGCAACGCGGAGCACAATTTGCTCGGGGCCGGCATGGTCCCAGCCTCCTCGCTGGCGCCGGCTGGGCAACATGCTTCGGCATGGCGAATGGGACTTTTTTCAGGACATCGACCTGGCCGAGCAAATTGTGCTCCGCTAAATACGCGACGTTATGTAGCTGCCTCGGTCATTCAA,200
AsCas12f_077,AsCas12f,77,GAAACAAATTCATTTGAATGAAGGAATGCAAC,ACTAAGACACATGGGGCCGT,GGCCGGCATGGTCCCAGCCTCCTCGCTGGCGCCGGCTGGGCAACATGCTTCGGCATGGCGAATGGGACTTTTTT,TTACTGCGCG,TAACTG,ACGGCCCCATGTGTCTTAGT,TAAA,CGACT,TAC,TATCGG,TAGCTGCCTCGGTCATTCAA,TTACTGCGCGTAACTGACGGCCCCATGTGTCTTAGTTAAACGACTTACTATCGG,GAAACAAATTCATTTGAATGAAGGAATGCAACACTAAGACACATGGGGCCGTGGCCGGCATGGTCCCAGCCTCCTCGCTGGCGCCGGCTGGGCAACATGCTTCGGCATGGCGAATGGGACTTTTTTTTACTGCGCGTAACTGACGGCCCCATGTGTCTTAGTTAAACGACTTACTATCGGTAGCTGCCTCGGTCATTCAA,200
AsCas12f_078,AsCas12f,78,GAAACAAATTCATTTGAATGAAGGAATGCAAC,TCCATATGTGATACGTACAT,GGCCGGCATGGTCCCAGCCTCCTCGCTGGCGCCGGCTGGGCAACATGCTTCGGCATGGCGAATGGGACTTTTTT,AGTACTGTTG,GTCTGG,ATGTACGTATCACATATGGA,TAAA,AGACG,ACT,CTCGCG,TAGCTGCCTCGGTCATTCAA,AGTACTGTTGGTCTGGATGTACGTATCACATATGGATAAAAGACGACTCTCGCG,GAAACAAATTCATTTGAATGAAGGAATGCAACTCCATATGTGATACGTACATGGCCGGCATGGTCCCAGCCTCCTCGCTGGCGCCGGCTGGGCAACATGCTTCGGCATGGCGAATGGGACTTTTTTAGTACTGTTGGTCTGGATGTACGTATCACATATGGATAAAAGACGACTCTCGCGTAGCTGCCTCGGTCATTCAA,200
AsCas12f_079,AsCas12f,79,GAAACAAATTCATTTGAATGAAGGAATGCAAC,CGATCAGGAGAGTAATTATC,GGCCGGCATGGTCCCAGCCTCCTCGCTGGCGCCGGCTGGGCAACATGCTTCGGCATGGCGAATGGGACTTTTTT,GTTACGGGTA,GTTTTT,GATAATTACTCTCCTGATCG,CAAA,CCTTC,TGT,CAGATA,TAGCTGCCTCGGTCATTCAA,GTTACGGGTAGTTTTTGATAATTACTCTCCTGATCGCAAACCTTCTGTCAGATA,GAAACAAATTCATTTGAATGAAGGAATGCAACCGATCAGGAGAGTAATTATCGGCCGGCATGGTCCCAGCCTCCTCGCTGGCGCCGGCTGGGCAACATGCTTCGGCATGGCGAATGGGACTTTTTTGTTACGGGTAGTTTTTGATAATTACTCTCCTGATCGCAAACCTTCTGTCAGATATAGCTGCCTCGGTCATTCAA,200
AsCas12f_080,AsCas12f,80,GAAACAAATTCATTTGAATGAAGGAATGCAAC,ACCAGCCCTGCATTACGACG,GGCCGGCATGGTCCCAGCCTCCTCGCTGGCGCCGGCTGGGCAACATGCTTCGGCATGGCGAATGGGACTTTTTT,TTAGAATCCG,AAACGC,CGTCGTAATGCAGGGCTGGT,TAAA,TGACG,ACA,GGGGAG,TAGCTGCCTCGGTCATTCAA,TTAGAATCCGAAACGCCGTCGTAATGCAGGGCTGGTTAAATGACGACAGGGGAG,GAAACAAATTCATTTGAATGAAGGAATGCAACACCAGCCCTGCATTACGACGGGCCGGCATGGTCCCAGCCTCCTCGCTGGCGCCGGCTGGGCAACATGCTTCGGCATGGCGAATGGGACTTTTTTTTAGAATCCGAAACGCCGTCGTAATGCAGGGCTGGTTAAATGACGACAGGGGAGTAGCTGCCTCGGTCATTCAA,200
AsCas12f_081,AsCas12f,81,GAAACAAATTCATTTGAATGAAGGAATGCAAC,CGGCTCTAAGTGCCCAGCCC,GGCCGGCATGGTCCCAGCCTCCTCGCTGGCGCCGGCTGGGCAACATGCTTCGGCATGGCGAATGGGACTTTTTT,GTCTTCCTGC,CGTCGT,GGGCTGGGCACTTAGAGCCG,TAAA,ACCCA,CAG,ACGATG,TAGCTGCCTCGGTCATTCAA,GTCTTCCTGCCGTCGTGGGCTGGGCACTTAGAGCCGTAAAACCCACAGACGATG,GAAACAAATTCATTTGAATGAAGGAATGCAACCGGCTCTAAGTGCCCAGCCCGGCCGGCATGGTCCCAGCCTCCTCGCTGGCGCCGGCTGGGCAACATGCTTCGGCATGGCGAATGGGACTTTTTTGTCTTCCTGCCGTCGTGGGCTGGGCACTTAGAGCCGTAAAACCCACAGACGATGTAGCTGCCTCGGTCATTCAA,200
AsCas12f_082,AsCas12f,82,GAAACAAATTCATTTGAATGAAGGAATGCAAC,CTATGGTTAGGTCGCTATAT,GGCCGGCATGGTCCCAGCCTCCTCGCTGGCGCCGGCTGGGCAACATGCTTCGGCATGGCGAATGGGACTTTTTT,GAAGAATTGC,ATTGAT,ATATAGCGACCTAACCATAG,TAAA,CATAA,CCT,CGACTA,TAGCTGCCTCGGTCATTCAA,GAAGAATTGCATTGATATATAGCGACCTAACCATAGTAAACATAACCTCGACTA,GAAACAAATTCATTTGAATGAAGGAATGCAACCTATGGTTAGGTCGCTATATGGCCGGCATGGTCCCAGCCTCCTCGCTGGCGCCGGCTGGGCAACATGCTTCGGCATGGCGAATGGGACTTTTTTGAAGAATTGCATTGATATATAGCGACCTAACCATAGTAAACATAACCTCGACTATAGCTGCCTCGGTCATTCAA,200
AsCas12f_083,AsCas12f,83,GAAACAAATTCATTTGAATGAAGGAATGCAAC,AATGGTTCCTGTAGCCCTAC,GGCCGGCATGGTCCCAGCCTCCTCGCTGGCGCCGGCTGGGCAACATGCTTCGGCATGGCGAATGGGACTTTTTT,ACGCACAGTC,GGCTTA,GTAGGGCTACAGGAACCATT,CAAA,AATAG,AAT,AAGTCA,TAGCTGCCTCGGTCATTCAA,ACGCACAGTCGGCTTAGTAGGGCTACAGGAACCATTCAAAAATAGAATAAGTCA,GAAACAAATTCATTTGAATGAAGGAATGCAACAATGGTTCCTGTAGCCCTACGGCCGGCATGGTCCCAGCCTCCTCGCTGGCGCCGGCTGGGCAACATGCTTCGGCATGGCGAATGGGACTTTTTTACGCACAGTCGGCTTAGTAGGGCTACAGGAACCATTCAAAAATAGAATAAGTCATAGCTGCCTCGGTCATTCAA,200
AsCas12f_084,AsCas12f,84,GAAACAAATTCATTTGAATGAAGGAATGCAAC,TTCTACCATACTGGGTAGGG,GGCCGGCATGGTCCCAGCCTCCTCGCTGGCGCCGGCTGGGCAACATGCTTCGGCATGGCGAATGGGACTTTTTT,CGTGATTCCG,GCGTAG,CCCTACCCAGTATGGTAGAA,CAAA,GAATG,CGA,CTCACA,TAGCTGCCTCGGTCATTCAA,CGTGATTCCGGCGTAGCCCTACCCAGTATGGTAGAACAAAGAATGCGACTCACA,GAAACAAATTCATTTGAATGAAGGAATGCAACTTCTACCATACTGGGTAGGGGGCCGGCATGGTCCCAGCCTCCTCGCTGGCGCCGGCTGGGCAACATGCTTCGGCATGGCGAATGGGACTTTTTTCGTGATTCCGGCGTAGCCCTACCCAGTATGGTAGAACAAAGAATGCGACTCACATAGCTGCCTCGGTCATTCAA,200
AsCas12f_085,AsCas12f,85,GAAACAAATTCATTTGAATGAAGGAATGCAAC,GTTGGTACCTTACTCGACCC,GGCCGGCATGGTCCCAGCCTCCTCGCTGGCGCCGGCTGGGCAACATGCTTCGGCATGGCGAATGGGACTTTTTT,GAACGATTAC,CTTGCA,GGGTCGAGTAAGGTACCAAC,CAAA,AGGGC,GTC,TTAACA,TAGCTGCCTCGGTCATTCAA,GAACGATTACCTTGCAGGGTCGAGTAAGGTACCAACCAAAAGGGCGTCTTAACA,GAAACAAATTCATTTGAATGAAGGAATGCAACGTTGGTACCTTACTCGACCCGGCCGGCATGGTCCCAGCCTCCTCGCTGGCGCCGGCTGGGCAACATGCTTCGGCATGGCGAATGGGACTTTTTTGAACGATTACCTTGCAGGGTCGAGTAAGGTACCAACCAAAAGGGCGTCTTAACATAGCTGCCTCGGTCATTCAA,200
AsCas12f_086,AsCas12f,86,GAAACAAATTCATTTGAATGAAGGAATGCAAC,AGGAAACTCTCTGTGTTATA,GGCCGGCATGGTCCCAGCCTCCTCGCTGGCGCCGGCTGGGCAACATGCTTCGGCATGGCGAATGGGACTTTTTT,CGTGAAGCGA,GGCAGC,TATAACACAGAGAGTTTCCT,CAAA,GCACC,CGG,TTAGAT,TAGCTGCCTCGGTCATTCAA,CGTGAAGCGAGGCAGCTATAACACAGAGAGTTTCCTCAAAGCACCCGGTTAGAT,GAAACAAATTCATTTGAATGAAGGAATGCAACAGGAAACTCTCTGTGTTATAGGCCGGCATGGTCCCAGCCTCCTCGCTGGCGCCGGCTGGGCAACATGCTTCGGCATGGCGAATGGGACTTTTTTCGTGAAGCGAGGCAGCTATAACACAGAGAGTTTCCTCAAAGCACCCGGTTAGATTAGCTGCCTCGGTCATTCAA,200
AsCas12f_087,AsCas12f,87,GAAACAAATTCATTTGAATGAAGGAATGCAAC,GTACAGGTGAACGTGATATA,GGCCGGCATGGTCCCAGCCTCCTCGCTGGCGCCGGCTGGGCAACATGCTTCGGCATGGCGAATGGGACTTTTTT,AACGGTTGCC,ATACTC,TATATCACGTTCACCTGTAC,TAAA,GGAGA,GCG,TCGCGG,TAGCTGCCTCGGTCATTCAA,AACGGTTGCCATACTCTATATCACGTTCACCTGTACTAAAGGAGAGCGTCGCGG,GAAACAAATTCATTTGAATGAAGGAATGCAACGTACAGGTGAACGTGATATAGGCCGGCATGGTCCCAGCCTCCTCGCTGGCGCCGGCTGGGCAACATGCTTCGGCATGGCGAATGGGACTTTTTTAACGGTTGCCATACTCTATATCACGTTCACCTGTACTAAAGGAGAGCGTCGCGGTAGCTGCCTCGGTCATTCAA,200
AsCas12f_088,AsCas12f,88,GAAACAAATTCATTTGAATGAAGGAATGCAAC,TGACTAGGGCCGGAGTAAGC,GGCCGGCATGGTCCCAGCCTCCTCGCTGGCGCCGGCTGGGCAACATGCTTCGGCATGGCGAATGGGACTTTTTT,GGAATACACG,CATGCC,GCTTACTCCGGCCCTAGTCA,TAAA,AAGGC,CTG,GATATC,TAGCTGCCTCGGTCATTCAA,GGAATACACGCATGCCGCTTACTCCGGCCCTAGTCATAAAAAGGCCTGGATATC,GAAACAAATTCATTTGAATGAAGGAATGCAACTGACTAGGGCCGGAGTAAGCGGCCGGCATGGTCCCAGCCTCCTCGCTGGCGCCGGCTGGGCAACATGCTTCGGCATGGCGAATGGGACTTTTTTGGAATACACGCATGCCGCTTACTCCGGCCCTAGTCATAAAAAGGCCTGGATATCTAGCTGCCTCGGTCATTCAA,200
AsCas12f_089,AsCas12f,89,GAAACAAATTCATTTGAATGAAGGAATGCAAC,AGCGGAGTTCTAGCGCCCGC,GGCCGGCATGGTCCCAGCCTCCTCGCTGGCGCCGGCTGGGCAACATGCTTCGGCATGGCGAATGGGACTTTTTT,GACTTCCGGT,AACTAG,GCGGGCGCTAGAACTCCGCT,TAAA,GCTCG,CGT,CGATGG,TAGCTGCCTCGGTCATTCAA,GACTTCCGGTAACTAGGCGGGCGCTAGAACTCCGCTTAAAGCTCGCGTCGATGG,GAAACAAATTCATTTGAATGAAGGAATGCAACAGCGGAGTTCTAGCGCCCGCGGCCGGCATGGTCCCAGCCTCCTCGCTGGCGCCGGCTGGGCAACATGCTTCGGCATGGCGAATGGGACTTTTTTGACTTCCGGTAACTAGGCGGGCGCTAGAACTCCGCTTAAAGCTCGCGTCGATGGTAGCTGCCTCGGTCATTCAA,200
AsCas12f_090,AsCas12f,90,GAAACAAATTCATTTGAATGAAGGAATGCAAC,GGTCAGACGGTTTGTTCCTC,GGCCGGCATGGTCCCAGCCTCCTCGCTGGCGCCGGCTGGGCAACATGCTTCGGCATGGCGAATGGGACTTTTTT,GCGATGTGCG,CCCCAG,GAGGAACAAACCGTCTGACC,TAAA,ATGGG,TGA,CTTGCC,TAGCTGCCTCGGTCATTCAA,GCGATGTGCGCCCCAGGAGGAACAAACCGTCTGACCTAAAATGGGTGACTTGCC,GAAACAAATTCATTTGAATGAAGGAATGCAACGGTCAGACGGTTTGTTCCTCGGCCGGCATGGTCCCAGCCTCCTCGCTGGCGCCGGCTGGGCAACATGCTTCGGCATGGCGAATGGGACTTTTTTGCGATGTGCGCCCCAGGAGGAACAAACCGTCTGACCTAAAATGGGTGACTTGCCTAGCTGCCTCGGTCATTCAA,200
AsCas12f_091,AsCas12f,91,GAAACAAATTCATTTGAATGAAGGAATGCAAC,TGTGTAGCGGGTGGGGCCCC,GGCCGGCATGGTCCCAGCCTCCTCGCTGGCGCCGGCTGGGCAACATGCTTCGGCATGGCGAATGGGACTTTTTT,AGCACCTGAT,CTCCTG,GGGGCCCCACCCGCTACACA,CAAA,ATTAG,ATT,TACGTC,TAGCTGCCTCGGTCATTCAA,AGCACCTGATCTCCTGGGGGCCCCACCCGCTACACACAAAATTAGATTTACGTC,GAAACAAATTCATTTGAATGAAGGAATGCAACTGTGTAGCGGGTGGGGCCCCGGCCGGCATGGTCCCAGCCTCCTCGCTGGCGCCGGCTGGGCAACATGCTTCGGCATGGCGAATGGGACTTTTTTAGCACCTGATCTCCTGGGGGCCCCACCCGCTACACACAAAATTAGATTTACGTCTAGCTGCCTCGGTCATTCAA,200
AsCas12f_092,AsCas12f,92,GAAACAAATTCATTTGAATGAAGGAATGCAAC,ACTCGTACCCTTAACATACA,GGCCGGCATGGTCCCAGCCTCCTCGCTGGCGCCGGCTGGGCAACATGCTTCGGCATGGCGAATGGGACTTTTTT,TCCAACGTTT,GGATTG,TGTATGTTAAGGGTACGAGT,CAAA,AACTC,GAT,TGGACT,TAGCTGCCTCGGTCATTCAA,TCCAACGTTTGGATTGTGTATGTTAAGGGTACGAGTCAAAAACTCGATTGGACT,GAAACAAATTCATTTGAATGAAGGAATGCAACACTCGTACCCTTAACATACAGGCCGGCATGGTCCCAGCCTCCTCGCTGGCGCCGGCTGGGCAACATGCTTCGGCATGGCGAATGGGACTTTTTTTCCAACGTTTGGATTGTGTATGTTAAGGGTACGAGTCAAAAACTCGATTGGACTTAGCTGCCTCGGTCATTCAA,200
AsCas12f_093,AsCas12f,93,GAAACAAATTCATTTGAATGAAGGAATGCAAC,TGCGTGGAGTCTGTGTGCGG,GGCCGGCATGGTCCCAGCCTCCTCGCTGGCGCCGGCTGGGCAACATGCTTCGGCATGGCGAATGGGACTTTTTT,TCGAGTCCCA,CGTAGC,CCGCACACAGACTCCACGCA,TAAA,TACAA,CGT,CCTCCG,TAGCTGCCTCGGTCATTCAA,TCGAGTCCCACGTAGCCCGCACACAGACTCCACGCATAAATACAACGTCCTCCG,GAAACAAATTCATTTGAATGAAGGAATGCAACTGCGTGGAGTCTGTGTGCGGGGCCGGCATGGTCCCAGCCTCCTCGCTGGCGCCGGCTGGGCAACATGCTTCGGCATGGCGAATGGGACTTTTTTTCGAGTCCCACGTAGCCCGCACACAGACTCCACGCATAAATACAACGTCCTCCGTAGCTGCCTCGGTCATTCAA,200
AsCas12f_094,AsCas12f,94,GAAACAAATTCATTTGAATGAAGGAATGCAAC,TAATATGGCGGGGCGGGCGT,GGCCGGCATGGTCCCAGCCTCCTCGCTGGCGCCGGCTGGGCAACATGCTTCGGCATGGCGAATGGGACTTTTTT,TGGTATTTCC,TCCGGG,ACGCCCGCCCCGCCATATTA,TAAA,CGGTT,TTA,GGCCCT,TAGCTGCCTCGGTCATTCAA,TGGTATTTCCTCCGGGACGCCCGCCCCGCCATATTATAAACGGTTTTAGGCCCT,GAAACAAATTCATTTGAATGAAGGAATGCAACTAATATGGCGGGGCGGGCGTGGCCGGCATGGTCCCAGCCTCCTCGCTGGCGCCGGCTGGGCAACATGCTTCGGCATGGCGAATGGGACTTTTTTTGGTATTTCCTCCGGGACGCCCGCCCCGCCATATTATAAACGGTTTTAGGCCCTTAGCTGCCTCGGTCATTCAA,200
AsCas12f_095,AsCas12f,95,GAAACAAATTCATTTGAATGAAGGAATGCAAC,CGCAACGCCTAAATTGGCAG,GGCCGGCATGGTCCCAGCCTCCTCGCTGGCGCCGGCTGGGCAACATGCTTCGGCATGGCGAATGGGACTTTTTT,CATTCCAGAC,AGCTCT,CTGCCAATTTAGGCGTTGCG,TAAA,AGTGT,CTG,TCCTAC,TAGCTGCCTCGGTCATTCAA,CATTCCAGACAGCTCTCTGCCAATTTAGGCGTTGCGTAAAAGTGTCTGTCCTAC,GAAACAAATTCATTTGAATGAAGGAATGCAACCGCAACGCCTAAATTGGCAGGGCCGGCATGGTCCCAGCCTCCTCGCTGGCGCCGGCTGGGCAACATGCTTCGGCATGGCGAATGGGACTTTTTTCATTCCAGACAGCTCTCTGCCAATTTAGGCGTTGCGTAAAAGTGTCTGTCCTACTAGCTGCCTCGGTCATTCAA,200
AsCas12f_096,AsCas12f,96,GAAACAAATTCATTTGAATGAAGGAATGCAAC,AGGGTCCTTGAGAGGCCAAT,GGCCGGCATGGTCCCAGCCTCCTCGCTGGCGCCGGCTGGGCAACATGCTTCGGCATGGCGAATGGGACTTTTTT,TCATTGACTG,AAGTTG,ATTGGCCTCTCAAGGACCCT,CAAA,CCGCG,GAA,CCTGTG,TAGCTGCCTCGGTCATTCAA,TCATTGACTGAAGTTGATTGGCCTCTCAAGGACCCTCAAACCGCGGAACCTGTG,GAAACAAATTCATTTGAATGAAGGAATGCAACAGGGTCCTTGAGAGGCCAATGGCCGGCATGGTCCCAGCCTCCTCGCTGGCGCCGGCTGGGCAACATGCTTCGGCATGGCGAATGGGACTTTTTTTCATTGACTGAAGTTGATTGGCCTCTCAAGGACCCTCAAACCGCGGAACCTGTGTAGCTGCCTCGGTCATTCAA,200
AsCas12f_097,AsCas12f,97,GAAACAAATTCATTTGAATGAAGGAATGCAAC,TGAGATCACGCCATGTAGGC,GGCCGGCATGGTCCCAGCCTCCTCGCTGGCGCCGGCTGGGCAACATGCTTCGGCATGGCGAATGGGACTTTTTT,CCCTTAGTTT,AAGTAA,GCCTACATGGCGTGATCTCA,CAAA,ATATA,CTC,GCGGAC,TAGCTGCCTCGGTCATTCAA,CCCTTAGTTTAAGTAAGCCTACATGGCGTGATCTCACAAAATATACTCGCGGAC,GAAACAAATTCATTTGAATGAAGGAATGCAACTGAGATCACGCCATGTAGGCGGCCGGCATGGTCCCAGCCTCCTCGCTGGCGCCGGCTGGGCAACATGCTTCGGCATGGCGAATGGGACTTTTTTCCCTTAGTTTAAGTAAGCCTACATGGCGTGATCTCACAAAATATACTCGCGGACTAGCTGCCTCGGTCATTCAA,200
AsCas12f_098,AsCas12f,98,GAAACAAATTCATTTGAATGAAGGAATGCAAC,TACGGAATCCCCCTCTGGGG,GGCCGGCATGGTCCCAGCCTCCTCGCTGGCGCCGGCTGGGCAACATGCTTCGGCATGGCGAATGGGACTTTTTT,CATCATTCAG,CTCAGC,CCCCAGAGGGGGATTCCGTA,CAAA,GGTTG,TGA,CCTTCG,TAGCTGCCTCGGTCATTCAA,CATCATTCAGCTCAGCCCCCAGAGGGGGATTCCGTACAAAGGTTGTGACCTTCG,GAAACAAATTCATTTGAATGAAGGAATGCAACTACGGAATCCCCCTCTGGGGGGCCGGCATGGTCCCAGCCTCCTCGCTGGCGCCGGCTGGGCAACATGCTTCGGCATGGCGAATGGGACTTTTTTCATCATTCAGCTCAGCCCCCAGAGGGGGATTCCGTACAAAGGTTGTGACCTTCGTAGCTGCCTCGGTCATTCAA,200
AsCas12f_099,AsCas12f,99,GAAACAAATTCATTTGAATGAAGGAATGCAAC,AGTTGTCCTTTAGATTGTAG,GGCCGGCATGGTCCCAGCCTCCTCGCTGGCGCCGGCTGGGCAACATGCTTCGGCATGGCGAATGGGACTTTTTT,ACAAACCTTC,GTTCCT,CTACAATCTAAAGGACAACT,TAAA,CGCCT,GGA,TGGGCC,TAGCTGCCTCGGTCATTCAA,ACAAACCTTCGTTCCTCTACAATCTAAAGGACAACTTAAACGCCTGGATGGGCC,GAAACAAATTCATTTGAATGAAGGAATGCAACAGTTGTCCTTTAGATTGTAGGGCCGGCATGGTCCCAGCCTCCTCGCTGGCGCCGGCTGGGCAACATGCTTCGGCATGGCGAATGGGACTTTTTTACAAACCTTCGTTCCTCTACAATCTAAAGGACAACTTAAACGCCTGGATGGGCCTAGCTGCCTCGGTCATTCAA,200
AsCas12f_100,AsCas12f,100,GAAACAAATTCATTTGAATGAAGGAATGCAAC,GACATGACTAACGGTCGCTT,GGCCGGCATGGTCCCAGCCTCCTCGCTGGCGCCGGCTGGGCAACATGCTTCGGCATGGCGAATGGGACTTTTTT,ACCTGAGGGC,GACAGT,AAGCGACCGTTAGTCATGTC,CAAA,GGAAG,ATG,AGGTCG,TAGCTGCCTCGGTCATTCAA,ACCTGAGGGCGACAGTAAGCGACCGTTAGTCATGTCCAAAGGAAGATGAGGTCG,GAAACAAATTCATTTGAATGAAGGAATGCAACGACATGACTAACGGTCGCTTGGCCGGCATGGTCCCAGCCTCCTCGCTGGCGCCGGCTGGGCAACATGCTTCGGCATGGCGAATGGGACTTTTTTACCTGAGGGCGACAGTAAGCGACCGTTAGTCATGTCCAAAGGAAGATGAGGTCGTAGCTGCCTCGGTCATTCAA,200
