Identifier,Name,Number,5'Overhang,spacer,scaffold,filler 7N,Random left 6N,PAM_rv,target_rv,Random right 5N,Barcode,3'Overhang,,Concat:,Length:
Sa_001,Sa,1,GTGGAAAGGACGAAACACCG,ACCGCCCCTCAATATTGACGCT,GTCTTAGTACTCTGGAAACAGAATCTACTAAGACAAGGCAAAATGCCGTGTTTATCTCGTCAACTTGTTGGCGAGATTTTTTT,CGACACT,GCCGCC,ATTATTCCG,AGCGTCAATATTGAGGGGCGGT,TCCTC,AGCATC,GTCTACGCGGTACTACCCAC,,GTGGAAAGGACGAAACACCGACCGCCCCTCAATATTGACGCTGTCTTAGTACTCTGGAAACAGAATCTACTAAGACAAGGCAAAATGCCGTGTTTATCTCGTCAACTTGTTGGCGAGATTTTTTTCGACACTGCCGCCATTATTCCGAGCGTCAATATTGAGGGGCGGTTCCTCAGCATCGTCTACGCGGTACTACCCAC,200
Sa_002,Sa,2,GTGGAAAGGACGAAACACCG,GGATAAATATACTCTTAGAGAG,GTCTTAGTACTCTGGAAACAGAATCTACTAAGACAAGGCAAAATGCCGTGTTTATCTCGTCAACTTGTTGGCGAGATTTTTTT,CGCACAC,AAGAAA,CAGACTCGT,CTCTCTAAGAGTATATTTATCC,TCGTC,CTCTAC,GTCTACGCGGTACTACCCAC,,GTGGAAAGGACGAAACACCGGGATAAATATACTCTTAGAGAGGTCTTAGTACTCTGGAAACAGAATCTACTAAGACAAGGCAAAATGCCGTGTTTATCTCGTCAACTTGTTGGCGAGATTTTTTTCGCACACAAGAAACAGACTCGTCTCTCTAAGAGTATATTTATCCTCGTCCTCTACGTCTACGCGGTACTACCCAC,200
Sa_003,Sa,3,GTGGAAAGGACGAAACACCG,AGACATACGTCTCTTACAGACT,GTCTTAGTACTCTGGAAACAGAATCTACTAAGACAAGGCAAAATGCCGTGTTTATCTCGTCAACTTGTTGGCGAGATTTTTTT,CCATTCT,AGTCAA,TCTATCCAT,AGTCTGTAAGAGACGTATGTCT,CCGCT,CACGAC,GTCTACGCGGTACTACCCAC,,GTGGAAAGGACGAAACACCGAGACATACGTCTCTTACAGACTGTCTTAGTACTCTGGAAACAGAATCTACTAAGACAAGGCAAAATGCCGTGTTTATCTCGTCAACTTGTTGGCGAGATTTTTTTCCATTCTAGTCAATCTATCCATAGTCTGTAAGAGACGTATGTCTCCGCTCACGACGTCTACGCGGTACTACCCAC,200
Sa_004,Sa,4,GTGGAAAGGACGAAACACCG,ACAACTCTGTTCCCACGTCTAA,GTCTTAGTACTCTGGAAACAGAATCTACTAAGACAAGGCAAAATGCCGTGTTTATCTCGTCAACTTGTTGGCGAGATTTTTTT,TCGAGGT,GCTGCT,CAAACCCTC,TTAGACGTGGGAACAGAGTTGT,CAGGT,GGGTTC,GTCTACGCGGTACTACCCAC,,GTGGAAAGGACGAAACACCGACAACTCTGTTCCCACGTCTAAGTCTTAGTACTCTGGAAACAGAATCTACTAAGACAAGGCAAAATGCCGTGTTTATCTCGTCAACTTGTTGGCGAGATTTTTTTTCGAGGTGCTGCTCAAACCCTCTTAGACGTGGGAACAGAGTTGTCAGGTGGGTTCGTCTACGCGGTACTACCCAC,200
Sa_005,Sa,5,GTGGAAAGGACGAAACACCG,TGAAAGTTCGCCCGAACCAGGG,GTCTTAGTACTCTGGAAACAGAATCTACTAAGACAAGGCAAAATGCCGTGTTTATCTCGTCAACTTGTTGGCGAGATTTTTTT,AAATCGC,TGTCCG,CCAACCCTC,CCCTGGTTCGGGCGAACTTTCA,ATATG,GAATCA,GTCTACGCGGTACTACCCAC,,GTGGAAAGGACGAAACACCGTGAAAGTTCGCCCGAACCAGGGGTCTTAGTACTCTGGAAACAGAATCTACTAAGACAAGGCAAAATGCCGTGTTTATCTCGTCAACTTGTTGGCGAGATTTTTTTAAATCGCTGTCCGCCAACCCTCCCCTGGTTCGGGCGAACTTTCAATATGGAATCAGTCTACGCGGTACTACCCAC,200
Sa_006,Sa,6,GTGGAAAGGACGAAACACCG,GTCGTCGGAAGCCCATGGTTGC,GTCTTAGTACTCTGGAAACAGAATCTACTAAGACAAGGCAAAATGCCGTGTTTATCTCGTCAACTTGTTGGCGAGATTTTTTT,TCAAAAT,AATACT,GGTATCCGG,GCAACCATGGGCTTCCGACGAC,ACTCC,TCGCAC,GTCTACGCGGTACTACCCAC,,GTGGAAAGGACGAAACACCGGTCGTCGGAAGCCCATGGTTGCGTCTTAGTACTCTGGAAACAGAATCTACTAAGACAAGGCAAAATGCCGTGTTTATCTCGTCAACTTGTTGGCGAGATTTTTTTTCAAAATAATACTGGTATCCGGGCAACCATGGGCTTCCGACGACACTCCTCGCACGTCTACGCGGTACTACCCAC,200
Sa_007,Sa,7,GTGGAAAGGACGAAACACCG,CGACTGGACTAGCCATATGGGC,GTCTTAGTACTCTGGAAACAGAATCTACTAAGACAAGGCAAAATGCCGTGTTTATCTCGTCAACTTGTTGGCGAGATTTTTTT,GGTATTA,CACGTC,TCGATTCCA,GCCCATATGGCTAGTCCAGTCG,AGGCC,CTGGTC,GTCTACGCGGTACTACCCAC,,GTGGAAAGGACGAAACACCGCGACTGGACTAGCCATATGGGCGTCTTAGTACTCTGGAAACAGAATCTACTAAGACAAGGCAAAATGCCGTGTTTATCTCGTCAACTTGTTGGCGAGATTTTTTTGGTATTACACGTCTCGATTCCAGCCCATATGGCTAGTCCAGTCGAGGCCCTGGTCGTCTACGCGGTACTACCCAC,200
Sa_008,Sa,8,GTGGAAAGGACGAAACACCG,GCTCAACCGCTATGCGCACGCC,GTCTTAGTACTCTGGAAACAGAATCTACTAAGACAAGGCAAAATGCCGTGTTTATCTCGTCAACTTGTTGGCGAGATTTTTTT,AGCGTAT,ACATGT,CAGATCCTC,GGCGTGCGCATAGCGGTTGAGC,CGGGG,ACTCTA,GTCTACGCGGTACTACCCAC,,GTGGAAAGGACGAAACACCGGCTCAACCGCTATGCGCACGCCGTCTTAGTACTCTGGAAACAGAATCTACTAAGACAAGGCAAAATGCCGTGTTTATCTCGTCAACTTGTTGGCGAGATTTTTTTAGCGTATACATGTCAGATCCTCGGCGTGCGCATAGCGGTTGAGCCGGGGACTCTAGTCTACGCGGTACTACCCAC,200
Sa_009,Sa,9,GTGGAAAGGACGAAACACCG,CCGCTGTTGGAGGGCTACATTG,GTCTTAGTACTCTGGAAACAGAATCTACTAAGACAAGGCAAAATGCCGTGTTTATCTCGTCAACTTGTTGGCGAGATTTTTTT,CGGGTTT,TCTCTC,GTAATTCGG,CAATGTAGCCCTCCAACAGCGG,CTTGT,GAGGGC,GTCTACGCGGTACTACCCAC,,GTGGAAAGGACGAAACACCGCCGCTGTTGGAGGGCTACATTGGTCTTAGTACTCTGGAAACAGAATCTACTAAGACAAGGCAAAATGCCGTGTTTATCTCGTCAACTTGTTGGCGAGATTTTTTTCGGGTTTTCTCTCGTAATTCGGCAATGTAGCCCTCCAACAGCGGCTTGTGAGGGCGTCTACGCGGTACTACCCAC,200
Sa_010,Sa,10,GTGGAAAGGACGAAACACCG,CGTGTATCGCACTACTTCCGAG,GTCTTAGTACTCTGGAAACAGAATCTACTAAGACAAGGCAAAATGCCGTGTTTATCTCGTCAACTTGTTGGCGAGATTTTTTT,AGGCAGG,TCCCTT,GCCATCCTA,CTCGGAAGTAGTGCGATACACG,GACGG,GTATCT,GTCTACGCGGTACTACCCAC,,GTGGAAAGGACGAAACACCGCGTGTATCGCACTACTTCCGAGGTCTTAGTACTCTGGAAACAGAATCTACTAAGACAAGGCAAAATGCCGTGTTTATCTCGTCAACTTGTTGGCGAGATTTTTTTAGGCAGGTCCCTTGCCATCCTACTCGGAAGTAGTGCGATACACGGACGGGTATCTGTCTACGCGGTACTACCCAC,200
Sa_011,Sa,11,GTGGAAAGGACGAAACACCG,GATGTGTTGATGATCCGGAGGA,GTCTTAGTACTCTGGAAACAGAATCTACTAAGACAAGGCAAAATGCCGTGTTTATCTCGTCAACTTGTTGGCGAGATTTTTTT,CATAAGA,GGGAAA,TCGATCCTT,TCCTCCGGATCATCAACACATC,TGAAA,GTCACA,GTCTACGCGGTACTACCCAC,,GTGGAAAGGACGAAACACCGGATGTGTTGATGATCCGGAGGAGTCTTAGTACTCTGGAAACAGAATCTACTAAGACAAGGCAAAATGCCGTGTTTATCTCGTCAACTTGTTGGCGAGATTTTTTTCATAAGAGGGAAATCGATCCTTTCCTCCGGATCATCAACACATCTGAAAGTCACAGTCTACGCGGTACTACCCAC,200
Sa_012,Sa,12,GTGGAAAGGACGAAACACCG,TACCAAAATACATCTTTCTAAT,GTCTTAGTACTCTGGAAACAGAATCTACTAAGACAAGGCAAAATGCCGTGTTTATCTCGTCAACTTGTTGGCGAGATTTTTTT,ATACCAC,AGTTGC,ATGACCCGG,ATTAGAAAGATGTATTTTGGTA,GAACG,CGTCGC,GTCTACGCGGTACTACCCAC,,GTGGAAAGGACGAAACACCGTACCAAAATACATCTTTCTAATGTCTTAGTACTCTGGAAACAGAATCTACTAAGACAAGGCAAAATGCCGTGTTTATCTCGTCAACTTGTTGGCGAGATTTTTTTATACCACAGTTGCATGACCCGGATTAGAAAGATGTATTTTGGTAGAACGCGTCGCGTCTACGCGGTACTACCCAC,200
Sa_013,Sa,13,GTGGAAAGGACGAAACACCG,TAAAGGAATAATAGTGTTCTGC,GTCTTAGTACTCTGGAAACAGAATCTACTAAGACAAGGCAAAATGCCGTGTTTATCTCGTCAACTTGTTGGCGAGATTTTTTT,GTTCGAT,CTGGCT,TGTACTCGA,GCAGAACACTATTATTCCTTTA,GTAAG,TACCAG,GTCTACGCGGTACTACCCAC,,GTGGAAAGGACGAAACACCGTAAAGGAATAATAGTGTTCTGCGTCTTAGTACTCTGGAAACAGAATCTACTAAGACAAGGCAAAATGCCGTGTTTATCTCGTCAACTTGTTGGCGAGATTTTTTTGTTCGATCTGGCTTGTACTCGAGCAGAACACTATTATTCCTTTAGTAAGTACCAGGTCTACGCGGTACTACCCAC,200
Sa_014,Sa,14,GTGGAAAGGACGAAACACCG,GTTTACTCCTATGAGGGGTGGA,GTCTTAGTACTCTGGAAACAGAATCTACTAAGACAAGGCAAAATGCCGTGTTTATCTCGTCAACTTGTTGGCGAGATTTTTTT,ACCGCGC,GCCATG,CCCATTCCA,TCCACCCCTCATAGGAGTAAAC,ACTAT,CGGACG,GTCTACGCGGTACTACCCAC,,GTGGAAAGGACGAAACACCGGTTTACTCCTATGAGGGGTGGAGTCTTAGTACTCTGGAAACAGAATCTACTAAGACAAGGCAAAATGCCGTGTTTATCTCGTCAACTTGTTGGCGAGATTTTTTTACCGCGCGCCATGCCCATTCCATCCACCCCTCATAGGAGTAAACACTATCGGACGGTCTACGCGGTACTACCCAC,200
Sa_015,Sa,15,GTGGAAAGGACGAAACACCG,CGTGCAAATGCCCGACAAACCA,GTCTTAGTACTCTGGAAACAGAATCTACTAAGACAAGGCAAAATGCCGTGTTTATCTCGTCAACTTGTTGGCGAGATTTTTTT,ATTCCAC,TGCCCG,GAAACTCGC,TGGTTTGTCGGGCATTTGCACG,CTATA,AATTAA,GTCTACGCGGTACTACCCAC,,GTGGAAAGGACGAAACACCGCGTGCAAATGCCCGACAAACCAGTCTTAGTACTCTGGAAACAGAATCTACTAAGACAAGGCAAAATGCCGTGTTTATCTCGTCAACTTGTTGGCGAGATTTTTTTATTCCACTGCCCGGAAACTCGCTGGTTTGTCGGGCATTTGCACGCTATAAATTAAGTCTACGCGGTACTACCCAC,200
Sa_016,Sa,16,GTGGAAAGGACGAAACACCG,AGTGAAGATCATTAGTGAGCGA,GTCTTAGTACTCTGGAAACAGAATCTACTAAGACAAGGCAAAATGCCGTGTTTATCTCGTCAACTTGTTGGCGAGATTTTTTT,TGAGGGG,AAACGT,AGGATCCGC,TCGCTCACTAATGATCTTCACT,ACAAT,CGTTCG,GTCTACGCGGTACTACCCAC,,GTGGAAAGGACGAAACACCGAGTGAAGATCATTAGTGAGCGAGTCTTAGTACTCTGGAAACAGAATCTACTAAGACAAGGCAAAATGCCGTGTTTATCTCGTCAACTTGTTGGCGAGATTTTTTTTGAGGGGAAACGTAGGATCCGCTCGCTCACTAATGATCTTCACTACAATCGTTCGGTCTACGCGGTACTACCCAC,200
Sa_017,Sa,17,GTGGAAAGGACGAAACACCG,GAATTCGTACCCTCATGGCTTA,GTCTTAGTACTCTGGAAACAGAATCTACTAAGACAAGGCAAAATGCCGTGTTTATCTCGTCAACTTGTTGGCGAGATTTTTTT,TCGGGTA,GCCGTC,TCAATTCGC,TAAGCCATGAGGGTACGAATTC,GTGTT,GTAGAA,GTCTACGCGGTACTACCCAC,,GTGGAAAGGACGAAACACCGGAATTCGTACCCTCATGGCTTAGTCTTAGTACTCTGGAAACAGAATCTACTAAGACAAGGCAAAATGCCGTGTTTATCTCGTCAACTTGTTGGCGAGATTTTTTTTCGGGTAGCCGTCTCAATTCGCTAAGCCATGAGGGTACGAATTCGTGTTGTAGAAGTCTACGCGGTACTACCCAC,200
Sa_018,Sa,18,GTGGAAAGGACGAAACACCG,ATGCTCTCGAGAATCCATCTTT,GTCTTAGTACTCTGGAAACAGAATCTACTAAGACAAGGCAAAATGCCGTGTTTATCTCGTCAACTTGTTGGCGAGATTTTTTT,TTGGGGT,GTACCA,GGCACTCTG,AAAGATGGATTCTCGAGAGCAT,ATGAT,TGTCCT,GTCTACGCGGTACTACCCAC,,GTGGAAAGGACGAAACACCGATGCTCTCGAGAATCCATCTTTGTCTTAGTACTCTGGAAACAGAATCTACTAAGACAAGGCAAAATGCCGTGTTTATCTCGTCAACTTGTTGGCGAGATTTTTTTTTGGGGTGTACCAGGCACTCTGAAAGATGGATTCTCGAGAGCATATGATTGTCCTGTCTACGCGGTACTACCCAC,200
Sa_019,Sa,19,GTGGAAAGGACGAAACACCG,CTGCAATATTAGTGAGTCCAGT,GTCTTAGTACTCTGGAAACAGAATCTACTAAGACAAGGCAAAATGCCGTGTTTATCTCGTCAACTTGTTGGCGAGATTTTTTT,GCGGCAA,CCTGTA,TAAATTCAC,ACTGGACTCACTAATATTGCAG,AGCCC,CATCTA,GTCTACGCGGTACTACCCAC,,GTGGAAAGGACGAAACACCGCTGCAATATTAGTGAGTCCAGTGTCTTAGTACTCTGGAAACAGAATCTACTAAGACAAGGCAAAATGCCGTGTTTATCTCGTCAACTTGTTGGCGAGATTTTTTTGCGGCAACCTGTATAAATTCACACTGGACTCACTAATATTGCAGAGCCCCATCTAGTCTACGCGGTACTACCCAC,200
Sa_020,Sa,20,GTGGAAAGGACGAAACACCG,GGGACACCACGTCGCTTGTTGT,GTCTTAGTACTCTGGAAACAGAATCTACTAAGACAAGGCAAAATGCCGTGTTTATCTCGTCAACTTGTTGGCGAGATTTTTTT,CATTTTC,CAGCGG,CCCATCCTG,ACAACAAGCGACGTGGTGTCCC,ATTGC,AATTAT,GTCTACGCGGTACTACCCAC,,GTGGAAAGGACGAAACACCGGGGACACCACGTCGCTTGTTGTGTCTTAGTACTCTGGAAACAGAATCTACTAAGACAAGGCAAAATGCCGTGTTTATCTCGTCAACTTGTTGGCGAGATTTTTTTCATTTTCCAGCGGCCCATCCTGACAACAAGCGACGTGGTGTCCCATTGCAATTATGTCTACGCGGTACTACCCAC,200
Sa_021,Sa,21,GTGGAAAGGACGAAACACCG,TTATAATTGCACCGTAATGACT,GTCTTAGTACTCTGGAAACAGAATCTACTAAGACAAGGCAAAATGCCGTGTTTATCTCGTCAACTTGTTGGCGAGATTTTTTT,GAGGCTG,GGCATA,CCCACCCTT,AGTCATTACGGTGCAATTATAA,ACATA,AAATCT,GTCTACGCGGTACTACCCAC,,GTGGAAAGGACGAAACACCGTTATAATTGCACCGTAATGACTGTCTTAGTACTCTGGAAACAGAATCTACTAAGACAAGGCAAAATGCCGTGTTTATCTCGTCAACTTGTTGGCGAGATTTTTTTGAGGCTGGGCATACCCACCCTTAGTCATTACGGTGCAATTATAAACATAAAATCTGTCTACGCGGTACTACCCAC,200
Sa_022,Sa,22,GTGGAAAGGACGAAACACCG,CCAAGCAGGAGGCGCTCAGTAA,GTCTTAGTACTCTGGAAACAGAATCTACTAAGACAAGGCAAAATGCCGTGTTTATCTCGTCAACTTGTTGGCGAGATTTTTTT,TCTTGGT,CTCGCT,GCTACTCAA,TTACTGAGCGCCTCCTGCTTGG,TTAAT,GAGTCG,GTCTACGCGGTACTACCCAC,,GTGGAAAGGACGAAACACCGCCAAGCAGGAGGCGCTCAGTAAGTCTTAGTACTCTGGAAACAGAATCTACTAAGACAAGGCAAAATGCCGTGTTTATCTCGTCAACTTGTTGGCGAGATTTTTTTTCTTGGTCTCGCTGCTACTCAATTACTGAGCGCCTCCTGCTTGGTTAATGAGTCGGTCTACGCGGTACTACCCAC,200
Sa_023,Sa,23,GTGGAAAGGACGAAACACCG,CCCTGTTCTCCGTCCCTGTGCC,GTCTTAGTACTCTGGAAACAGAATCTACTAAGACAAGGCAAAATGCCGTGTTTATCTCGTCAACTTGTTGGCGAGATTTTTTT,GCGGACC,GCGACC,TGGATTCCG,GGCACAGGGACGGAGAACAGGG,CAAGA,CAAAAT,GTCTACGCGGTACTACCCAC,,GTGGAAAGGACGAAACACCGCCCTGTTCTCCGTCCCTGTGCCGTCTTAGTACTCTGGAAACAGAATCTACTAAGACAAGGCAAAATGCCGTGTTTATCTCGTCAACTTGTTGGCGAGATTTTTTTGCGGACCGCGACCTGGATTCCGGGCACAGGGACGGAGAACAGGGCAAGACAAAATGTCTACGCGGTACTACCCAC,200
Sa_024,Sa,24,GTGGAAAGGACGAAACACCG,AATACCATGCACTAGTTAAGAC,GTCTTAGTACTCTGGAAACAGAATCTACTAAGACAAGGCAAAATGCCGTGTTTATCTCGTCAACTTGTTGGCGAGATTTTTTT,GTGACCG,CGGTAA,TCTATCCTG,GTCTTAACTAGTGCATGGTATT,AAACC,TTGTGT,GTCTACGCGGTACTACCCAC,,GTGGAAAGGACGAAACACCGAATACCATGCACTAGTTAAGACGTCTTAGTACTCTGGAAACAGAATCTACTAAGACAAGGCAAAATGCCGTGTTTATCTCGTCAACTTGTTGGCGAGATTTTTTTGTGACCGCGGTAATCTATCCTGGTCTTAACTAGTGCATGGTATTAAACCTTGTGTGTCTACGCGGTACTACCCAC,200
Sa_025,Sa,25,GTGGAAAGGACGAAACACCG,GGGGTTATCAGGGCCTTGTCGG,GTCTTAGTACTCTGGAAACAGAATCTACTAAGACAAGGCAAAATGCCGTGTTTATCTCGTCAACTTGTTGGCGAGATTTTTTT,TGTGCAT,GATACC,AGGACTCCT,CCGACAAGGCCCTGATAACCCC,GCGGC,GCATAT,GTCTACGCGGTACTACCCAC,,GTGGAAAGGACGAAACACCGGGGGTTATCAGGGCCTTGTCGGGTCTTAGTACTCTGGAAACAGAATCTACTAAGACAAGGCAAAATGCCGTGTTTATCTCGTCAACTTGTTGGCGAGATTTTTTTTGTGCATGATACCAGGACTCCTCCGACAAGGCCCTGATAACCCCGCGGCGCATATGTCTACGCGGTACTACCCAC,200
Sa_026,Sa,26,GTGGAAAGGACGAAACACCG,CTCACAAATCTAATCCCCTCGA,GTCTTAGTACTCTGGAAACAGAATCTACTAAGACAAGGCAAAATGCCGTGTTTATCTCGTCAACTTGTTGGCGAGATTTTTTT,AGCCTAC,GCGGGG,GTAACCCGT,TCGAGGGGATTAGATTTGTGAG,GTCCT,TCCGTG,GTCTACGCGGTACTACCCAC,,GTGGAAAGGACGAAACACCGCTCACAAATCTAATCCCCTCGAGTCTTAGTACTCTGGAAACAGAATCTACTAAGACAAGGCAAAATGCCGTGTTTATCTCGTCAACTTGTTGGCGAGATTTTTTTAGCCTACGCGGGGGTAACCCGTTCGAGGGGATTAGATTTGTGAGGTCCTTCCGTGGTCTACGCGGTACTACCCAC,200
Sa_027,Sa,27,GTGGAAAGGACGAAACACCG,CGGAACTGCGGCCCTACCTAGA,GTCTTAGTACTCTGGAAACAGAATCTACTAAGACAAGGCAAAATGCCGTGTTTATCTCGTCAACTTGTTGGCGAGATTTTTTT,CTTGCGG,CAGGAC,TGGATTCCA,TCTAGGTAGGGCCGCAGTTCCG,TATCA,AGTGCG,GTCTACGCGGTACTACCCAC,,GTGGAAAGGACGAAACACCGCGGAACTGCGGCCCTACCTAGAGTCTTAGTACTCTGGAAACAGAATCTACTAAGACAAGGCAAAATGCCGTGTTTATCTCGTCAACTTGTTGGCGAGATTTTTTTCTTGCGGCAGGACTGGATTCCATCTAGGTAGGGCCGCAGTTCCGTATCAAGTGCGGTCTACGCGGTACTACCCAC,200
Sa_028,Sa,28,GTGGAAAGGACGAAACACCG,TTGTGCACATGCTCGTCGAGGA,GTCTTAGTACTCTGGAAACAGAATCTACTAAGACAAGGCAAAATGCCGTGTTTATCTCGTCAACTTGTTGGCGAGATTTTTTT,GGCTGAT,CTGGGC,TCAATTCTA,TCCTCGACGAGCATGTGCACAA,GTGTA,GCGCAG,GTCTACGCGGTACTACCCAC,,GTGGAAAGGACGAAACACCGTTGTGCACATGCTCGTCGAGGAGTCTTAGTACTCTGGAAACAGAATCTACTAAGACAAGGCAAAATGCCGTGTTTATCTCGTCAACTTGTTGGCGAGATTTTTTTGGCTGATCTGGGCTCAATTCTATCCTCGACGAGCATGTGCACAAGTGTAGCGCAGGTCTACGCGGTACTACCCAC,200
Sa_029,Sa,29,GTGGAAAGGACGAAACACCG,CTACTAACACAGGCTGTCTCGA,GTCTTAGTACTCTGGAAACAGAATCTACTAAGACAAGGCAAAATGCCGTGTTTATCTCGTCAACTTGTTGGCGAGATTTTTTT,ATGTGTA,CACGCA,AAGATCCAG,TCGAGACAGCCTGTGTTAGTAG,ACGAT,TCTGCT,GTCTACGCGGTACTACCCAC,,GTGGAAAGGACGAAACACCGCTACTAACACAGGCTGTCTCGAGTCTTAGTACTCTGGAAACAGAATCTACTAAGACAAGGCAAAATGCCGTGTTTATCTCGTCAACTTGTTGGCGAGATTTTTTTATGTGTACACGCAAAGATCCAGTCGAGACAGCCTGTGTTAGTAGACGATTCTGCTGTCTACGCGGTACTACCCAC,200
Sa_030,Sa,30,GTGGAAAGGACGAAACACCG,CGAATAATAAGTTTCGTTGAGA,GTCTTAGTACTCTGGAAACAGAATCTACTAAGACAAGGCAAAATGCCGTGTTTATCTCGTCAACTTGTTGGCGAGATTTTTTT,CTTTTCT,TCTACG,CTTATCCTT,TCTCAACGAAACTTATTATTCG,CCAAG,TTTTGC,GTCTACGCGGTACTACCCAC,,GTGGAAAGGACGAAACACCGCGAATAATAAGTTTCGTTGAGAGTCTTAGTACTCTGGAAACAGAATCTACTAAGACAAGGCAAAATGCCGTGTTTATCTCGTCAACTTGTTGGCGAGATTTTTTTCTTTTCTTCTACGCTTATCCTTTCTCAACGAAACTTATTATTCGCCAAGTTTTGCGTCTACGCGGTACTACCCAC,200
Sa_031,Sa,31,GTGGAAAGGACGAAACACCG,ACACGGATTAGAGGCCCGCTGT,GTCTTAGTACTCTGGAAACAGAATCTACTAAGACAAGGCAAAATGCCGTGTTTATCTCGTCAACTTGTTGGCGAGATTTTTTT,ACGCACT,TTTGCA,ATTACCCGC,ACAGCGGGCCTCTAATCCGTGT,GTAAC,CGAAAG,GTCTACGCGGTACTACCCAC,,GTGGAAAGGACGAAACACCGACACGGATTAGAGGCCCGCTGTGTCTTAGTACTCTGGAAACAGAATCTACTAAGACAAGGCAAAATGCCGTGTTTATCTCGTCAACTTGTTGGCGAGATTTTTTTACGCACTTTTGCAATTACCCGCACAGCGGGCCTCTAATCCGTGTGTAACCGAAAGGTCTACGCGGTACTACCCAC,200
Sa_032,Sa,32,GTGGAAAGGACGAAACACCG,TTCGGAAAGCTGTGACCAATGG,GTCTTAGTACTCTGGAAACAGAATCTACTAAGACAAGGCAAAATGCCGTGTTTATCTCGTCAACTTGTTGGCGAGATTTTTTT,CGCTAAG,TTTATG,GAAACCCTG,CCATTGGTCACAGCTTTCCGAA,CGAAC,TGCCGG,GTCTACGCGGTACTACCCAC,,GTGGAAAGGACGAAACACCGTTCGGAAAGCTGTGACCAATGGGTCTTAGTACTCTGGAAACAGAATCTACTAAGACAAGGCAAAATGCCGTGTTTATCTCGTCAACTTGTTGGCGAGATTTTTTTCGCTAAGTTTATGGAAACCCTGCCATTGGTCACAGCTTTCCGAACGAACTGCCGGGTCTACGCGGTACTACCCAC,200
Sa_033,Sa,33,GTGGAAAGGACGAAACACCG,CGTCACTTTAAAACAGGTTCGA,GTCTTAGTACTCTGGAAACAGAATCTACTAAGACAAGGCAAAATGCCGTGTTTATCTCGTCAACTTGTTGGCGAGATTTTTTT,AAATATA,AGCACG,CCCACTCGG,TCGAACCTGTTTTAAAGTGACG,CCCTC,GTCTCC,GTCTACGCGGTACTACCCAC,,GTGGAAAGGACGAAACACCGCGTCACTTTAAAACAGGTTCGAGTCTTAGTACTCTGGAAACAGAATCTACTAAGACAAGGCAAAATGCCGTGTTTATCTCGTCAACTTGTTGGCGAGATTTTTTTAAATATAAGCACGCCCACTCGGTCGAACCTGTTTTAAAGTGACGCCCTCGTCTCCGTCTACGCGGTACTACCCAC,200
Sa_034,Sa,34,GTGGAAAGGACGAAACACCG,TTTAGCCGGGGCGAATTTACAT,GTCTTAGTACTCTGGAAACAGAATCTACTAAGACAAGGCAAAATGCCGTGTTTATCTCGTCAACTTGTTGGCGAGATTTTTTT,AGTTGCT,ATGGGT,TCGACTCCA,ATGTAAATTCGCCCCGGCTAAA,TTAAC,AGTTAA,GTCTACGCGGTACTACCCAC,,GTGGAAAGGACGAAACACCGTTTAGCCGGGGCGAATTTACATGTCTTAGTACTCTGGAAACAGAATCTACTAAGACAAGGCAAAATGCCGTGTTTATCTCGTCAACTTGTTGGCGAGATTTTTTTAGTTGCTATGGGTTCGACTCCAATGTAAATTCGCCCCGGCTAAATTAACAGTTAAGTCTACGCGGTACTACCCAC,200
Sa_035,Sa,35,GTGGAAAGGACGAAACACCG,TCATCAAGGGGTTCGATCCGAG,GTCTTAGTACTCTGGAAACAGAATCTACTAAGACAAGGCAAAATGCCGTGTTTATCTCGTCAACTTGTTGGCGAGATTTTTTT,TGTAATT,ACAACC,TAAACTCGT,CTCGGATCGAACCCCTTGATGA,CTGAT,AAGAGG,GTCTACGCGGTACTACCCAC,,GTGGAAAGGACGAAACACCGTCATCAAGGGGTTCGATCCGAGGTCTTAGTACTCTGGAAACAGAATCTACTAAGACAAGGCAAAATGCCGTGTTTATCTCGTCAACTTGTTGGCGAGATTTTTTTTGTAATTACAACCTAAACTCGTCTCGGATCGAACCCCTTGATGACTGATAAGAGGGTCTACGCGGTACTACCCAC,200
Sa_036,Sa,36,GTGGAAAGGACGAAACACCG,GGTAGCGTCCTCGAGCACCCTA,GTCTTAGTACTCTGGAAACAGAATCTACTAAGACAAGGCAAAATGCCGTGTTTATCTCGTCAACTTGTTGGCGAGATTTTTTT,CGTTAGC,AGTACC,TGGACTCTA,TAGGGTGCTCGAGGACGCTACC,AGCCA,AATGCG,GTCTACGCGGTACTACCCAC,,GTGGAAAGGACGAAACACCGGGTAGCGTCCTCGAGCACCCTAGTCTTAGTACTCTGGAAACAGAATCTACTAAGACAAGGCAAAATGCCGTGTTTATCTCGTCAACTTGTTGGCGAGATTTTTTTCGTTAGCAGTACCTGGACTCTATAGGGTGCTCGAGGACGCTACCAGCCAAATGCGGTCTACGCGGTACTACCCAC,200
Sa_037,Sa,37,GTGGAAAGGACGAAACACCG,GTTCTAGTCAAGACCCGCAGGT,GTCTTAGTACTCTGGAAACAGAATCTACTAAGACAAGGCAAAATGCCGTGTTTATCTCGTCAACTTGTTGGCGAGATTTTTTT,ATCACAC,CGGAGT,GTTACTCTA,ACCTGCGGGTCTTGACTAGAAC,TGATG,TGGCGA,GTCTACGCGGTACTACCCAC,,GTGGAAAGGACGAAACACCGGTTCTAGTCAAGACCCGCAGGTGTCTTAGTACTCTGGAAACAGAATCTACTAAGACAAGGCAAAATGCCGTGTTTATCTCGTCAACTTGTTGGCGAGATTTTTTTATCACACCGGAGTGTTACTCTAACCTGCGGGTCTTGACTAGAACTGATGTGGCGAGTCTACGCGGTACTACCCAC,200
Sa_038,Sa,38,GTGGAAAGGACGAAACACCG,TAAGACCAATTCGGCTCTCAGT,GTCTTAGTACTCTGGAAACAGAATCTACTAAGACAAGGCAAAATGCCGTGTTTATCTCGTCAACTTGTTGGCGAGATTTTTTT,TCCACAT,AAGCCT,GTAACTCGC,ACTGAGAGCCGAATTGGTCTTA,CAGCC,GCACGG,GTCTACGCGGTACTACCCAC,,GTGGAAAGGACGAAACACCGTAAGACCAATTCGGCTCTCAGTGTCTTAGTACTCTGGAAACAGAATCTACTAAGACAAGGCAAAATGCCGTGTTTATCTCGTCAACTTGTTGGCGAGATTTTTTTTCCACATAAGCCTGTAACTCGCACTGAGAGCCGAATTGGTCTTACAGCCGCACGGGTCTACGCGGTACTACCCAC,200
Sa_039,Sa,39,GTGGAAAGGACGAAACACCG,ATCCCATGGTAGAAGAGCAGCT,GTCTTAGTACTCTGGAAACAGAATCTACTAAGACAAGGCAAAATGCCGTGTTTATCTCGTCAACTTGTTGGCGAGATTTTTTT,ATTCTCT,CATAGA,TGCACCCGA,AGCTGCTCTTCTACCATGGGAT,AGAGA,TTTCGT,GTCTACGCGGTACTACCCAC,,GTGGAAAGGACGAAACACCGATCCCATGGTAGAAGAGCAGCTGTCTTAGTACTCTGGAAACAGAATCTACTAAGACAAGGCAAAATGCCGTGTTTATCTCGTCAACTTGTTGGCGAGATTTTTTTATTCTCTCATAGATGCACCCGAAGCTGCTCTTCTACCATGGGATAGAGATTTCGTGTCTACGCGGTACTACCCAC,200
Sa_040,Sa,40,GTGGAAAGGACGAAACACCG,GTAGGAGTTGCTAAATTTCTAT,GTCTTAGTACTCTGGAAACAGAATCTACTAAGACAAGGCAAAATGCCGTGTTTATCTCGTCAACTTGTTGGCGAGATTTTTTT,CCACAAC,CACAGC,CATATTCGC,ATAGAAATTTAGCAACTCCTAC,TGCAA,ATTCAC,GTCTACGCGGTACTACCCAC,,GTGGAAAGGACGAAACACCGGTAGGAGTTGCTAAATTTCTATGTCTTAGTACTCTGGAAACAGAATCTACTAAGACAAGGCAAAATGCCGTGTTTATCTCGTCAACTTGTTGGCGAGATTTTTTTCCACAACCACAGCCATATTCGCATAGAAATTTAGCAACTCCTACTGCAAATTCACGTCTACGCGGTACTACCCAC,200
Sa_041,Sa,41,GTGGAAAGGACGAAACACCG,CTTATCTTCTACTTGACTAGGA,GTCTTAGTACTCTGGAAACAGAATCTACTAAGACAAGGCAAAATGCCGTGTTTATCTCGTCAACTTGTTGGCGAGATTTTTTT,GGATCAT,TGAAAT,TGCATCCGG,TCCTAGTCAAGTAGAAGATAAG,CTGGA,CCAGAA,GTCTACGCGGTACTACCCAC,,GTGGAAAGGACGAAACACCGCTTATCTTCTACTTGACTAGGAGTCTTAGTACTCTGGAAACAGAATCTACTAAGACAAGGCAAAATGCCGTGTTTATCTCGTCAACTTGTTGGCGAGATTTTTTTGGATCATTGAAATTGCATCCGGTCCTAGTCAAGTAGAAGATAAGCTGGACCAGAAGTCTACGCGGTACTACCCAC,200
Sa_042,Sa,42,GTGGAAAGGACGAAACACCG,GGCAGAACATGACAGGTATGAT,GTCTTAGTACTCTGGAAACAGAATCTACTAAGACAAGGCAAAATGCCGTGTTTATCTCGTCAACTTGTTGGCGAGATTTTTTT,TTGGTGC,CAGAAT,TTAATTCGC,ATCATACCTGTCATGTTCTGCC,TCTAG,CAAGAA,GTCTACGCGGTACTACCCAC,,GTGGAAAGGACGAAACACCGGGCAGAACATGACAGGTATGATGTCTTAGTACTCTGGAAACAGAATCTACTAAGACAAGGCAAAATGCCGTGTTTATCTCGTCAACTTGTTGGCGAGATTTTTTTTTGGTGCCAGAATTTAATTCGCATCATACCTGTCATGTTCTGCCTCTAGCAAGAAGTCTACGCGGTACTACCCAC,200
Sa_043,Sa,43,GTGGAAAGGACGAAACACCG,CCACACAAAGGGGCCCTTCTGC,GTCTTAGTACTCTGGAAACAGAATCTACTAAGACAAGGCAAAATGCCGTGTTTATCTCGTCAACTTGTTGGCGAGATTTTTTT,TGGGTAA,GCAGTC,TGAATCCCC,GCAGAAGGGCCCCTTTGTGTGG,GTTCC,CGTGTA,GTCTACGCGGTACTACCCAC,,GTGGAAAGGACGAAACACCGCCACACAAAGGGGCCCTTCTGCGTCTTAGTACTCTGGAAACAGAATCTACTAAGACAAGGCAAAATGCCGTGTTTATCTCGTCAACTTGTTGGCGAGATTTTTTTTGGGTAAGCAGTCTGAATCCCCGCAGAAGGGCCCCTTTGTGTGGGTTCCCGTGTAGTCTACGCGGTACTACCCAC,200
Sa_044,Sa,44,GTGGAAAGGACGAAACACCG,TAGTCTTCCGAAGCCTCCGTAA,GTCTTAGTACTCTGGAAACAGAATCTACTAAGACAAGGCAAAATGCCGTGTTTATCTCGTCAACTTGTTGGCGAGATTTTTTT,TACCCGG,CCGGTC,AGCATCCAG,TTACGGAGGCTTCGGAAGACTA,CCAGT,CACCTT,GTCTACGCGGTACTACCCAC,,GTGGAAAGGACGAAACACCGTAGTCTTCCGAAGCCTCCGTAAGTCTTAGTACTCTGGAAACAGAATCTACTAAGACAAGGCAAAATGCCGTGTTTATCTCGTCAACTTGTTGGCGAGATTTTTTTTACCCGGCCGGTCAGCATCCAGTTACGGAGGCTTCGGAAGACTACCAGTCACCTTGTCTACGCGGTACTACCCAC,200
Sa_045,Sa,45,GTGGAAAGGACGAAACACCG,CTCGATGACAAAATCCACGCTA,GTCTTAGTACTCTGGAAACAGAATCTACTAAGACAAGGCAAAATGCCGTGTTTATCTCGTCAACTTGTTGGCGAGATTTTTTT,ATGCTCC,TGCCTT,ACTATTCAT,TAGCGTGGATTTTGTCATCGAG,TTAGA,ACGTAA,GTCTACGCGGTACTACCCAC,,GTGGAAAGGACGAAACACCGCTCGATGACAAAATCCACGCTAGTCTTAGTACTCTGGAAACAGAATCTACTAAGACAAGGCAAAATGCCGTGTTTATCTCGTCAACTTGTTGGCGAGATTTTTTTATGCTCCTGCCTTACTATTCATTAGCGTGGATTTTGTCATCGAGTTAGAACGTAAGTCTACGCGGTACTACCCAC,200
Sa_046,Sa,46,GTGGAAAGGACGAAACACCG,ATTCGACCGTGCCGACTCCAGA,GTCTTAGTACTCTGGAAACAGAATCTACTAAGACAAGGCAAAATGCCGTGTTTATCTCGTCAACTTGTTGGCGAGATTTTTTT,GCATTGC,CCCTGG,GCCATCCGT,TCTGGAGTCGGCACGGTCGAAT,TCGAA,CGCTTG,GTCTACGCGGTACTACCCAC,,GTGGAAAGGACGAAACACCGATTCGACCGTGCCGACTCCAGAGTCTTAGTACTCTGGAAACAGAATCTACTAAGACAAGGCAAAATGCCGTGTTTATCTCGTCAACTTGTTGGCGAGATTTTTTTGCATTGCCCCTGGGCCATCCGTTCTGGAGTCGGCACGGTCGAATTCGAACGCTTGGTCTACGCGGTACTACCCAC,200
Sa_047,Sa,47,GTGGAAAGGACGAAACACCG,GAGGCGCAGCGCGTACCCTTCG,GTCTTAGTACTCTGGAAACAGAATCTACTAAGACAAGGCAAAATGCCGTGTTTATCTCGTCAACTTGTTGGCGAGATTTTTTT,CTCGGCG,TTACTG,GCCACTCCG,CGAAGGGTACGCGCTGCGCCTC,GCGCT,CGGGGG,GTCTACGCGGTACTACCCAC,,GTGGAAAGGACGAAACACCGGAGGCGCAGCGCGTACCCTTCGGTCTTAGTACTCTGGAAACAGAATCTACTAAGACAAGGCAAAATGCCGTGTTTATCTCGTCAACTTGTTGGCGAGATTTTTTTCTCGGCGTTACTGGCCACTCCGCGAAGGGTACGCGCTGCGCCTCGCGCTCGGGGGGTCTACGCGGTACTACCCAC,200
Sa_048,Sa,48,GTGGAAAGGACGAAACACCG,TGGCTGTACCTTCAACCCTATA,GTCTTAGTACTCTGGAAACAGAATCTACTAAGACAAGGCAAAATGCCGTGTTTATCTCGTCAACTTGTTGGCGAGATTTTTTT,TCAAATG,GTCAAG,ATCATTCAG,TATAGGGTTGAAGGTACAGCCA,GATCC,GTTTAT,GTCTACGCGGTACTACCCAC,,GTGGAAAGGACGAAACACCGTGGCTGTACCTTCAACCCTATAGTCTTAGTACTCTGGAAACAGAATCTACTAAGACAAGGCAAAATGCCGTGTTTATCTCGTCAACTTGTTGGCGAGATTTTTTTTCAAATGGTCAAGATCATTCAGTATAGGGTTGAAGGTACAGCCAGATCCGTTTATGTCTACGCGGTACTACCCAC,200
Sa_049,Sa,49,GTGGAAAGGACGAAACACCG,ACCGGATGCATTCTAGCGCATA,GTCTTAGTACTCTGGAAACAGAATCTACTAAGACAAGGCAAAATGCCGTGTTTATCTCGTCAACTTGTTGGCGAGATTTTTTT,CATCACG,TTCCAA,CCAACCCGG,TATGCGCTAGAATGCATCCGGT,AGCAT,ACGCAC,GTCTACGCGGTACTACCCAC,,GTGGAAAGGACGAAACACCGACCGGATGCATTCTAGCGCATAGTCTTAGTACTCTGGAAACAGAATCTACTAAGACAAGGCAAAATGCCGTGTTTATCTCGTCAACTTGTTGGCGAGATTTTTTTCATCACGTTCCAACCAACCCGGTATGCGCTAGAATGCATCCGGTAGCATACGCACGTCTACGCGGTACTACCCAC,200
Sa_050,Sa,50,GTGGAAAGGACGAAACACCG,TAGAGTCTTATTAATGCTCGTC,GTCTTAGTACTCTGGAAACAGAATCTACTAAGACAAGGCAAAATGCCGTGTTTATCTCGTCAACTTGTTGGCGAGATTTTTTT,TGGGGGA,TCACTT,CATACCCGA,GACGAGCATTAATAAGACTCTA,AGTTA,ACCGCG,GTCTACGCGGTACTACCCAC,,GTGGAAAGGACGAAACACCGTAGAGTCTTATTAATGCTCGTCGTCTTAGTACTCTGGAAACAGAATCTACTAAGACAAGGCAAAATGCCGTGTTTATCTCGTCAACTTGTTGGCGAGATTTTTTTTGGGGGATCACTTCATACCCGAGACGAGCATTAATAAGACTCTAAGTTAACCGCGGTCTACGCGGTACTACCCAC,200
Sa_051,Sa,51,GTGGAAAGGACGAAACACCG,GCATTTCCGTACGCAAGTACTG,GTCTTAGTACTCTGGAAACAGAATCTACTAAGACAAGGCAAAATGCCGTGTTTATCTCGTCAACTTGTTGGCGAGATTTTTTT,ACTGTCC,ACGGTG,TTTATTCTA,CAGTACTTGCGTACGGAAATGC,CAGCG,AGAACG,GTCTACGCGGTACTACCCAC,,GTGGAAAGGACGAAACACCGGCATTTCCGTACGCAAGTACTGGTCTTAGTACTCTGGAAACAGAATCTACTAAGACAAGGCAAAATGCCGTGTTTATCTCGTCAACTTGTTGGCGAGATTTTTTTACTGTCCACGGTGTTTATTCTACAGTACTTGCGTACGGAAATGCCAGCGAGAACGGTCTACGCGGTACTACCCAC,200
Sa_052,Sa,52,GTGGAAAGGACGAAACACCG,TCAGTAGCAAAGGAGAAGCAGG,GTCTTAGTACTCTGGAAACAGAATCTACTAAGACAAGGCAAAATGCCGTGTTTATCTCGTCAACTTGTTGGCGAGATTTTTTT,ATTAGCC,GGCTCC,ATCACCCCG,CCTGCTTCTCCTTTGCTACTGA,GTGCA,GTCAGG,GTCTACGCGGTACTACCCAC,,GTGGAAAGGACGAAACACCGTCAGTAGCAAAGGAGAAGCAGGGTCTTAGTACTCTGGAAACAGAATCTACTAAGACAAGGCAAAATGCCGTGTTTATCTCGTCAACTTGTTGGCGAGATTTTTTTATTAGCCGGCTCCATCACCCCGCCTGCTTCTCCTTTGCTACTGAGTGCAGTCAGGGTCTACGCGGTACTACCCAC,200
Sa_053,Sa,53,GTGGAAAGGACGAAACACCG,ATGAACATTATCGGTATCTTGA,GTCTTAGTACTCTGGAAACAGAATCTACTAAGACAAGGCAAAATGCCGTGTTTATCTCGTCAACTTGTTGGCGAGATTTTTTT,CTTTTTT,GCGCGA,GTGACCCGA,TCAAGATACCGATAATGTTCAT,GTTAC,ACTGCG,GTCTACGCGGTACTACCCAC,,GTGGAAAGGACGAAACACCGATGAACATTATCGGTATCTTGAGTCTTAGTACTCTGGAAACAGAATCTACTAAGACAAGGCAAAATGCCGTGTTTATCTCGTCAACTTGTTGGCGAGATTTTTTTCTTTTTTGCGCGAGTGACCCGATCAAGATACCGATAATGTTCATGTTACACTGCGGTCTACGCGGTACTACCCAC,200
Sa_054,Sa,54,GTGGAAAGGACGAAACACCG,TTGGTGAAATACTATTGATGCC,GTCTTAGTACTCTGGAAACAGAATCTACTAAGACAAGGCAAAATGCCGTGTTTATCTCGTCAACTTGTTGGCGAGATTTTTTT,CAGACAT,CCATGA,CTTATTCCC,GGCATCAATAGTATTTCACCAA,GAACC,GAGTCC,GTCTACGCGGTACTACCCAC,,GTGGAAAGGACGAAACACCGTTGGTGAAATACTATTGATGCCGTCTTAGTACTCTGGAAACAGAATCTACTAAGACAAGGCAAAATGCCGTGTTTATCTCGTCAACTTGTTGGCGAGATTTTTTTCAGACATCCATGACTTATTCCCGGCATCAATAGTATTTCACCAAGAACCGAGTCCGTCTACGCGGTACTACCCAC,200
Sa_055,Sa,55,GTGGAAAGGACGAAACACCG,ATTCAGGTGGCGCGCTCCTATA,GTCTTAGTACTCTGGAAACAGAATCTACTAAGACAAGGCAAAATGCCGTGTTTATCTCGTCAACTTGTTGGCGAGATTTTTTT,AGGATAT,AAGATT,TCTATCCCA,TATAGGAGCGCGCCACCTGAAT,ACAGT,CCGTAA,GTCTACGCGGTACTACCCAC,,GTGGAAAGGACGAAACACCGATTCAGGTGGCGCGCTCCTATAGTCTTAGTACTCTGGAAACAGAATCTACTAAGACAAGGCAAAATGCCGTGTTTATCTCGTCAACTTGTTGGCGAGATTTTTTTAGGATATAAGATTTCTATCCCATATAGGAGCGCGCCACCTGAATACAGTCCGTAAGTCTACGCGGTACTACCCAC,200
Sa_056,Sa,56,GTGGAAAGGACGAAACACCG,CCTGTTAGCCACCATTGGCCCC,GTCTTAGTACTCTGGAAACAGAATCTACTAAGACAAGGCAAAATGCCGTGTTTATCTCGTCAACTTGTTGGCGAGATTTTTTT,GAAGTTA,TGTACA,TACATTCTG,GGGGCCAATGGTGGCTAACAGG,GTAGT,AGTCTG,GTCTACGCGGTACTACCCAC,,GTGGAAAGGACGAAACACCGCCTGTTAGCCACCATTGGCCCCGTCTTAGTACTCTGGAAACAGAATCTACTAAGACAAGGCAAAATGCCGTGTTTATCTCGTCAACTTGTTGGCGAGATTTTTTTGAAGTTATGTACATACATTCTGGGGGCCAATGGTGGCTAACAGGGTAGTAGTCTGGTCTACGCGGTACTACCCAC,200
Sa_057,Sa,57,GTGGAAAGGACGAAACACCG,AGCCATCTCGGGACCGCATCTC,GTCTTAGTACTCTGGAAACAGAATCTACTAAGACAAGGCAAAATGCCGTGTTTATCTCGTCAACTTGTTGGCGAGATTTTTTT,ACGAACC,GTTTTG,CGGACCCAT,GAGATGCGGTCCCGAGATGGCT,ATTGT,GACCTC,GTCTACGCGGTACTACCCAC,,GTGGAAAGGACGAAACACCGAGCCATCTCGGGACCGCATCTCGTCTTAGTACTCTGGAAACAGAATCTACTAAGACAAGGCAAAATGCCGTGTTTATCTCGTCAACTTGTTGGCGAGATTTTTTTACGAACCGTTTTGCGGACCCATGAGATGCGGTCCCGAGATGGCTATTGTGACCTCGTCTACGCGGTACTACCCAC,200
Sa_058,Sa,58,GTGGAAAGGACGAAACACCG,GTCTCGAAGTGGGAGTAATGGT,GTCTTAGTACTCTGGAAACAGAATCTACTAAGACAAGGCAAAATGCCGTGTTTATCTCGTCAACTTGTTGGCGAGATTTTTTT,CACTCCT,ACAACA,CTTATTCTG,ACCATTACTCCCACTTCGAGAC,AAGAC,GGGGTC,GTCTACGCGGTACTACCCAC,,GTGGAAAGGACGAAACACCGGTCTCGAAGTGGGAGTAATGGTGTCTTAGTACTCTGGAAACAGAATCTACTAAGACAAGGCAAAATGCCGTGTTTATCTCGTCAACTTGTTGGCGAGATTTTTTTCACTCCTACAACACTTATTCTGACCATTACTCCCACTTCGAGACAAGACGGGGTCGTCTACGCGGTACTACCCAC,200
Sa_059,Sa,59,GTGGAAAGGACGAAACACCG,GGGTGAACGCTTCTGTTACCGG,GTCTTAGTACTCTGGAAACAGAATCTACTAAGACAAGGCAAAATGCCGTGTTTATCTCGTCAACTTGTTGGCGAGATTTTTTT,ACCTAAA,TTGATC,TTTATTCTG,CCGGTAACAGAAGCGTTCACCC,ACTGA,AACGCA,GTCTACGCGGTACTACCCAC,,GTGGAAAGGACGAAACACCGGGGTGAACGCTTCTGTTACCGGGTCTTAGTACTCTGGAAACAGAATCTACTAAGACAAGGCAAAATGCCGTGTTTATCTCGTCAACTTGTTGGCGAGATTTTTTTACCTAAATTGATCTTTATTCTGCCGGTAACAGAAGCGTTCACCCACTGAAACGCAGTCTACGCGGTACTACCCAC,200
Sa_060,Sa,60,GTGGAAAGGACGAAACACCG,AAAGCCATACCAGAATCCTAGA,GTCTTAGTACTCTGGAAACAGAATCTACTAAGACAAGGCAAAATGCCGTGTTTATCTCGTCAACTTGTTGGCGAGATTTTTTT,TACTGGC,AGACAT,CAAATTCAA,TCTAGGATTCTGGTATGGCTTT,AACAG,CCTATG,GTCTACGCGGTACTACCCAC,,GTGGAAAGGACGAAACACCGAAAGCCATACCAGAATCCTAGAGTCTTAGTACTCTGGAAACAGAATCTACTAAGACAAGGCAAAATGCCGTGTTTATCTCGTCAACTTGTTGGCGAGATTTTTTTTACTGGCAGACATCAAATTCAATCTAGGATTCTGGTATGGCTTTAACAGCCTATGGTCTACGCGGTACTACCCAC,200
Sa_061,Sa,61,GTGGAAAGGACGAAACACCG,CAAGCGTCATTAGTATAACGGT,GTCTTAGTACTCTGGAAACAGAATCTACTAAGACAAGGCAAAATGCCGTGTTTATCTCGTCAACTTGTTGGCGAGATTTTTTT,AGCCTAA,CGAAAT,AATATCCGT,ACCGTTATACTAATGACGCTTG,ACTAG,AGGGGA,GTCTACGCGGTACTACCCAC,,GTGGAAAGGACGAAACACCGCAAGCGTCATTAGTATAACGGTGTCTTAGTACTCTGGAAACAGAATCTACTAAGACAAGGCAAAATGCCGTGTTTATCTCGTCAACTTGTTGGCGAGATTTTTTTAGCCTAACGAAATAATATCCGTACCGTTATACTAATGACGCTTGACTAGAGGGGAGTCTACGCGGTACTACCCAC,200
Sa_062,Sa,62,GTGGAAAGGACGAAACACCG,CGAAGAGATTGTTTGAAGAGGG,GTCTTAGTACTCTGGAAACAGAATCTACTAAGACAAGGCAAAATGCCGTGTTTATCTCGTCAACTTGTTGGCGAGATTTTTTT,GGATACT,GGCAAA,GTAACCCTT,CCCTCTTCAAACAATCTCTTCG,CATCG,GGTAAG,GTCTACGCGGTACTACCCAC,,GTGGAAAGGACGAAACACCGCGAAGAGATTGTTTGAAGAGGGGTCTTAGTACTCTGGAAACAGAATCTACTAAGACAAGGCAAAATGCCGTGTTTATCTCGTCAACTTGTTGGCGAGATTTTTTTGGATACTGGCAAAGTAACCCTTCCCTCTTCAAACAATCTCTTCGCATCGGGTAAGGTCTACGCGGTACTACCCAC,200
Sa_063,Sa,63,GTGGAAAGGACGAAACACCG,CTGGAGTACACCTCACGAAGGG,GTCTTAGTACTCTGGAAACAGAATCTACTAAGACAAGGCAAAATGCCGTGTTTATCTCGTCAACTTGTTGGCGAGATTTTTTT,ACAGAGG,CCACTA,CCAATCCAA,CCCTTCGTGAGGTGTACTCCAG,AAGGA,AGAACT,GTCTACGCGGTACTACCCAC,,GTGGAAAGGACGAAACACCGCTGGAGTACACCTCACGAAGGGGTCTTAGTACTCTGGAAACAGAATCTACTAAGACAAGGCAAAATGCCGTGTTTATCTCGTCAACTTGTTGGCGAGATTTTTTTACAGAGGCCACTACCAATCCAACCCTTCGTGAGGTGTACTCCAGAAGGAAGAACTGTCTACGCGGTACTACCCAC,200
Sa_064,Sa,64,GTGGAAAGGACGAAACACCG,TCGAGCTCAAGTAAGAGCGCTC,GTCTTAGTACTCTGGAAACAGAATCTACTAAGACAAGGCAAAATGCCGTGTTTATCTCGTCAACTTGTTGGCGAGATTTTTTT,AAGGCAT,GACGGC,TTGACCCGT,GAGCGCTCTTACTTGAGCTCGA,CCTAT,TGCCAT,GTCTACGCGGTACTACCCAC,,GTGGAAAGGACGAAACACCGTCGAGCTCAAGTAAGAGCGCTCGTCTTAGTACTCTGGAAACAGAATCTACTAAGACAAGGCAAAATGCCGTGTTTATCTCGTCAACTTGTTGGCGAGATTTTTTTAAGGCATGACGGCTTGACCCGTGAGCGCTCTTACTTGAGCTCGACCTATTGCCATGTCTACGCGGTACTACCCAC,200
Sa_065,Sa,65,GTGGAAAGGACGAAACACCG,CGAGGATTCTCTAGATGGTTCC,GTCTTAGTACTCTGGAAACAGAATCTACTAAGACAAGGCAAAATGCCGTGTTTATCTCGTCAACTTGTTGGCGAGATTTTTTT,TTTTTTA,CCTTTA,GGAATCCAG,GGAACCATCTAGAGAATCCTCG,CACTA,ATAGTT,GTCTACGCGGTACTACCCAC,,GTGGAAAGGACGAAACACCGCGAGGATTCTCTAGATGGTTCCGTCTTAGTACTCTGGAAACAGAATCTACTAAGACAAGGCAAAATGCCGTGTTTATCTCGTCAACTTGTTGGCGAGATTTTTTTTTTTTTACCTTTAGGAATCCAGGGAACCATCTAGAGAATCCTCGCACTAATAGTTGTCTACGCGGTACTACCCAC,200
Sa_066,Sa,66,GTGGAAAGGACGAAACACCG,GCCGCCCTACACTTCGCTGGTA,GTCTTAGTACTCTGGAAACAGAATCTACTAAGACAAGGCAAAATGCCGTGTTTATCTCGTCAACTTGTTGGCGAGATTTTTTT,GAGTTTA,TGTAAA,AGCACTCCA,TACCAGCGAAGTGTAGGGCGGC,AAGCG,AGAGCC,GTCTACGCGGTACTACCCAC,,GTGGAAAGGACGAAACACCGGCCGCCCTACACTTCGCTGGTAGTCTTAGTACTCTGGAAACAGAATCTACTAAGACAAGGCAAAATGCCGTGTTTATCTCGTCAACTTGTTGGCGAGATTTTTTTGAGTTTATGTAAAAGCACTCCATACCAGCGAAGTGTAGGGCGGCAAGCGAGAGCCGTCTACGCGGTACTACCCAC,200
Sa_067,Sa,67,GTGGAAAGGACGAAACACCG,ATTAAGCTGCGCATCTTGGAAG,GTCTTAGTACTCTGGAAACAGAATCTACTAAGACAAGGCAAAATGCCGTGTTTATCTCGTCAACTTGTTGGCGAGATTTTTTT,CCAGTCA,TGCAAC,GCAATCCGC,CTTCCAAGATGCGCAGCTTAAT,TCCAC,AGGGAG,GTCTACGCGGTACTACCCAC,,GTGGAAAGGACGAAACACCGATTAAGCTGCGCATCTTGGAAGGTCTTAGTACTCTGGAAACAGAATCTACTAAGACAAGGCAAAATGCCGTGTTTATCTCGTCAACTTGTTGGCGAGATTTTTTTCCAGTCATGCAACGCAATCCGCCTTCCAAGATGCGCAGCTTAATTCCACAGGGAGGTCTACGCGGTACTACCCAC,200
Sa_068,Sa,68,GTGGAAAGGACGAAACACCG,GACAGCGTTGAAAACAATCACA,GTCTTAGTACTCTGGAAACAGAATCTACTAAGACAAGGCAAAATGCCGTGTTTATCTCGTCAACTTGTTGGCGAGATTTTTTT,ATAGACC,AGGGTT,TTTATCCCC,TGTGATTGTTTTCAACGCTGTC,AGAAA,GTGGGG,GTCTACGCGGTACTACCCAC,,GTGGAAAGGACGAAACACCGGACAGCGTTGAAAACAATCACAGTCTTAGTACTCTGGAAACAGAATCTACTAAGACAAGGCAAAATGCCGTGTTTATCTCGTCAACTTGTTGGCGAGATTTTTTTATAGACCAGGGTTTTTATCCCCTGTGATTGTTTTCAACGCTGTCAGAAAGTGGGGGTCTACGCGGTACTACCCAC,200
Sa_069,Sa,69,GTGGAAAGGACGAAACACCG,GCATGGGATATCGTCCTCAAAT,GTCTTAGTACTCTGGAAACAGAATCTACTAAGACAAGGCAAAATGCCGTGTTTATCTCGTCAACTTGTTGGCGAGATTTTTTT,CAAGTCC,AGCCGG,TATACTCTG,ATTTGAGGACGATATCCCATGC,ATGTC,CACCGG,GTCTACGCGGTACTACCCAC,,GTGGAAAGGACGAAACACCGGCATGGGATATCGTCCTCAAATGTCTTAGTACTCTGGAAACAGAATCTACTAAGACAAGGCAAAATGCCGTGTTTATCTCGTCAACTTGTTGGCGAGATTTTTTTCAAGTCCAGCCGGTATACTCTGATTTGAGGACGATATCCCATGCATGTCCACCGGGTCTACGCGGTACTACCCAC,200
Sa_070,Sa,70,GTGGAAAGGACGAAACACCG,TCGATTAACGGGGCGCTCACCA,GTCTTAGTACTCTGGAAACAGAATCTACTAAGACAAGGCAAAATGCCGTGTTTATCTCGTCAACTTGTTGGCGAGATTTTTTT,AACTTAG,CGCCGC,GTAACTCCG,TGGTGAGCGCCCCGTTAATCGA,TCCAT,CTTCAT,GTCTACGCGGTACTACCCAC,,GTGGAAAGGACGAAACACCGTCGATTAACGGGGCGCTCACCAGTCTTAGTACTCTGGAAACAGAATCTACTAAGACAAGGCAAAATGCCGTGTTTATCTCGTCAACTTGTTGGCGAGATTTTTTTAACTTAGCGCCGCGTAACTCCGTGGTGAGCGCCCCGTTAATCGATCCATCTTCATGTCTACGCGGTACTACCCAC,200
Sa_071,Sa,71,GTGGAAAGGACGAAACACCG,TAATGCAGTAATTCGCCCCTAA,GTCTTAGTACTCTGGAAACAGAATCTACTAAGACAAGGCAAAATGCCGTGTTTATCTCGTCAACTTGTTGGCGAGATTTTTTT,GTTTAAA,ATGTAC,CCAACTCAC,TTAGGGGCGAATTACTGCATTA,AGCTG,AGAAAA,GTCTACGCGGTACTACCCAC,,GTGGAAAGGACGAAACACCGTAATGCAGTAATTCGCCCCTAAGTCTTAGTACTCTGGAAACAGAATCTACTAAGACAAGGCAAAATGCCGTGTTTATCTCGTCAACTTGTTGGCGAGATTTTTTTGTTTAAAATGTACCCAACTCACTTAGGGGCGAATTACTGCATTAAGCTGAGAAAAGTCTACGCGGTACTACCCAC,200
Sa_072,Sa,72,GTGGAAAGGACGAAACACCG,ATCGAGGTTATTGGGTCAATAG,GTCTTAGTACTCTGGAAACAGAATCTACTAAGACAAGGCAAAATGCCGTGTTTATCTCGTCAACTTGTTGGCGAGATTTTTTT,CGAATTA,CTGGTA,AGCATTCTG,CTATTGACCCAATAACCTCGAT,TCGCA,CTTTAA,GTCTACGCGGTACTACCCAC,,GTGGAAAGGACGAAACACCGATCGAGGTTATTGGGTCAATAGGTCTTAGTACTCTGGAAACAGAATCTACTAAGACAAGGCAAAATGCCGTGTTTATCTCGTCAACTTGTTGGCGAGATTTTTTTCGAATTACTGGTAAGCATTCTGCTATTGACCCAATAACCTCGATTCGCACTTTAAGTCTACGCGGTACTACCCAC,200
Sa_073,Sa,73,GTGGAAAGGACGAAACACCG,ATTCTCTTGAAGCAAGTAACAC,GTCTTAGTACTCTGGAAACAGAATCTACTAAGACAAGGCAAAATGCCGTGTTTATCTCGTCAACTTGTTGGCGAGATTTTTTT,TAAGTTT,GACGAA,GCCACCCAA,GTGTTACTTGCTTCAAGAGAAT,TGGAA,GCTGAC,GTCTACGCGGTACTACCCAC,,GTGGAAAGGACGAAACACCGATTCTCTTGAAGCAAGTAACACGTCTTAGTACTCTGGAAACAGAATCTACTAAGACAAGGCAAAATGCCGTGTTTATCTCGTCAACTTGTTGGCGAGATTTTTTTTAAGTTTGACGAAGCCACCCAAGTGTTACTTGCTTCAAGAGAATTGGAAGCTGACGTCTACGCGGTACTACCCAC,200
Sa_074,Sa,74,GTGGAAAGGACGAAACACCG,GAATGGCCCAAGGCCGATTACG,GTCTTAGTACTCTGGAAACAGAATCTACTAAGACAAGGCAAAATGCCGTGTTTATCTCGTCAACTTGTTGGCGAGATTTTTTT,AATCCCC,CTGTGT,CATACTCTT,CGTAATCGGCCTTGGGCCATTC,TCTAC,ATAGCA,GTCTACGCGGTACTACCCAC,,GTGGAAAGGACGAAACACCGGAATGGCCCAAGGCCGATTACGGTCTTAGTACTCTGGAAACAGAATCTACTAAGACAAGGCAAAATGCCGTGTTTATCTCGTCAACTTGTTGGCGAGATTTTTTTAATCCCCCTGTGTCATACTCTTCGTAATCGGCCTTGGGCCATTCTCTACATAGCAGTCTACGCGGTACTACCCAC,200
Sa_075,Sa,75,GTGGAAAGGACGAAACACCG,CTGTAAGTAAGGCATAGCGTGT,GTCTTAGTACTCTGGAAACAGAATCTACTAAGACAAGGCAAAATGCCGTGTTTATCTCGTCAACTTGTTGGCGAGATTTTTTT,GAACCCC,CCGTCG,ACCATTCTA,ACACGCTATGCCTTACTTACAG,CACGC,TGCTTA,GTCTACGCGGTACTACCCAC,,GTGGAAAGGACGAAACACCGCTGTAAGTAAGGCATAGCGTGTGTCTTAGTACTCTGGAAACAGAATCTACTAAGACAAGGCAAAATGCCGTGTTTATCTCGTCAACTTGTTGGCGAGATTTTTTTGAACCCCCCGTCGACCATTCTAACACGCTATGCCTTACTTACAGCACGCTGCTTAGTCTACGCGGTACTACCCAC,200
Sa_076,Sa,76,GTGGAAAGGACGAAACACCG,ATGCGGAGCACAATTTGCTCGG,GTCTTAGTACTCTGGAAACAGAATCTACTAAGACAAGGCAAAATGCCGTGTTTATCTCGTCAACTTGTTGGCGAGATTTTTTT,GAACGGA,ACCTGG,GAAATTCGG,CCGAGCAAATTGTGCTCCGCAT,TACGC,ACTGGG,GTCTACGCGGTACTACCCAC,,GTGGAAAGGACGAAACACCGATGCGGAGCACAATTTGCTCGGGTCTTAGTACTCTGGAAACAGAATCTACTAAGACAAGGCAAAATGCCGTGTTTATCTCGTCAACTTGTTGGCGAGATTTTTTTGAACGGAACCTGGGAAATTCGGCCGAGCAAATTGTGCTCCGCATTACGCACTGGGGTCTACGCGGTACTACCCAC,200
Sa_077,Sa,77,GTGGAAAGGACGAAACACCG,TGACTAAGACACATGGGGCCGT,GTCTTAGTACTCTGGAAACAGAATCTACTAAGACAAGGCAAAATGCCGTGTTTATCTCGTCAACTTGTTGGCGAGATTTTTTT,GGTCCAC,TAACTG,GACATTCGA,ACGGCCCCATGTGTCTTAGTCA,CGACT,TAGAGA,GTCTACGCGGTACTACCCAC,,GTGGAAAGGACGAAACACCGTGACTAAGACACATGGGGCCGTGTCTTAGTACTCTGGAAACAGAATCTACTAAGACAAGGCAAAATGCCGTGTTTATCTCGTCAACTTGTTGGCGAGATTTTTTTGGTCCACTAACTGGACATTCGAACGGCCCCATGTGTCTTAGTCACGACTTAGAGAGTCTACGCGGTACTACCCAC,200
Sa_078,Sa,78,GTGGAAAGGACGAAACACCG,TCTCCATATGTGATACGTACAT,GTCTTAGTACTCTGGAAACAGAATCTACTAAGACAAGGCAAAATGCCGTGTTTATCTCGTCAACTTGTTGGCGAGATTTTTTT,ATAAATA,GTCTGG,CCAACTCGA,ATGTACGTATCACATATGGAGA,AGACG,TTAAGA,GTCTACGCGGTACTACCCAC,,GTGGAAAGGACGAAACACCGTCTCCATATGTGATACGTACATGTCTTAGTACTCTGGAAACAGAATCTACTAAGACAAGGCAAAATGCCGTGTTTATCTCGTCAACTTGTTGGCGAGATTTTTTTATAAATAGTCTGGCCAACTCGAATGTACGTATCACATATGGAGAAGACGTTAAGAGTCTACGCGGTACTACCCAC,200
Sa_079,Sa,79,GTGGAAAGGACGAAACACCG,TGCGATCAGGAGAGTAATTATC,GTCTTAGTACTCTGGAAACAGAATCTACTAAGACAAGGCAAAATGCCGTGTTTATCTCGTCAACTTGTTGGCGAGATTTTTTT,GAATGCG,GTTTTT,AACATCCGC,GATAATTACTCTCCTGATCGCA,CCTTC,TTACGC,GTCTACGCGGTACTACCCAC,,GTGGAAAGGACGAAACACCGTGCGATCAGGAGAGTAATTATCGTCTTAGTACTCTGGAAACAGAATCTACTAAGACAAGGCAAAATGCCGTGTTTATCTCGTCAACTTGTTGGCGAGATTTTTTTGAATGCGGTTTTTAACATCCGCGATAATTACTCTCCTGATCGCACCTTCTTACGCGTCTACGCGGTACTACCCAC,200
Sa_080,Sa,80,GTGGAAAGGACGAAACACCG,CGACCAGCCCTGCATTACGACG,GTCTTAGTACTCTGGAAACAGAATCTACTAAGACAAGGCAAAATGCCGTGTTTATCTCGTCAACTTGTTGGCGAGATTTTTTT,GGAGTCC,AAACGC,TAAACTCTT,CGTCGTAATGCAGGGCTGGTCG,TGACG,CCGAGG,GTCTACGCGGTACTACCCAC,,GTGGAAAGGACGAAACACCGCGACCAGCCCTGCATTACGACGGTCTTAGTACTCTGGAAACAGAATCTACTAAGACAAGGCAAAATGCCGTGTTTATCTCGTCAACTTGTTGGCGAGATTTTTTTGGAGTCCAAACGCTAAACTCTTCGTCGTAATGCAGGGCTGGTCGTGACGCCGAGGGTCTACGCGGTACTACCCAC,200
Sa_081,Sa,81,GTGGAAAGGACGAAACACCG,AGCGGCTCTAAGTGCCCAGCCC,GTCTTAGTACTCTGGAAACAGAATCTACTAAGACAAGGCAAAATGCCGTGTTTATCTCGTCAACTTGTTGGCGAGATTTTTTT,GGGCCCC,CGTCGT,GATACTCTT,GGGCTGGGCACTTAGAGCCGCT,ACCCA,TGCGCA,GTCTACGCGGTACTACCCAC,,GTGGAAAGGACGAAACACCGAGCGGCTCTAAGTGCCCAGCCCGTCTTAGTACTCTGGAAACAGAATCTACTAAGACAAGGCAAAATGCCGTGTTTATCTCGTCAACTTGTTGGCGAGATTTTTTTGGGCCCCCGTCGTGATACTCTTGGGCTGGGCACTTAGAGCCGCTACCCATGCGCAGTCTACGCGGTACTACCCAC,200
Sa_082,Sa,82,GTGGAAAGGACGAAACACCG,GACTATGGTTAGGTCGCTATAT,GTCTTAGTACTCTGGAAACAGAATCTACTAAGACAAGGCAAAATGCCGTGTTTATCTCGTCAACTTGTTGGCGAGATTTTTTT,TGGTTTC,ATTGAT,CCGATCCTG,ATATAGCGACCTAACCATAGTC,CATAA,GCGCAC,GTCTACGCGGTACTACCCAC,,GTGGAAAGGACGAAACACCGGACTATGGTTAGGTCGCTATATGTCTTAGTACTCTGGAAACAGAATCTACTAAGACAAGGCAAAATGCCGTGTTTATCTCGTCAACTTGTTGGCGAGATTTTTTTTGGTTTCATTGATCCGATCCTGATATAGCGACCTAACCATAGTCCATAAGCGCACGTCTACGCGGTACTACCCAC,200
Sa_083,Sa,83,GTGGAAAGGACGAAACACCG,TAAATGGTTCCTGTAGCCCTAC,GTCTTAGTACTCTGGAAACAGAATCTACTAAGACAAGGCAAAATGCCGTGTTTATCTCGTCAACTTGTTGGCGAGATTTTTTT,TACGTTA,GGCTTA,TTTATTCAT,GTAGGGCTACAGGAACCATTTA,AATAG,TGGTGG,GTCTACGCGGTACTACCCAC,,GTGGAAAGGACGAAACACCGTAAATGGTTCCTGTAGCCCTACGTCTTAGTACTCTGGAAACAGAATCTACTAAGACAAGGCAAAATGCCGTGTTTATCTCGTCAACTTGTTGGCGAGATTTTTTTTACGTTAGGCTTATTTATTCATGTAGGGCTACAGGAACCATTTAAATAGTGGTGGGTCTACGCGGTACTACCCAC,200
Sa_084,Sa,84,GTGGAAAGGACGAAACACCG,GTTTCTACCATACTGGGTAGGG,GTCTTAGTACTCTGGAAACAGAATCTACTAAGACAAGGCAAAATGCCGTGTTTATCTCGTCAACTTGTTGGCGAGATTTTTTT,GGTTCGA,GCGTAG,CGGACTCGA,CCCTACCCAGTATGGTAGAAAC,GAATG,GGGAAT,GTCTACGCGGTACTACCCAC,,GTGGAAAGGACGAAACACCGGTTTCTACCATACTGGGTAGGGGTCTTAGTACTCTGGAAACAGAATCTACTAAGACAAGGCAAAATGCCGTGTTTATCTCGTCAACTTGTTGGCGAGATTTTTTTGGTTCGAGCGTAGCGGACTCGACCCTACCCAGTATGGTAGAAACGAATGGGGAATGTCTACGCGGTACTACCCAC,200
Sa_085,Sa,85,GTGGAAAGGACGAAACACCG,CGGTTGGTACCTTACTCGACCC,GTCTTAGTACTCTGGAAACAGAATCTACTAAGACAAGGCAAAATGCCGTGTTTATCTCGTCAACTTGTTGGCGAGATTTTTTT,TCCCGCC,CTTGCA,TCGACCCCC,GGGTCGAGTAAGGTACCAACCG,AGGGC,GATAAA,GTCTACGCGGTACTACCCAC,,GTGGAAAGGACGAAACACCGCGGTTGGTACCTTACTCGACCCGTCTTAGTACTCTGGAAACAGAATCTACTAAGACAAGGCAAAATGCCGTGTTTATCTCGTCAACTTGTTGGCGAGATTTTTTTTCCCGCCCTTGCATCGACCCCCGGGTCGAGTAAGGTACCAACCGAGGGCGATAAAGTCTACGCGGTACTACCCAC,200
Sa_086,Sa,86,GTGGAAAGGACGAAACACCG,GAAGGAAACTCTCTGTGTTATA,GTCTTAGTACTCTGGAAACAGAATCTACTAAGACAAGGCAAAATGCCGTGTTTATCTCGTCAACTTGTTGGCGAGATTTTTTT,CGCAAAG,GGCAGC,GGTATTCGA,TATAACACAGAGAGTTTCCTTC,GCACC,TACGTT,GTCTACGCGGTACTACCCAC,,GTGGAAAGGACGAAACACCGGAAGGAAACTCTCTGTGTTATAGTCTTAGTACTCTGGAAACAGAATCTACTAAGACAAGGCAAAATGCCGTGTTTATCTCGTCAACTTGTTGGCGAGATTTTTTTCGCAAAGGGCAGCGGTATTCGATATAACACAGAGAGTTTCCTTCGCACCTACGTTGTCTACGCGGTACTACCCAC,200
Sa_087,Sa,87,GTGGAAAGGACGAAACACCG,GGGTACAGGTGAACGTGATATA,GTCTTAGTACTCTGGAAACAGAATCTACTAAGACAAGGCAAAATGCCGTGTTTATCTCGTCAACTTGTTGGCGAGATTTTTTT,AGGTTAC,ATACTC,CGGACCCTG,TATATCACGTTCACCTGTACCC,GGAGA,TATATC,GTCTACGCGGTACTACCCAC,,GTGGAAAGGACGAAACACCGGGGTACAGGTGAACGTGATATAGTCTTAGTACTCTGGAAACAGAATCTACTAAGACAAGGCAAAATGCCGTGTTTATCTCGTCAACTTGTTGGCGAGATTTTTTTAGGTTACATACTCCGGACCCTGTATATCACGTTCACCTGTACCCGGAGATATATCGTCTACGCGGTACTACCCAC,200
Sa_088,Sa,88,GTGGAAAGGACGAAACACCG,CCTGACTAGGGCCGGAGTAAGC,GTCTTAGTACTCTGGAAACAGAATCTACTAAGACAAGGCAAAATGCCGTGTTTATCTCGTCAACTTGTTGGCGAGATTTTTTT,CTGACAA,CATGCC,ACTATTCTT,GCTTACTCCGGCCCTAGTCAGG,AAGGC,AACTGA,GTCTACGCGGTACTACCCAC,,GTGGAAAGGACGAAACACCGCCTGACTAGGGCCGGAGTAAGCGTCTTAGTACTCTGGAAACAGAATCTACTAAGACAAGGCAAAATGCCGTGTTTATCTCGTCAACTTGTTGGCGAGATTTTTTTCTGACAACATGCCACTATTCTTGCTTACTCCGGCCCTAGTCAGGAAGGCAACTGAGTCTACGCGGTACTACCCAC,200
Sa_089,Sa,89,GTGGAAAGGACGAAACACCG,GTAGCGGAGTTCTAGCGCCCGC,GTCTTAGTACTCTGGAAACAGAATCTACTAAGACAAGGCAAAATGCCGTGTTTATCTCGTCAACTTGTTGGCGAGATTTTTTT,ATTACAA,AACTAG,TTGACCCGC,GCGGGCGCTAGAACTCCGCTAC,GCTCG,AGGTTC,GTCTACGCGGTACTACCCAC,,GTGGAAAGGACGAAACACCGGTAGCGGAGTTCTAGCGCCCGCGTCTTAGTACTCTGGAAACAGAATCTACTAAGACAAGGCAAAATGCCGTGTTTATCTCGTCAACTTGTTGGCGAGATTTTTTTATTACAAAACTAGTTGACCCGCGCGGGCGCTAGAACTCCGCTACGCTCGAGGTTCGTCTACGCGGTACTACCCAC,200
Sa_090,Sa,90,GTGGAAAGGACGAAACACCG,CAGGTCAGACGGTTTGTTCCTC,GTCTTAGTACTCTGGAAACAGAATCTACTAAGACAAGGCAAAATGCCGTGTTTATCTCGTCAACTTGTTGGCGAGATTTTTTT,TCGTGCT,CCCCAG,CGGATTCAT,GAGGAACAAACCGTCTGACCTG,ATGGG,TCCAAC,GTCTACGCGGTACTACCCAC,,GTGGAAAGGACGAAACACCGCAGGTCAGACGGTTTGTTCCTCGTCTTAGTACTCTGGAAACAGAATCTACTAAGACAAGGCAAAATGCCGTGTTTATCTCGTCAACTTGTTGGCGAGATTTTTTTTCGTGCTCCCCAGCGGATTCATGAGGAACAAACCGTCTGACCTGATGGGTCCAACGTCTACGCGGTACTACCCAC,200
Sa_091,Sa,91,GTGGAAAGGACGAAACACCG,TATGTGTAGCGGGTGGGGCCCC,GTCTTAGTACTCTGGAAACAGAATCTACTAAGACAAGGCAAAATGCCGTGTTTATCTCGTCAACTTGTTGGCGAGATTTTTTT,ACATTAC,CTCCTG,CAGACCCGA,GGGGCCCCACCCGCTACACATA,ATTAG,TGCACC,GTCTACGCGGTACTACCCAC,,GTGGAAAGGACGAAACACCGTATGTGTAGCGGGTGGGGCCCCGTCTTAGTACTCTGGAAACAGAATCTACTAAGACAAGGCAAAATGCCGTGTTTATCTCGTCAACTTGTTGGCGAGATTTTTTTACATTACCTCCTGCAGACCCGAGGGGCCCCACCCGCTACACATAATTAGTGCACCGTCTACGCGGTACTACCCAC,200
Sa_092,Sa,92,GTGGAAAGGACGAAACACCG,ACACTCGTACCCTTAACATACA,GTCTTAGTACTCTGGAAACAGAATCTACTAAGACAAGGCAAAATGCCGTGTTTATCTCGTCAACTTGTTGGCGAGATTTTTTT,CAAACGT,GGATTG,CGGACCCAC,TGTATGTTAAGGGTACGAGTGT,AACTC,ATACTA,GTCTACGCGGTACTACCCAC,,GTGGAAAGGACGAAACACCGACACTCGTACCCTTAACATACAGTCTTAGTACTCTGGAAACAGAATCTACTAAGACAAGGCAAAATGCCGTGTTTATCTCGTCAACTTGTTGGCGAGATTTTTTTCAAACGTGGATTGCGGACCCACTGTATGTTAAGGGTACGAGTGTAACTCATACTAGTCTACGCGGTACTACCCAC,200
Sa_093,Sa,93,GTGGAAAGGACGAAACACCG,AGTGCGTGGAGTCTGTGTGCGG,GTCTTAGTACTCTGGAAACAGAATCTACTAAGACAAGGCAAAATGCCGTGTTTATCTCGTCAACTTGTTGGCGAGATTTTTTT,GAATATG,CGTAGC,TAGACTCCG,CCGCACACAGACTCCACGCACT,TACAA,GGATAC,GTCTACGCGGTACTACCCAC,,GTGGAAAGGACGAAACACCGAGTGCGTGGAGTCTGTGTGCGGGTCTTAGTACTCTGGAAACAGAATCTACTAAGACAAGGCAAAATGCCGTGTTTATCTCGTCAACTTGTTGGCGAGATTTTTTTGAATATGCGTAGCTAGACTCCGCCGCACACAGACTCCACGCACTTACAAGGATACGTCTACGCGGTACTACCCAC,200
Sa_094,Sa,94,GTGGAAAGGACGAAACACCG,GTTAATATGGCGGGGCGGGCGT,GTCTTAGTACTCTGGAAACAGAATCTACTAAGACAAGGCAAAATGCCGTGTTTATCTCGTCAACTTGTTGGCGAGATTTTTTT,GGCAAAG,TCCGGG,CGCACTCCC,ACGCCCGCCCCGCCATATTAAC,CGGTT,AATCCG,GTCTACGCGGTACTACCCAC,,GTGGAAAGGACGAAACACCGGTTAATATGGCGGGGCGGGCGTGTCTTAGTACTCTGGAAACAGAATCTACTAAGACAAGGCAAAATGCCGTGTTTATCTCGTCAACTTGTTGGCGAGATTTTTTTGGCAAAGTCCGGGCGCACTCCCACGCCCGCCCCGCCATATTAACCGGTTAATCCGGTCTACGCGGTACTACCCAC,200
Sa_095,Sa,95,GTGGAAAGGACGAAACACCG,GCCGCAACGCCTAAATTGGCAG,GTCTTAGTACTCTGGAAACAGAATCTACTAAGACAAGGCAAAATGCCGTGTTTATCTCGTCAACTTGTTGGCGAGATTTTTTT,TGGTCCG,AGCTCT,ACTATTCCT,CTGCCAATTTAGGCGTTGCGGC,AGTGT,CTTTTC,GTCTACGCGGTACTACCCAC,,GTGGAAAGGACGAAACACCGGCCGCAACGCCTAAATTGGCAGGTCTTAGTACTCTGGAAACAGAATCTACTAAGACAAGGCAAAATGCCGTGTTTATCTCGTCAACTTGTTGGCGAGATTTTTTTTGGTCCGAGCTCTACTATTCCTCTGCCAATTTAGGCGTTGCGGCAGTGTCTTTTCGTCTACGCGGTACTACCCAC,200
Sa_096,Sa,96,GTGGAAAGGACGAAACACCG,TAAGGGTCCTTGAGAGGCCAAT,GTCTTAGTACTCTGGAAACAGAATCTACTAAGACAAGGCAAAATGCCGTGTTTATCTCGTCAACTTGTTGGCGAGATTTTTTT,GCTTAAC,AAGTTG,CTCACCCCA,ATTGGCCTCTCAAGGACCCTTA,CCGCG,CTTGAA,GTCTACGCGGTACTACCCAC,,GTGGAAAGGACGAAACACCGTAAGGGTCCTTGAGAGGCCAATGTCTTAGTACTCTGGAAACAGAATCTACTAAGACAAGGCAAAATGCCGTGTTTATCTCGTCAACTTGTTGGCGAGATTTTTTTGCTTAACAAGTTGCTCACCCCAATTGGCCTCTCAAGGACCCTTACCGCGCTTGAAGTCTACGCGGTACTACCCAC,200
Sa_097,Sa,97,GTGGAAAGGACGAAACACCG,GGTGAGATCACGCCATGTAGGC,GTCTTAGTACTCTGGAAACAGAATCTACTAAGACAAGGCAAAATGCCGTGTTTATCTCGTCAACTTGTTGGCGAGATTTTTTT,TGCTCCA,AAGTAA,ATCATTCGC,GCCTACATGGCGTGATCTCACC,ATATA,CATGTG,GTCTACGCGGTACTACCCAC,,GTGGAAAGGACGAAACACCGGGTGAGATCACGCCATGTAGGCGTCTTAGTACTCTGGAAACAGAATCTACTAAGACAAGGCAAAATGCCGTGTTTATCTCGTCAACTTGTTGGCGAGATTTTTTTTGCTCCAAAGTAAATCATTCGCGCCTACATGGCGTGATCTCACCATATACATGTGGTCTACGCGGTACTACCCAC,200
Sa_098,Sa,98,GTGGAAAGGACGAAACACCG,TTTACGGAATCCCCCTCTGGGG,GTCTTAGTACTCTGGAAACAGAATCTACTAAGACAAGGCAAAATGCCGTGTTTATCTCGTCAACTTGTTGGCGAGATTTTTTT,AAACTAA,CTCAGC,TGCATTCAC,CCCCAGAGGGGGATTCCGTAAA,GGTTG,GCCTTA,GTCTACGCGGTACTACCCAC,,GTGGAAAGGACGAAACACCGTTTACGGAATCCCCCTCTGGGGGTCTTAGTACTCTGGAAACAGAATCTACTAAGACAAGGCAAAATGCCGTGTTTATCTCGTCAACTTGTTGGCGAGATTTTTTTAAACTAACTCAGCTGCATTCACCCCCAGAGGGGGATTCCGTAAAGGTTGGCCTTAGTCTACGCGGTACTACCCAC,200
Sa_099,Sa,99,GTGGAAAGGACGAAACACCG,CAAGTTGTCCTTTAGATTGTAG,GTCTTAGTACTCTGGAAACAGAATCTACTAAGACAAGGCAAAATGCCGTGTTTATCTCGTCAACTTGTTGGCGAGATTTTTTT,TCGTGCA,GTTCCT,TTAATTCGC,CTACAATCTAAAGGACAACTTG,CGCCT,GCGGCA,GTCTACGCGGTACTACCCAC,,GTGGAAAGGACGAAACACCGCAAGTTGTCCTTTAGATTGTAGGTCTTAGTACTCTGGAAACAGAATCTACTAAGACAAGGCAAAATGCCGTGTTTATCTCGTCAACTTGTTGGCGAGATTTTTTTTCGTGCAGTTCCTTTAATTCGCCTACAATCTAAAGGACAACTTGCGCCTGCGGCAGTCTACGCGGTACTACCCAC,200
Sa_100,Sa,100,GTGGAAAGGACGAAACACCG,GTGACATGACTAACGGTCGCTT,GTCTTAGTACTCTGGAAACAGAATCTACTAAGACAAGGCAAAATGCCGTGTTTATCTCGTCAACTTGTTGGCGAGATTTTTTT,GTTGGAA,GACAGT,CGAATTCGG,AAGCGACCGTTAGTCATGTCAC,GGAAG,GAACGG,GTCTACGCGGTACTACCCAC,,GTGGAAAGGACGAAACACCGGTGACATGACTAACGGTCGCTTGTCTTAGTACTCTGGAAACAGAATCTACTAAGACAAGGCAAAATGCCGTGTTTATCTCGTCAACTTGTTGGCGAGATTTTTTTGTTGGAAGACAGTCGAATTCGGAAGCGACCGTTAGTCATGTCACGGAAGGAACGGGTCTACGCGGTACTACCCAC,200
