Identifier,Name,Number,5'Overhang,spacer,scaffold,filler 0N,Random left 6N,PAM_rv,target_rv,Random right 5N,Barcode,3'Overhang,,Concat:,Length:
Sp_001,Sp,1,GTGGAAAGGACGAAACACCG,GCCCCTCAATATTGACGCT,GTTTCAGAGCTATGCTGGAAACAGCATAGCAAGTTGAAATAAGGCTAGTCCGTTATCAACTTGAAAAAGTGGCACCGAGTCGGTGCTTTTTTT,,GCCGCC,GGGACTCCG,AGCGTCAATATTGAGGGGCGGT,TCCTC,ACGCGC,TAGCTGCCTCGGTCATTCAA,,GTGGAAAGGACGAAACACCGGCCCCTCAATATTGACGCTGTTTCAGAGCTATGCTGGAAACAGCATAGCAAGTTGAAATAAGGCTAGTCCGTTATCAACTTGAAAAAGTGGCACCGAGTCGGTGCTTTTTTTGCCGCCGGGACTCCGAGCGTCAATATTGAGGGGCGGTTCCTCACGCGCTAGCTGCCTCGGTCATTCAA,200
Sp_002,Sp,2,GTGGAAAGGACGAAACACCG,TAAATATACTCTTAGAGAG,GTTTCAGAGCTATGCTGGAAACAGCATAGCAAGTTGAAATAAGGCTAGTCCGTTATCAACTTGAAAAAGTGGCACCGAGTCGGTGCTTTTTTT,,AAGAAA,CATACTCCT,CTCTCTAAGAGTATATTTATCC,TCGTC,AAAAGC,TAGCTGCCTCGGTCATTCAA,,GTGGAAAGGACGAAACACCGTAAATATACTCTTAGAGAGGTTTCAGAGCTATGCTGGAAACAGCATAGCAAGTTGAAATAAGGCTAGTCCGTTATCAACTTGAAAAAGTGGCACCGAGTCGGTGCTTTTTTTAAGAAACATACTCCTCTCTCTAAGAGTATATTTATCCTCGTCAAAAGCTAGCTGCCTCGGTCATTCAA,200
Sp_003,Sp,3,GTGGAAAGGACGAAACACCG,CATACGTCTCTTACAGACT,GTTTCAGAGCTATGCTGGAAACAGCATAGCAAGTTGAAATAAGGCTAGTCCGTTATCAACTTGAAAAAGTGGCACCGAGTCGGTGCTTTTTTT,,AGTCAA,TGGTTACCA,AGTCTGTAAGAGACGTATGTCT,CCGCT,TCGCTT,TAGCTGCCTCGGTCATTCAA,,GTGGAAAGGACGAAACACCGCATACGTCTCTTACAGACTGTTTCAGAGCTATGCTGGAAACAGCATAGCAAGTTGAAATAAGGCTAGTCCGTTATCAACTTGAAAAAGTGGCACCGAGTCGGTGCTTTTTTTAGTCAATGGTTACCAAGTCTGTAAGAGACGTATGTCTCCGCTTCGCTTTAGCTGCCTCGGTCATTCAA,200
Sp_004,Sp,4,GTGGAAAGGACGAAACACCG,ACTCTGTTCCCACGTCTAA,GTTTCAGAGCTATGCTGGAAACAGCATAGCAAGTTGAAATAAGGCTAGTCCGTTATCAACTTGAAAAAGTGGCACCGAGTCGGTGCTTTTTTT,,GCTGCT,GCTAACCCA,TTAGACGTGGGAACAGAGTTGT,CAGGT,TCTTCC,TAGCTGCCTCGGTCATTCAA,,GTGGAAAGGACGAAACACCGACTCTGTTCCCACGTCTAAGTTTCAGAGCTATGCTGGAAACAGCATAGCAAGTTGAAATAAGGCTAGTCCGTTATCAACTTGAAAAAGTGGCACCGAGTCGGTGCTTTTTTTGCTGCTGCTAACCCATTAGACGTGGGAACAGAGTTGTCAGGTTCTTCCTAGCTGCCTCGGTCATTCAA,200
Sp_005,Sp,5,GTGGAAAGGACGAAACACCG,AAGTTCGCCCGAACCAGGG,GTTTCAGAGCTATGCTGGAAACAGCATAGCAAGTTGAAATAAGGCTAGTCCGTTATCAACTTGAAAAAGTGGCACCGAGTCGGTGCTTTTTTT,,TGTCCG,GCCTGACCC,CCCTGGTTCGGGCGAACTTTCA,ATATG,TCAAAG,TAGCTGCCTCGGTCATTCAA,,GTGGAAAGGACGAAACACCGAAGTTCGCCCGAACCAGGGGTTTCAGAGCTATGCTGGAAACAGCATAGCAAGTTGAAATAAGGCTAGTCCGTTATCAACTTGAAAAAGTGGCACCGAGTCGGTGCTTTTTTTTGTCCGGCCTGACCCCCCTGGTTCGGGCGAACTTTCAATATGTCAAAGTAGCTGCCTCGGTCATTCAA,200
Sp_006,Sp,6,GTGGAAAGGACGAAACACCG,GTCGGAAGCCCATGGTTGC,GTTTCAGAGCTATGCTGGAAACAGCATAGCAAGTTGAAATAAGGCTAGTCCGTTATCAACTTGAAAAAGTGGCACCGAGTCGGTGCTTTTTTT,,AATACT,ATAAGACCC,GCAACCATGGGCTTCCGACGAC,ACTCC,TGTCAC,TAGCTGCCTCGGTCATTCAA,,GTGGAAAGGACGAAACACCGGTCGGAAGCCCATGGTTGCGTTTCAGAGCTATGCTGGAAACAGCATAGCAAGTTGAAATAAGGCTAGTCCGTTATCAACTTGAAAAAGTGGCACCGAGTCGGTGCTTTTTTTAATACTATAAGACCCGCAACCATGGGCTTCCGACGACACTCCTGTCACTAGCTGCCTCGGTCATTCAA,200
Sp_007,Sp,7,GTGGAAAGGACGAAACACCG,CTGGACTAGCCATATGGGC,GTTTCAGAGCTATGCTGGAAACAGCATAGCAAGTTGAAATAAGGCTAGTCCGTTATCAACTTGAAAAAGTGGCACCGAGTCGGTGCTTTTTTT,,CACGTC,CCGGGCCCT,GCCCATATGGCTAGTCCAGTCG,AGGCC,CATGGT,TAGCTGCCTCGGTCATTCAA,,GTGGAAAGGACGAAACACCGCTGGACTAGCCATATGGGCGTTTCAGAGCTATGCTGGAAACAGCATAGCAAGTTGAAATAAGGCTAGTCCGTTATCAACTTGAAAAAGTGGCACCGAGTCGGTGCTTTTTTTCACGTCCCGGGCCCTGCCCATATGGCTAGTCCAGTCGAGGCCCATGGTTAGCTGCCTCGGTCATTCAA,200
Sp_008,Sp,8,GTGGAAAGGACGAAACACCG,CAACCGCTATGCGCACGCC,GTTTCAGAGCTATGCTGGAAACAGCATAGCAAGTTGAAATAAGGCTAGTCCGTTATCAACTTGAAAAAGTGGCACCGAGTCGGTGCTTTTTTT,,ACATGT,AACAAACCT,GGCGTGCGCATAGCGGTTGAGC,CGGGG,GTGCCC,TAGCTGCCTCGGTCATTCAA,,GTGGAAAGGACGAAACACCGCAACCGCTATGCGCACGCCGTTTCAGAGCTATGCTGGAAACAGCATAGCAAGTTGAAATAAGGCTAGTCCGTTATCAACTTGAAAAAGTGGCACCGAGTCGGTGCTTTTTTTACATGTAACAAACCTGGCGTGCGCATAGCGGTTGAGCCGGGGGTGCCCTAGCTGCCTCGGTCATTCAA,200
Sp_009,Sp,9,GTGGAAAGGACGAAACACCG,CTGTTGGAGGGCTACATTG,GTTTCAGAGCTATGCTGGAAACAGCATAGCAAGTTGAAATAAGGCTAGTCCGTTATCAACTTGAAAAAGTGGCACCGAGTCGGTGCTTTTTTT,,TCTCTC,ACTTCACCG,CAATGTAGCCCTCCAACAGCGG,CTTGT,TACATT,TAGCTGCCTCGGTCATTCAA,,GTGGAAAGGACGAAACACCGCTGTTGGAGGGCTACATTGGTTTCAGAGCTATGCTGGAAACAGCATAGCAAGTTGAAATAAGGCTAGTCCGTTATCAACTTGAAAAAGTGGCACCGAGTCGGTGCTTTTTTTTCTCTCACTTCACCGCAATGTAGCCCTCCAACAGCGGCTTGTTACATTTAGCTGCCTCGGTCATTCAA,200
Sp_010,Sp,10,GTGGAAAGGACGAAACACCG,GTATCGCACTACTTCCGAG,GTTTCAGAGCTATGCTGGAAACAGCATAGCAAGTTGAAATAAGGCTAGTCCGTTATCAACTTGAAAAAGTGGCACCGAGTCGGTGCTTTTTTT,,TCCCTT,TTTTAGCCT,CTCGGAAGTAGTGCGATACACG,GACGG,AATTCA,TAGCTGCCTCGGTCATTCAA,,GTGGAAAGGACGAAACACCGGTATCGCACTACTTCCGAGGTTTCAGAGCTATGCTGGAAACAGCATAGCAAGTTGAAATAAGGCTAGTCCGTTATCAACTTGAAAAAGTGGCACCGAGTCGGTGCTTTTTTTTCCCTTTTTTAGCCTCTCGGAAGTAGTGCGATACACGGACGGAATTCATAGCTGCCTCGGTCATTCAA,200
Sp_011,Sp,11,GTGGAAAGGACGAAACACCG,GTGTTGATGATCCGGAGGA,GTTTCAGAGCTATGCTGGAAACAGCATAGCAAGTTGAAATAAGGCTAGTCCGTTATCAACTTGAAAAAGTGGCACCGAGTCGGTGCTTTTTTT,,GGGAAA,TCGTAGCCC,TCCTCCGGATCATCAACACATC,TGAAA,CGCGGG,TAGCTGCCTCGGTCATTCAA,,GTGGAAAGGACGAAACACCGGTGTTGATGATCCGGAGGAGTTTCAGAGCTATGCTGGAAACAGCATAGCAAGTTGAAATAAGGCTAGTCCGTTATCAACTTGAAAAAGTGGCACCGAGTCGGTGCTTTTTTTGGGAAATCGTAGCCCTCCTCCGGATCATCAACACATCTGAAACGCGGGTAGCTGCCTCGGTCATTCAA,200
Sp_012,Sp,12,GTGGAAAGGACGAAACACCG,CAAAATACATCTTTCTAAT,GTTTCAGAGCTATGCTGGAAACAGCATAGCAAGTTGAAATAAGGCTAGTCCGTTATCAACTTGAAAAAGTGGCACCGAGTCGGTGCTTTTTTT,,AGTTGC,TCAAGGCCA,ATTAGAAAGATGTATTTTGGTA,GAACG,CGGGCA,TAGCTGCCTCGGTCATTCAA,,GTGGAAAGGACGAAACACCGCAAAATACATCTTTCTAATGTTTCAGAGCTATGCTGGAAACAGCATAGCAAGTTGAAATAAGGCTAGTCCGTTATCAACTTGAAAAAGTGGCACCGAGTCGGTGCTTTTTTTAGTTGCTCAAGGCCAATTAGAAAGATGTATTTTGGTAGAACGCGGGCATAGCTGCCTCGGTCATTCAA,200
Sp_013,Sp,13,GTGGAAAGGACGAAACACCG,AGGAATAATAGTGTTCTGC,GTTTCAGAGCTATGCTGGAAACAGCATAGCAAGTTGAAATAAGGCTAGTCCGTTATCAACTTGAAAAAGTGGCACCGAGTCGGTGCTTTTTTT,,CTGGCT,CGGAACCCT,GCAGAACACTATTATTCCTTTA,GTAAG,AGAGAC,TAGCTGCCTCGGTCATTCAA,,GTGGAAAGGACGAAACACCGAGGAATAATAGTGTTCTGCGTTTCAGAGCTATGCTGGAAACAGCATAGCAAGTTGAAATAAGGCTAGTCCGTTATCAACTTGAAAAAGTGGCACCGAGTCGGTGCTTTTTTTCTGGCTCGGAACCCTGCAGAACACTATTATTCCTTTAGTAAGAGAGACTAGCTGCCTCGGTCATTCAA,200
Sp_014,Sp,14,GTGGAAAGGACGAAACACCG,TACTCCTATGAGGGGTGGA,GTTTCAGAGCTATGCTGGAAACAGCATAGCAAGTTGAAATAAGGCTAGTCCGTTATCAACTTGAAAAAGTGGCACCGAGTCGGTGCTTTTTTT,,GCCATG,GATGTTCCC,TCCACCCCTCATAGGAGTAAAC,ACTAT,CCATAG,TAGCTGCCTCGGTCATTCAA,,GTGGAAAGGACGAAACACCGTACTCCTATGAGGGGTGGAGTTTCAGAGCTATGCTGGAAACAGCATAGCAAGTTGAAATAAGGCTAGTCCGTTATCAACTTGAAAAAGTGGCACCGAGTCGGTGCTTTTTTTGCCATGGATGTTCCCTCCACCCCTCATAGGAGTAAACACTATCCATAGTAGCTGCCTCGGTCATTCAA,200
Sp_015,Sp,15,GTGGAAAGGACGAAACACCG,GCAAATGCCCGACAAACCA,GTTTCAGAGCTATGCTGGAAACAGCATAGCAAGTTGAAATAAGGCTAGTCCGTTATCAACTTGAAAAAGTGGCACCGAGTCGGTGCTTTTTTT,,TGCCCG,TCGGCTCCG,TGGTTTGTCGGGCATTTGCACG,CTATA,TTTCCT,TAGCTGCCTCGGTCATTCAA,,GTGGAAAGGACGAAACACCGGCAAATGCCCGACAAACCAGTTTCAGAGCTATGCTGGAAACAGCATAGCAAGTTGAAATAAGGCTAGTCCGTTATCAACTTGAAAAAGTGGCACCGAGTCGGTGCTTTTTTTTGCCCGTCGGCTCCGTGGTTTGTCGGGCATTTGCACGCTATATTTCCTTAGCTGCCTCGGTCATTCAA,200
Sp_016,Sp,16,GTGGAAAGGACGAAACACCG,GAAGATCATTAGTGAGCGA,GTTTCAGAGCTATGCTGGAAACAGCATAGCAAGTTGAAATAAGGCTAGTCCGTTATCAACTTGAAAAAGTGGCACCGAGTCGGTGCTTTTTTT,,AAACGT,CTGAGCCCC,TCGCTCACTAATGATCTTCACT,ACAAT,TTTCAT,TAGCTGCCTCGGTCATTCAA,,GTGGAAAGGACGAAACACCGGAAGATCATTAGTGAGCGAGTTTCAGAGCTATGCTGGAAACAGCATAGCAAGTTGAAATAAGGCTAGTCCGTTATCAACTTGAAAAAGTGGCACCGAGTCGGTGCTTTTTTTAAACGTCTGAGCCCCTCGCTCACTAATGATCTTCACTACAATTTTCATTAGCTGCCTCGGTCATTCAA,200
Sp_017,Sp,17,GTGGAAAGGACGAAACACCG,TTCGTACCCTCATGGCTTA,GTTTCAGAGCTATGCTGGAAACAGCATAGCAAGTTGAAATAAGGCTAGTCCGTTATCAACTTGAAAAAGTGGCACCGAGTCGGTGCTTTTTTT,,GCCGTC,AGTTATCCT,TAAGCCATGAGGGTACGAATTC,GTGTT,CTTATG,TAGCTGCCTCGGTCATTCAA,,GTGGAAAGGACGAAACACCGTTCGTACCCTCATGGCTTAGTTTCAGAGCTATGCTGGAAACAGCATAGCAAGTTGAAATAAGGCTAGTCCGTTATCAACTTGAAAAAGTGGCACCGAGTCGGTGCTTTTTTTGCCGTCAGTTATCCTTAAGCCATGAGGGTACGAATTCGTGTTCTTATGTAGCTGCCTCGGTCATTCAA,200
Sp_018,Sp,18,GTGGAAAGGACGAAACACCG,CTCTCGAGAATCCATCTTT,GTTTCAGAGCTATGCTGGAAACAGCATAGCAAGTTGAAATAAGGCTAGTCCGTTATCAACTTGAAAAAGTGGCACCGAGTCGGTGCTTTTTTT,,GTACCA,ATGAGTCCC,AAAGATGGATTCTCGAGAGCAT,ATGAT,CCAACG,TAGCTGCCTCGGTCATTCAA,,GTGGAAAGGACGAAACACCGCTCTCGAGAATCCATCTTTGTTTCAGAGCTATGCTGGAAACAGCATAGCAAGTTGAAATAAGGCTAGTCCGTTATCAACTTGAAAAAGTGGCACCGAGTCGGTGCTTTTTTTGTACCAATGAGTCCCAAAGATGGATTCTCGAGAGCATATGATCCAACGTAGCTGCCTCGGTCATTCAA,200
Sp_019,Sp,19,GTGGAAAGGACGAAACACCG,CAATATTAGTGAGTCCAGT,GTTTCAGAGCTATGCTGGAAACAGCATAGCAAGTTGAAATAAGGCTAGTCCGTTATCAACTTGAAAAAGTGGCACCGAGTCGGTGCTTTTTTT,,CCTGTA,TACTCTCCA,ACTGGACTCACTAATATTGCAG,AGCCC,GTGAAA,TAGCTGCCTCGGTCATTCAA,,GTGGAAAGGACGAAACACCGCAATATTAGTGAGTCCAGTGTTTCAGAGCTATGCTGGAAACAGCATAGCAAGTTGAAATAAGGCTAGTCCGTTATCAACTTGAAAAAGTGGCACCGAGTCGGTGCTTTTTTTCCTGTATACTCTCCAACTGGACTCACTAATATTGCAGAGCCCGTGAAATAGCTGCCTCGGTCATTCAA,200
Sp_020,Sp,20,GTGGAAAGGACGAAACACCG,ACACCACGTCGCTTGTTGT,GTTTCAGAGCTATGCTGGAAACAGCATAGCAAGTTGAAATAAGGCTAGTCCGTTATCAACTTGAAAAAGTGGCACCGAGTCGGTGCTTTTTTT,,CAGCGG,ATGGTCCCC,ACAACAAGCGACGTGGTGTCCC,ATTGC,TCACAC,TAGCTGCCTCGGTCATTCAA,,GTGGAAAGGACGAAACACCGACACCACGTCGCTTGTTGTGTTTCAGAGCTATGCTGGAAACAGCATAGCAAGTTGAAATAAGGCTAGTCCGTTATCAACTTGAAAAAGTGGCACCGAGTCGGTGCTTTTTTTCAGCGGATGGTCCCCACAACAAGCGACGTGGTGTCCCATTGCTCACACTAGCTGCCTCGGTCATTCAA,200
Sp_021,Sp,21,GTGGAAAGGACGAAACACCG,TAATTGCACCGTAATGACT,GTTTCAGAGCTATGCTGGAAACAGCATAGCAAGTTGAAATAAGGCTAGTCCGTTATCAACTTGAAAAAGTGGCACCGAGTCGGTGCTTTTTTT,,GGCATA,TAGGAGCCG,AGTCATTACGGTGCAATTATAA,ACATA,CCCACT,TAGCTGCCTCGGTCATTCAA,,GTGGAAAGGACGAAACACCGTAATTGCACCGTAATGACTGTTTCAGAGCTATGCTGGAAACAGCATAGCAAGTTGAAATAAGGCTAGTCCGTTATCAACTTGAAAAAGTGGCACCGAGTCGGTGCTTTTTTTGGCATATAGGAGCCGAGTCATTACGGTGCAATTATAAACATACCCACTTAGCTGCCTCGGTCATTCAA,200
Sp_022,Sp,22,GTGGAAAGGACGAAACACCG,AGCAGGAGGCGCTCAGTAA,GTTTCAGAGCTATGCTGGAAACAGCATAGCAAGTTGAAATAAGGCTAGTCCGTTATCAACTTGAAAAAGTGGCACCGAGTCGGTGCTTTTTTT,,CTCGCT,TATAGACCA,TTACTGAGCGCCTCCTGCTTGG,TTAAT,CCTTTG,TAGCTGCCTCGGTCATTCAA,,GTGGAAAGGACGAAACACCGAGCAGGAGGCGCTCAGTAAGTTTCAGAGCTATGCTGGAAACAGCATAGCAAGTTGAAATAAGGCTAGTCCGTTATCAACTTGAAAAAGTGGCACCGAGTCGGTGCTTTTTTTCTCGCTTATAGACCATTACTGAGCGCCTCCTGCTTGGTTAATCCTTTGTAGCTGCCTCGGTCATTCAA,200
Sp_023,Sp,23,GTGGAAAGGACGAAACACCG,TGTTCTCCGTCCCTGTGCC,GTTTCAGAGCTATGCTGGAAACAGCATAGCAAGTTGAAATAAGGCTAGTCCGTTATCAACTTGAAAAAGTGGCACCGAGTCGGTGCTTTTTTT,,GCGACC,ATATACCCT,GGCACAGGGACGGAGAACAGGG,CAAGA,CCCCGC,TAGCTGCCTCGGTCATTCAA,,GTGGAAAGGACGAAACACCGTGTTCTCCGTCCCTGTGCCGTTTCAGAGCTATGCTGGAAACAGCATAGCAAGTTGAAATAAGGCTAGTCCGTTATCAACTTGAAAAAGTGGCACCGAGTCGGTGCTTTTTTTGCGACCATATACCCTGGCACAGGGACGGAGAACAGGGCAAGACCCCGCTAGCTGCCTCGGTCATTCAA,200
Sp_024,Sp,24,GTGGAAAGGACGAAACACCG,ACCATGCACTAGTTAAGAC,GTTTCAGAGCTATGCTGGAAACAGCATAGCAAGTTGAAATAAGGCTAGTCCGTTATCAACTTGAAAAAGTGGCACCGAGTCGGTGCTTTTTTT,,CGGTAA,CGGTACCCC,GTCTTAACTAGTGCATGGTATT,AAACC,AAGTCG,TAGCTGCCTCGGTCATTCAA,,GTGGAAAGGACGAAACACCGACCATGCACTAGTTAAGACGTTTCAGAGCTATGCTGGAAACAGCATAGCAAGTTGAAATAAGGCTAGTCCGTTATCAACTTGAAAAAGTGGCACCGAGTCGGTGCTTTTTTTCGGTAACGGTACCCCGTCTTAACTAGTGCATGGTATTAAACCAAGTCGTAGCTGCCTCGGTCATTCAA,200
Sp_025,Sp,25,GTGGAAAGGACGAAACACCG,GTTATCAGGGCCTTGTCGG,GTTTCAGAGCTATGCTGGAAACAGCATAGCAAGTTGAAATAAGGCTAGTCCGTTATCAACTTGAAAAAGTGGCACCGAGTCGGTGCTTTTTTT,,GATACC,GGTTCACCG,CCGACAAGGCCCTGATAACCCC,GCGGC,AGCGTA,TAGCTGCCTCGGTCATTCAA,,GTGGAAAGGACGAAACACCGGTTATCAGGGCCTTGTCGGGTTTCAGAGCTATGCTGGAAACAGCATAGCAAGTTGAAATAAGGCTAGTCCGTTATCAACTTGAAAAAGTGGCACCGAGTCGGTGCTTTTTTTGATACCGGTTCACCGCCGACAAGGCCCTGATAACCCCGCGGCAGCGTATAGCTGCCTCGGTCATTCAA,200
Sp_026,Sp,26,GTGGAAAGGACGAAACACCG,ACAAATCTAATCCCCTCGA,GTTTCAGAGCTATGCTGGAAACAGCATAGCAAGTTGAAATAAGGCTAGTCCGTTATCAACTTGAAAAAGTGGCACCGAGTCGGTGCTTTTTTT,,GCGGGG,TGCCGGCCG,TCGAGGGGATTAGATTTGTGAG,GTCCT,TGATCC,TAGCTGCCTCGGTCATTCAA,,GTGGAAAGGACGAAACACCGACAAATCTAATCCCCTCGAGTTTCAGAGCTATGCTGGAAACAGCATAGCAAGTTGAAATAAGGCTAGTCCGTTATCAACTTGAAAAAGTGGCACCGAGTCGGTGCTTTTTTTGCGGGGTGCCGGCCGTCGAGGGGATTAGATTTGTGAGGTCCTTGATCCTAGCTGCCTCGGTCATTCAA,200
Sp_027,Sp,27,GTGGAAAGGACGAAACACCG,AACTGCGGCCCTACCTAGA,GTTTCAGAGCTATGCTGGAAACAGCATAGCAAGTTGAAATAAGGCTAGTCCGTTATCAACTTGAAAAAGTGGCACCGAGTCGGTGCTTTTTTT,,CAGGAC,GTTTAGCCG,TCTAGGTAGGGCCGCAGTTCCG,TATCA,TTACCG,TAGCTGCCTCGGTCATTCAA,,GTGGAAAGGACGAAACACCGAACTGCGGCCCTACCTAGAGTTTCAGAGCTATGCTGGAAACAGCATAGCAAGTTGAAATAAGGCTAGTCCGTTATCAACTTGAAAAAGTGGCACCGAGTCGGTGCTTTTTTTCAGGACGTTTAGCCGTCTAGGTAGGGCCGCAGTTCCGTATCATTACCGTAGCTGCCTCGGTCATTCAA,200
Sp_028,Sp,28,GTGGAAAGGACGAAACACCG,TGCACATGCTCGTCGAGGA,GTTTCAGAGCTATGCTGGAAACAGCATAGCAAGTTGAAATAAGGCTAGTCCGTTATCAACTTGAAAAAGTGGCACCGAGTCGGTGCTTTTTTT,,CTGGGC,ATACTCCCG,TCCTCGACGAGCATGTGCACAA,GTGTA,TAAGCA,TAGCTGCCTCGGTCATTCAA,,GTGGAAAGGACGAAACACCGTGCACATGCTCGTCGAGGAGTTTCAGAGCTATGCTGGAAACAGCATAGCAAGTTGAAATAAGGCTAGTCCGTTATCAACTTGAAAAAGTGGCACCGAGTCGGTGCTTTTTTTCTGGGCATACTCCCGTCCTCGACGAGCATGTGCACAAGTGTATAAGCATAGCTGCCTCGGTCATTCAA,200
Sp_029,Sp,29,GTGGAAAGGACGAAACACCG,CTAACACAGGCTGTCTCGA,GTTTCAGAGCTATGCTGGAAACAGCATAGCAAGTTGAAATAAGGCTAGTCCGTTATCAACTTGAAAAAGTGGCACCGAGTCGGTGCTTTTTTT,,CACGCA,ATCATGCCT,TCGAGACAGCCTGTGTTAGTAG,ACGAT,GACCGC,TAGCTGCCTCGGTCATTCAA,,GTGGAAAGGACGAAACACCGCTAACACAGGCTGTCTCGAGTTTCAGAGCTATGCTGGAAACAGCATAGCAAGTTGAAATAAGGCTAGTCCGTTATCAACTTGAAAAAGTGGCACCGAGTCGGTGCTTTTTTTCACGCAATCATGCCTTCGAGACAGCCTGTGTTAGTAGACGATGACCGCTAGCTGCCTCGGTCATTCAA,200
Sp_030,Sp,30,GTGGAAAGGACGAAACACCG,ATAATAAGTTTCGTTGAGA,GTTTCAGAGCTATGCTGGAAACAGCATAGCAAGTTGAAATAAGGCTAGTCCGTTATCAACTTGAAAAAGTGGCACCGAGTCGGTGCTTTTTTT,,TCTACG,AGACCGCCT,TCTCAACGAAACTTATTATTCG,CCAAG,TTTGCT,TAGCTGCCTCGGTCATTCAA,,GTGGAAAGGACGAAACACCGATAATAAGTTTCGTTGAGAGTTTCAGAGCTATGCTGGAAACAGCATAGCAAGTTGAAATAAGGCTAGTCCGTTATCAACTTGAAAAAGTGGCACCGAGTCGGTGCTTTTTTTTCTACGAGACCGCCTTCTCAACGAAACTTATTATTCGCCAAGTTTGCTTAGCTGCCTCGGTCATTCAA,200
Sp_031,Sp,31,GTGGAAAGGACGAAACACCG,CGGATTAGAGGCCCGCTGT,GTTTCAGAGCTATGCTGGAAACAGCATAGCAAGTTGAAATAAGGCTAGTCCGTTATCAACTTGAAAAAGTGGCACCGAGTCGGTGCTTTTTTT,,TTTGCA,ACCAGTCCG,ACAGCGGGCCTCTAATCCGTGT,GTAAC,GATCCC,TAGCTGCCTCGGTCATTCAA,,GTGGAAAGGACGAAACACCGCGGATTAGAGGCCCGCTGTGTTTCAGAGCTATGCTGGAAACAGCATAGCAAGTTGAAATAAGGCTAGTCCGTTATCAACTTGAAAAAGTGGCACCGAGTCGGTGCTTTTTTTTTTGCAACCAGTCCGACAGCGGGCCTCTAATCCGTGTGTAACGATCCCTAGCTGCCTCGGTCATTCAA,200
Sp_032,Sp,32,GTGGAAAGGACGAAACACCG,GGAAAGCTGTGACCAATGG,GTTTCAGAGCTATGCTGGAAACAGCATAGCAAGTTGAAATAAGGCTAGTCCGTTATCAACTTGAAAAAGTGGCACCGAGTCGGTGCTTTTTTT,,TTTATG,TGACCTCCA,CCATTGGTCACAGCTTTCCGAA,CGAAC,TGTCCA,TAGCTGCCTCGGTCATTCAA,,GTGGAAAGGACGAAACACCGGGAAAGCTGTGACCAATGGGTTTCAGAGCTATGCTGGAAACAGCATAGCAAGTTGAAATAAGGCTAGTCCGTTATCAACTTGAAAAAGTGGCACCGAGTCGGTGCTTTTTTTTTTATGTGACCTCCACCATTGGTCACAGCTTTCCGAACGAACTGTCCATAGCTGCCTCGGTCATTCAA,200
Sp_033,Sp,33,GTGGAAAGGACGAAACACCG,CACTTTAAAACAGGTTCGA,GTTTCAGAGCTATGCTGGAAACAGCATAGCAAGTTGAAATAAGGCTAGTCCGTTATCAACTTGAAAAAGTGGCACCGAGTCGGTGCTTTTTTT,,AGCACG,GGAACCCCA,TCGAACCTGTTTTAAAGTGACG,CCCTC,TTCGGC,TAGCTGCCTCGGTCATTCAA,,GTGGAAAGGACGAAACACCGCACTTTAAAACAGGTTCGAGTTTCAGAGCTATGCTGGAAACAGCATAGCAAGTTGAAATAAGGCTAGTCCGTTATCAACTTGAAAAAGTGGCACCGAGTCGGTGCTTTTTTTAGCACGGGAACCCCATCGAACCTGTTTTAAAGTGACGCCCTCTTCGGCTAGCTGCCTCGGTCATTCAA,200
Sp_034,Sp,34,GTGGAAAGGACGAAACACCG,AGCCGGGGCGAATTTACAT,GTTTCAGAGCTATGCTGGAAACAGCATAGCAAGTTGAAATAAGGCTAGTCCGTTATCAACTTGAAAAAGTGGCACCGAGTCGGTGCTTTTTTT,,ATGGGT,TTCGACCCC,ATGTAAATTCGCCCCGGCTAAA,TTAAC,ACCTAT,TAGCTGCCTCGGTCATTCAA,,GTGGAAAGGACGAAACACCGAGCCGGGGCGAATTTACATGTTTCAGAGCTATGCTGGAAACAGCATAGCAAGTTGAAATAAGGCTAGTCCGTTATCAACTTGAAAAAGTGGCACCGAGTCGGTGCTTTTTTTATGGGTTTCGACCCCATGTAAATTCGCCCCGGCTAAATTAACACCTATTAGCTGCCTCGGTCATTCAA,200
Sp_035,Sp,35,GTGGAAAGGACGAAACACCG,TCAAGGGGTTCGATCCGAG,GTTTCAGAGCTATGCTGGAAACAGCATAGCAAGTTGAAATAAGGCTAGTCCGTTATCAACTTGAAAAAGTGGCACCGAGTCGGTGCTTTTTTT,,ACAACC,ACCCGACCT,CTCGGATCGAACCCCTTGATGA,CTGAT,GTGAAC,TAGCTGCCTCGGTCATTCAA,,GTGGAAAGGACGAAACACCGTCAAGGGGTTCGATCCGAGGTTTCAGAGCTATGCTGGAAACAGCATAGCAAGTTGAAATAAGGCTAGTCCGTTATCAACTTGAAAAAGTGGCACCGAGTCGGTGCTTTTTTTACAACCACCCGACCTCTCGGATCGAACCCCTTGATGACTGATGTGAACTAGCTGCCTCGGTCATTCAA,200
Sp_036,Sp,36,GTGGAAAGGACGAAACACCG,AGCGTCCTCGAGCACCCTA,GTTTCAGAGCTATGCTGGAAACAGCATAGCAAGTTGAAATAAGGCTAGTCCGTTATCAACTTGAAAAAGTGGCACCGAGTCGGTGCTTTTTTT,,AGTACC,AAGAAACCG,TAGGGTGCTCGAGGACGCTACC,AGCCA,ACTTCC,TAGCTGCCTCGGTCATTCAA,,GTGGAAAGGACGAAACACCGAGCGTCCTCGAGCACCCTAGTTTCAGAGCTATGCTGGAAACAGCATAGCAAGTTGAAATAAGGCTAGTCCGTTATCAACTTGAAAAAGTGGCACCGAGTCGGTGCTTTTTTTAGTACCAAGAAACCGTAGGGTGCTCGAGGACGCTACCAGCCAACTTCCTAGCTGCCTCGGTCATTCAA,200
Sp_037,Sp,37,GTGGAAAGGACGAAACACCG,CTAGTCAAGACCCGCAGGT,GTTTCAGAGCTATGCTGGAAACAGCATAGCAAGTTGAAATAAGGCTAGTCCGTTATCAACTTGAAAAAGTGGCACCGAGTCGGTGCTTTTTTT,,CGGAGT,ATTTTTCCG,ACCTGCGGGTCTTGACTAGAAC,TGATG,CCCCAA,TAGCTGCCTCGGTCATTCAA,,GTGGAAAGGACGAAACACCGCTAGTCAAGACCCGCAGGTGTTTCAGAGCTATGCTGGAAACAGCATAGCAAGTTGAAATAAGGCTAGTCCGTTATCAACTTGAAAAAGTGGCACCGAGTCGGTGCTTTTTTTCGGAGTATTTTTCCGACCTGCGGGTCTTGACTAGAACTGATGCCCCAATAGCTGCCTCGGTCATTCAA,200
Sp_038,Sp,38,GTGGAAAGGACGAAACACCG,GACCAATTCGGCTCTCAGT,GTTTCAGAGCTATGCTGGAAACAGCATAGCAAGTTGAAATAAGGCTAGTCCGTTATCAACTTGAAAAAGTGGCACCGAGTCGGTGCTTTTTTT,,AAGCCT,TGATATCCA,ACTGAGAGCCGAATTGGTCTTA,CAGCC,AATGAA,TAGCTGCCTCGGTCATTCAA,,GTGGAAAGGACGAAACACCGGACCAATTCGGCTCTCAGTGTTTCAGAGCTATGCTGGAAACAGCATAGCAAGTTGAAATAAGGCTAGTCCGTTATCAACTTGAAAAAGTGGCACCGAGTCGGTGCTTTTTTTAAGCCTTGATATCCAACTGAGAGCCGAATTGGTCTTACAGCCAATGAATAGCTGCCTCGGTCATTCAA,200
Sp_039,Sp,39,GTGGAAAGGACGAAACACCG,CCATGGTAGAAGAGCAGCT,GTTTCAGAGCTATGCTGGAAACAGCATAGCAAGTTGAAATAAGGCTAGTCCGTTATCAACTTGAAAAAGTGGCACCGAGTCGGTGCTTTTTTT,,CATAGA,CCTTCCCCG,AGCTGCTCTTCTACCATGGGAT,AGAGA,TTAAAT,TAGCTGCCTCGGTCATTCAA,,GTGGAAAGGACGAAACACCGCCATGGTAGAAGAGCAGCTGTTTCAGAGCTATGCTGGAAACAGCATAGCAAGTTGAAATAAGGCTAGTCCGTTATCAACTTGAAAAAGTGGCACCGAGTCGGTGCTTTTTTTCATAGACCTTCCCCGAGCTGCTCTTCTACCATGGGATAGAGATTAAATTAGCTGCCTCGGTCATTCAA,200
Sp_040,Sp,40,GTGGAAAGGACGAAACACCG,GGAGTTGCTAAATTTCTAT,GTTTCAGAGCTATGCTGGAAACAGCATAGCAAGTTGAAATAAGGCTAGTCCGTTATCAACTTGAAAAAGTGGCACCGAGTCGGTGCTTTTTTT,,CACAGC,TAACCGCCA,ATAGAAATTTAGCAACTCCTAC,TGCAA,GCTTAA,TAGCTGCCTCGGTCATTCAA,,GTGGAAAGGACGAAACACCGGGAGTTGCTAAATTTCTATGTTTCAGAGCTATGCTGGAAACAGCATAGCAAGTTGAAATAAGGCTAGTCCGTTATCAACTTGAAAAAGTGGCACCGAGTCGGTGCTTTTTTTCACAGCTAACCGCCAATAGAAATTTAGCAACTCCTACTGCAAGCTTAATAGCTGCCTCGGTCATTCAA,200
Sp_041,Sp,41,GTGGAAAGGACGAAACACCG,ATCTTCTACTTGACTAGGA,GTTTCAGAGCTATGCTGGAAACAGCATAGCAAGTTGAAATAAGGCTAGTCCGTTATCAACTTGAAAAAGTGGCACCGAGTCGGTGCTTTTTTT,,TGAAAT,GCAGTCCCC,TCCTAGTCAAGTAGAAGATAAG,CTGGA,ACGTGG,TAGCTGCCTCGGTCATTCAA,,GTGGAAAGGACGAAACACCGATCTTCTACTTGACTAGGAGTTTCAGAGCTATGCTGGAAACAGCATAGCAAGTTGAAATAAGGCTAGTCCGTTATCAACTTGAAAAAGTGGCACCGAGTCGGTGCTTTTTTTTGAAATGCAGTCCCCTCCTAGTCAAGTAGAAGATAAGCTGGAACGTGGTAGCTGCCTCGGTCATTCAA,200
Sp_042,Sp,42,GTGGAAAGGACGAAACACCG,AGAACATGACAGGTATGAT,GTTTCAGAGCTATGCTGGAAACAGCATAGCAAGTTGAAATAAGGCTAGTCCGTTATCAACTTGAAAAAGTGGCACCGAGTCGGTGCTTTTTTT,,CAGAAT,CAGTCTCCC,ATCATACCTGTCATGTTCTGCC,TCTAG,AGGGTA,TAGCTGCCTCGGTCATTCAA,,GTGGAAAGGACGAAACACCGAGAACATGACAGGTATGATGTTTCAGAGCTATGCTGGAAACAGCATAGCAAGTTGAAATAAGGCTAGTCCGTTATCAACTTGAAAAAGTGGCACCGAGTCGGTGCTTTTTTTCAGAATCAGTCTCCCATCATACCTGTCATGTTCTGCCTCTAGAGGGTATAGCTGCCTCGGTCATTCAA,200
Sp_043,Sp,43,GTGGAAAGGACGAAACACCG,CACAAAGGGGCCCTTCTGC,GTTTCAGAGCTATGCTGGAAACAGCATAGCAAGTTGAAATAAGGCTAGTCCGTTATCAACTTGAAAAAGTGGCACCGAGTCGGTGCTTTTTTT,,GCAGTC,AAGATGCCA,GCAGAAGGGCCCCTTTGTGTGG,GTTCC,ACAGCT,TAGCTGCCTCGGTCATTCAA,,GTGGAAAGGACGAAACACCGCACAAAGGGGCCCTTCTGCGTTTCAGAGCTATGCTGGAAACAGCATAGCAAGTTGAAATAAGGCTAGTCCGTTATCAACTTGAAAAAGTGGCACCGAGTCGGTGCTTTTTTTGCAGTCAAGATGCCAGCAGAAGGGCCCCTTTGTGTGGGTTCCACAGCTTAGCTGCCTCGGTCATTCAA,200
Sp_044,Sp,44,GTGGAAAGGACGAAACACCG,TCTTCCGAAGCCTCCGTAA,GTTTCAGAGCTATGCTGGAAACAGCATAGCAAGTTGAAATAAGGCTAGTCCGTTATCAACTTGAAAAAGTGGCACCGAGTCGGTGCTTTTTTT,,CCGGTC,CTTCCGCCA,TTACGGAGGCTTCGGAAGACTA,CCAGT,AGCACT,TAGCTGCCTCGGTCATTCAA,,GTGGAAAGGACGAAACACCGTCTTCCGAAGCCTCCGTAAGTTTCAGAGCTATGCTGGAAACAGCATAGCAAGTTGAAATAAGGCTAGTCCGTTATCAACTTGAAAAAGTGGCACCGAGTCGGTGCTTTTTTTCCGGTCCTTCCGCCATTACGGAGGCTTCGGAAGACTACCAGTAGCACTTAGCTGCCTCGGTCATTCAA,200
Sp_045,Sp,45,GTGGAAAGGACGAAACACCG,GATGACAAAATCCACGCTA,GTTTCAGAGCTATGCTGGAAACAGCATAGCAAGTTGAAATAAGGCTAGTCCGTTATCAACTTGAAAAAGTGGCACCGAGTCGGTGCTTTTTTT,,TGCCTT,CCTAATCCA,TAGCGTGGATTTTGTCATCGAG,TTAGA,GGCGAT,TAGCTGCCTCGGTCATTCAA,,GTGGAAAGGACGAAACACCGGATGACAAAATCCACGCTAGTTTCAGAGCTATGCTGGAAACAGCATAGCAAGTTGAAATAAGGCTAGTCCGTTATCAACTTGAAAAAGTGGCACCGAGTCGGTGCTTTTTTTTGCCTTCCTAATCCATAGCGTGGATTTTGTCATCGAGTTAGAGGCGATTAGCTGCCTCGGTCATTCAA,200
Sp_046,Sp,46,GTGGAAAGGACGAAACACCG,CGACCGTGCCGACTCCAGA,GTTTCAGAGCTATGCTGGAAACAGCATAGCAAGTTGAAATAAGGCTAGTCCGTTATCAACTTGAAAAAGTGGCACCGAGTCGGTGCTTTTTTT,,CCCTGG,AGCTCCCCC,TCTGGAGTCGGCACGGTCGAAT,TCGAA,AGGAAT,TAGCTGCCTCGGTCATTCAA,,GTGGAAAGGACGAAACACCGCGACCGTGCCGACTCCAGAGTTTCAGAGCTATGCTGGAAACAGCATAGCAAGTTGAAATAAGGCTAGTCCGTTATCAACTTGAAAAAGTGGCACCGAGTCGGTGCTTTTTTTCCCTGGAGCTCCCCCTCTGGAGTCGGCACGGTCGAATTCGAAAGGAATTAGCTGCCTCGGTCATTCAA,200
Sp_047,Sp,47,GTGGAAAGGACGAAACACCG,GCGCAGCGCGTACCCTTCG,GTTTCAGAGCTATGCTGGAAACAGCATAGCAAGTTGAAATAAGGCTAGTCCGTTATCAACTTGAAAAAGTGGCACCGAGTCGGTGCTTTTTTT,,TTACTG,TCCCCGCCG,CGAAGGGTACGCGCTGCGCCTC,GCGCT,TCTTAA,TAGCTGCCTCGGTCATTCAA,,GTGGAAAGGACGAAACACCGGCGCAGCGCGTACCCTTCGGTTTCAGAGCTATGCTGGAAACAGCATAGCAAGTTGAAATAAGGCTAGTCCGTTATCAACTTGAAAAAGTGGCACCGAGTCGGTGCTTTTTTTTTACTGTCCCCGCCGCGAAGGGTACGCGCTGCGCCTCGCGCTTCTTAATAGCTGCCTCGGTCATTCAA,200
Sp_048,Sp,48,GTGGAAAGGACGAAACACCG,CTGTACCTTCAACCCTATA,GTTTCAGAGCTATGCTGGAAACAGCATAGCAAGTTGAAATAAGGCTAGTCCGTTATCAACTTGAAAAAGTGGCACCGAGTCGGTGCTTTTTTT,,GTCAAG,CGACCACCT,TATAGGGTTGAAGGTACAGCCA,GATCC,TTGCGG,TAGCTGCCTCGGTCATTCAA,,GTGGAAAGGACGAAACACCGCTGTACCTTCAACCCTATAGTTTCAGAGCTATGCTGGAAACAGCATAGCAAGTTGAAATAAGGCTAGTCCGTTATCAACTTGAAAAAGTGGCACCGAGTCGGTGCTTTTTTTGTCAAGCGACCACCTTATAGGGTTGAAGGTACAGCCAGATCCTTGCGGTAGCTGCCTCGGTCATTCAA,200
Sp_049,Sp,49,GTGGAAAGGACGAAACACCG,GGATGCATTCTAGCGCATA,GTTTCAGAGCTATGCTGGAAACAGCATAGCAAGTTGAAATAAGGCTAGTCCGTTATCAACTTGAAAAAGTGGCACCGAGTCGGTGCTTTTTTT,,TTCCAA,ATGAATCCC,TATGCGCTAGAATGCATCCGGT,AGCAT,GCTAAT,TAGCTGCCTCGGTCATTCAA,,GTGGAAAGGACGAAACACCGGGATGCATTCTAGCGCATAGTTTCAGAGCTATGCTGGAAACAGCATAGCAAGTTGAAATAAGGCTAGTCCGTTATCAACTTGAAAAAGTGGCACCGAGTCGGTGCTTTTTTTTTCCAAATGAATCCCTATGCGCTAGAATGCATCCGGTAGCATGCTAATTAGCTGCCTCGGTCATTCAA,200
Sp_050,Sp,50,GTGGAAAGGACGAAACACCG,AGTCTTATTAATGCTCGTC,GTTTCAGAGCTATGCTGGAAACAGCATAGCAAGTTGAAATAAGGCTAGTCCGTTATCAACTTGAAAAAGTGGCACCGAGTCGGTGCTTTTTTT,,TCACTT,CATGAACCT,GACGAGCATTAATAAGACTCTA,AGTTA,GCTCAT,TAGCTGCCTCGGTCATTCAA,,GTGGAAAGGACGAAACACCGAGTCTTATTAATGCTCGTCGTTTCAGAGCTATGCTGGAAACAGCATAGCAAGTTGAAATAAGGCTAGTCCGTTATCAACTTGAAAAAGTGGCACCGAGTCGGTGCTTTTTTTTCACTTCATGAACCTGACGAGCATTAATAAGACTCTAAGTTAGCTCATTAGCTGCCTCGGTCATTCAA,200
Sp_051,Sp,51,GTGGAAAGGACGAAACACCG,TTTCCGTACGCAAGTACTG,GTTTCAGAGCTATGCTGGAAACAGCATAGCAAGTTGAAATAAGGCTAGTCCGTTATCAACTTGAAAAAGTGGCACCGAGTCGGTGCTTTTTTT,,ACGGTG,AAGAGCCCG,CAGTACTTGCGTACGGAAATGC,CAGCG,ACCCTG,TAGCTGCCTCGGTCATTCAA,,GTGGAAAGGACGAAACACCGTTTCCGTACGCAAGTACTGGTTTCAGAGCTATGCTGGAAACAGCATAGCAAGTTGAAATAAGGCTAGTCCGTTATCAACTTGAAAAAGTGGCACCGAGTCGGTGCTTTTTTTACGGTGAAGAGCCCGCAGTACTTGCGTACGGAAATGCCAGCGACCCTGTAGCTGCCTCGGTCATTCAA,200
Sp_052,Sp,52,GTGGAAAGGACGAAACACCG,GTAGCAAAGGAGAAGCAGG,GTTTCAGAGCTATGCTGGAAACAGCATAGCAAGTTGAAATAAGGCTAGTCCGTTATCAACTTGAAAAAGTGGCACCGAGTCGGTGCTTTTTTT,,GGCTCC,AATCCACCA,CCTGCTTCTCCTTTGCTACTGA,GTGCA,GTTCTT,TAGCTGCCTCGGTCATTCAA,,GTGGAAAGGACGAAACACCGGTAGCAAAGGAGAAGCAGGGTTTCAGAGCTATGCTGGAAACAGCATAGCAAGTTGAAATAAGGCTAGTCCGTTATCAACTTGAAAAAGTGGCACCGAGTCGGTGCTTTTTTTGGCTCCAATCCACCACCTGCTTCTCCTTTGCTACTGAGTGCAGTTCTTTAGCTGCCTCGGTCATTCAA,200
Sp_053,Sp,53,GTGGAAAGGACGAAACACCG,AACATTATCGGTATCTTGA,GTTTCAGAGCTATGCTGGAAACAGCATAGCAAGTTGAAATAAGGCTAGTCCGTTATCAACTTGAAAAAGTGGCACCGAGTCGGTGCTTTTTTT,,GCGCGA,AATAATCCT,TCAAGATACCGATAATGTTCAT,GTTAC,CGTGAG,TAGCTGCCTCGGTCATTCAA,,GTGGAAAGGACGAAACACCGAACATTATCGGTATCTTGAGTTTCAGAGCTATGCTGGAAACAGCATAGCAAGTTGAAATAAGGCTAGTCCGTTATCAACTTGAAAAAGTGGCACCGAGTCGGTGCTTTTTTTGCGCGAAATAATCCTTCAAGATACCGATAATGTTCATGTTACCGTGAGTAGCTGCCTCGGTCATTCAA,200
Sp_054,Sp,54,GTGGAAAGGACGAAACACCG,GTGAAATACTATTGATGCC,GTTTCAGAGCTATGCTGGAAACAGCATAGCAAGTTGAAATAAGGCTAGTCCGTTATCAACTTGAAAAAGTGGCACCGAGTCGGTGCTTTTTTT,,CCATGA,AAAGGTCCT,GGCATCAATAGTATTTCACCAA,GAACC,CACATC,TAGCTGCCTCGGTCATTCAA,,GTGGAAAGGACGAAACACCGGTGAAATACTATTGATGCCGTTTCAGAGCTATGCTGGAAACAGCATAGCAAGTTGAAATAAGGCTAGTCCGTTATCAACTTGAAAAAGTGGCACCGAGTCGGTGCTTTTTTTCCATGAAAAGGTCCTGGCATCAATAGTATTTCACCAAGAACCCACATCTAGCTGCCTCGGTCATTCAA,200
Sp_055,Sp,55,GTGGAAAGGACGAAACACCG,CAGGTGGCGCGCTCCTATA,GTTTCAGAGCTATGCTGGAAACAGCATAGCAAGTTGAAATAAGGCTAGTCCGTTATCAACTTGAAAAAGTGGCACCGAGTCGGTGCTTTTTTT,,AAGATT,ATGTTACCG,TATAGGAGCGCGCCACCTGAAT,ACAGT,TTGAAT,TAGCTGCCTCGGTCATTCAA,,GTGGAAAGGACGAAACACCGCAGGTGGCGCGCTCCTATAGTTTCAGAGCTATGCTGGAAACAGCATAGCAAGTTGAAATAAGGCTAGTCCGTTATCAACTTGAAAAAGTGGCACCGAGTCGGTGCTTTTTTTAAGATTATGTTACCGTATAGGAGCGCGCCACCTGAATACAGTTTGAATTAGCTGCCTCGGTCATTCAA,200
Sp_056,Sp,56,GTGGAAAGGACGAAACACCG,GTTAGCCACCATTGGCCCC,GTTTCAGAGCTATGCTGGAAACAGCATAGCAAGTTGAAATAAGGCTAGTCCGTTATCAACTTGAAAAAGTGGCACCGAGTCGGTGCTTTTTTT,,TGTACA,GTTTGGCCC,GGGGCCAATGGTGGCTAACAGG,GTAGT,CTCCGG,TAGCTGCCTCGGTCATTCAA,,GTGGAAAGGACGAAACACCGGTTAGCCACCATTGGCCCCGTTTCAGAGCTATGCTGGAAACAGCATAGCAAGTTGAAATAAGGCTAGTCCGTTATCAACTTGAAAAAGTGGCACCGAGTCGGTGCTTTTTTTTGTACAGTTTGGCCCGGGGCCAATGGTGGCTAACAGGGTAGTCTCCGGTAGCTGCCTCGGTCATTCAA,200
Sp_057,Sp,57,GTGGAAAGGACGAAACACCG,CATCTCGGGACCGCATCTC,GTTTCAGAGCTATGCTGGAAACAGCATAGCAAGTTGAAATAAGGCTAGTCCGTTATCAACTTGAAAAAGTGGCACCGAGTCGGTGCTTTTTTT,,GTTTTG,GAATATCCT,GAGATGCGGTCCCGAGATGGCT,ATTGT,CAGTAT,TAGCTGCCTCGGTCATTCAA,,GTGGAAAGGACGAAACACCGCATCTCGGGACCGCATCTCGTTTCAGAGCTATGCTGGAAACAGCATAGCAAGTTGAAATAAGGCTAGTCCGTTATCAACTTGAAAAAGTGGCACCGAGTCGGTGCTTTTTTTGTTTTGGAATATCCTGAGATGCGGTCCCGAGATGGCTATTGTCAGTATTAGCTGCCTCGGTCATTCAA,200
Sp_058,Sp,58,GTGGAAAGGACGAAACACCG,TCGAAGTGGGAGTAATGGT,GTTTCAGAGCTATGCTGGAAACAGCATAGCAAGTTGAAATAAGGCTAGTCCGTTATCAACTTGAAAAAGTGGCACCGAGTCGGTGCTTTTTTT,,ACAACA,TGGTTGCCC,ACCATTACTCCCACTTCGAGAC,AAGAC,GGCTCA,TAGCTGCCTCGGTCATTCAA,,GTGGAAAGGACGAAACACCGTCGAAGTGGGAGTAATGGTGTTTCAGAGCTATGCTGGAAACAGCATAGCAAGTTGAAATAAGGCTAGTCCGTTATCAACTTGAAAAAGTGGCACCGAGTCGGTGCTTTTTTTACAACATGGTTGCCCACCATTACTCCCACTTCGAGACAAGACGGCTCATAGCTGCCTCGGTCATTCAA,200
Sp_059,Sp,59,GTGGAAAGGACGAAACACCG,TGAACGCTTCTGTTACCGG,GTTTCAGAGCTATGCTGGAAACAGCATAGCAAGTTGAAATAAGGCTAGTCCGTTATCAACTTGAAAAAGTGGCACCGAGTCGGTGCTTTTTTT,,TTGATC,CCCTAGCCT,CCGGTAACAGAAGCGTTCACCC,ACTGA,CGAGCG,TAGCTGCCTCGGTCATTCAA,,GTGGAAAGGACGAAACACCGTGAACGCTTCTGTTACCGGGTTTCAGAGCTATGCTGGAAACAGCATAGCAAGTTGAAATAAGGCTAGTCCGTTATCAACTTGAAAAAGTGGCACCGAGTCGGTGCTTTTTTTTTGATCCCCTAGCCTCCGGTAACAGAAGCGTTCACCCACTGACGAGCGTAGCTGCCTCGGTCATTCAA,200
Sp_060,Sp,60,GTGGAAAGGACGAAACACCG,GCCATACCAGAATCCTAGA,GTTTCAGAGCTATGCTGGAAACAGCATAGCAAGTTGAAATAAGGCTAGTCCGTTATCAACTTGAAAAAGTGGCACCGAGTCGGTGCTTTTTTT,,AGACAT,GTCTTACCC,TCTAGGATTCTGGTATGGCTTT,AACAG,GACTCT,TAGCTGCCTCGGTCATTCAA,,GTGGAAAGGACGAAACACCGGCCATACCAGAATCCTAGAGTTTCAGAGCTATGCTGGAAACAGCATAGCAAGTTGAAATAAGGCTAGTCCGTTATCAACTTGAAAAAGTGGCACCGAGTCGGTGCTTTTTTTAGACATGTCTTACCCTCTAGGATTCTGGTATGGCTTTAACAGGACTCTTAGCTGCCTCGGTCATTCAA,200
Sp_061,Sp,61,GTGGAAAGGACGAAACACCG,GCGTCATTAGTATAACGGT,GTTTCAGAGCTATGCTGGAAACAGCATAGCAAGTTGAAATAAGGCTAGTCCGTTATCAACTTGAAAAAGTGGCACCGAGTCGGTGCTTTTTTT,,CGAAAT,GAGTAACCG,ACCGTTATACTAATGACGCTTG,ACTAG,TGCGTC,TAGCTGCCTCGGTCATTCAA,,GTGGAAAGGACGAAACACCGGCGTCATTAGTATAACGGTGTTTCAGAGCTATGCTGGAAACAGCATAGCAAGTTGAAATAAGGCTAGTCCGTTATCAACTTGAAAAAGTGGCACCGAGTCGGTGCTTTTTTTCGAAATGAGTAACCGACCGTTATACTAATGACGCTTGACTAGTGCGTCTAGCTGCCTCGGTCATTCAA,200
Sp_062,Sp,62,GTGGAAAGGACGAAACACCG,AGAGATTGTTTGAAGAGGG,GTTTCAGAGCTATGCTGGAAACAGCATAGCAAGTTGAAATAAGGCTAGTCCGTTATCAACTTGAAAAAGTGGCACCGAGTCGGTGCTTTTTTT,,GGCAAA,GATGGGCCG,CCCTCTTCAAACAATCTCTTCG,CATCG,CGAGGG,TAGCTGCCTCGGTCATTCAA,,GTGGAAAGGACGAAACACCGAGAGATTGTTTGAAGAGGGGTTTCAGAGCTATGCTGGAAACAGCATAGCAAGTTGAAATAAGGCTAGTCCGTTATCAACTTGAAAAAGTGGCACCGAGTCGGTGCTTTTTTTGGCAAAGATGGGCCGCCCTCTTCAAACAATCTCTTCGCATCGCGAGGGTAGCTGCCTCGGTCATTCAA,200
Sp_063,Sp,63,GTGGAAAGGACGAAACACCG,GAGTACACCTCACGAAGGG,GTTTCAGAGCTATGCTGGAAACAGCATAGCAAGTTGAAATAAGGCTAGTCCGTTATCAACTTGAAAAAGTGGCACCGAGTCGGTGCTTTTTTT,,CCACTA,GCAGTACCC,CCCTTCGTGAGGTGTACTCCAG,AAGGA,CACACA,TAGCTGCCTCGGTCATTCAA,,GTGGAAAGGACGAAACACCGGAGTACACCTCACGAAGGGGTTTCAGAGCTATGCTGGAAACAGCATAGCAAGTTGAAATAAGGCTAGTCCGTTATCAACTTGAAAAAGTGGCACCGAGTCGGTGCTTTTTTTCCACTAGCAGTACCCCCCTTCGTGAGGTGTACTCCAGAAGGACACACATAGCTGCCTCGGTCATTCAA,200
Sp_064,Sp,64,GTGGAAAGGACGAAACACCG,AGCTCAAGTAAGAGCGCTC,GTTTCAGAGCTATGCTGGAAACAGCATAGCAAGTTGAAATAAGGCTAGTCCGTTATCAACTTGAAAAAGTGGCACCGAGTCGGTGCTTTTTTT,,GACGGC,GATACTCCT,GAGCGCTCTTACTTGAGCTCGA,CCTAT,CCATTG,TAGCTGCCTCGGTCATTCAA,,GTGGAAAGGACGAAACACCGAGCTCAAGTAAGAGCGCTCGTTTCAGAGCTATGCTGGAAACAGCATAGCAAGTTGAAATAAGGCTAGTCCGTTATCAACTTGAAAAAGTGGCACCGAGTCGGTGCTTTTTTTGACGGCGATACTCCTGAGCGCTCTTACTTGAGCTCGACCTATCCATTGTAGCTGCCTCGGTCATTCAA,200
Sp_065,Sp,65,GTGGAAAGGACGAAACACCG,GGATTCTCTAGATGGTTCC,GTTTCAGAGCTATGCTGGAAACAGCATAGCAAGTTGAAATAAGGCTAGTCCGTTATCAACTTGAAAAAGTGGCACCGAGTCGGTGCTTTTTTT,,CCTTTA,CATAGACCG,GGAACCATCTAGAGAATCCTCG,CACTA,GGTCCA,TAGCTGCCTCGGTCATTCAA,,GTGGAAAGGACGAAACACCGGGATTCTCTAGATGGTTCCGTTTCAGAGCTATGCTGGAAACAGCATAGCAAGTTGAAATAAGGCTAGTCCGTTATCAACTTGAAAAAGTGGCACCGAGTCGGTGCTTTTTTTCCTTTACATAGACCGGGAACCATCTAGAGAATCCTCGCACTAGGTCCATAGCTGCCTCGGTCATTCAA,200
Sp_066,Sp,66,GTGGAAAGGACGAAACACCG,GCCCTACACTTCGCTGGTA,GTTTCAGAGCTATGCTGGAAACAGCATAGCAAGTTGAAATAAGGCTAGTCCGTTATCAACTTGAAAAAGTGGCACCGAGTCGGTGCTTTTTTT,,TGTAAA,CTGAGCCCT,TACCAGCGAAGTGTAGGGCGGC,AAGCG,GCGTGA,TAGCTGCCTCGGTCATTCAA,,GTGGAAAGGACGAAACACCGGCCCTACACTTCGCTGGTAGTTTCAGAGCTATGCTGGAAACAGCATAGCAAGTTGAAATAAGGCTAGTCCGTTATCAACTTGAAAAAGTGGCACCGAGTCGGTGCTTTTTTTTGTAAACTGAGCCCTTACCAGCGAAGTGTAGGGCGGCAAGCGGCGTGATAGCTGCCTCGGTCATTCAA,200
Sp_067,Sp,67,GTGGAAAGGACGAAACACCG,AAGCTGCGCATCTTGGAAG,GTTTCAGAGCTATGCTGGAAACAGCATAGCAAGTTGAAATAAGGCTAGTCCGTTATCAACTTGAAAAAGTGGCACCGAGTCGGTGCTTTTTTT,,TGCAAC,ACTGGTCCC,CTTCCAAGATGCGCAGCTTAAT,TCCAC,CTATTG,TAGCTGCCTCGGTCATTCAA,,GTGGAAAGGACGAAACACCGAAGCTGCGCATCTTGGAAGGTTTCAGAGCTATGCTGGAAACAGCATAGCAAGTTGAAATAAGGCTAGTCCGTTATCAACTTGAAAAAGTGGCACCGAGTCGGTGCTTTTTTTTGCAACACTGGTCCCCTTCCAAGATGCGCAGCTTAATTCCACCTATTGTAGCTGCCTCGGTCATTCAA,200
Sp_068,Sp,68,GTGGAAAGGACGAAACACCG,AGCGTTGAAAACAATCACA,GTTTCAGAGCTATGCTGGAAACAGCATAGCAAGTTGAAATAAGGCTAGTCCGTTATCAACTTGAAAAAGTGGCACCGAGTCGGTGCTTTTTTT,,AGGGTT,CCTGATCCC,TGTGATTGTTTTCAACGCTGTC,AGAAA,AGTGGA,TAGCTGCCTCGGTCATTCAA,,GTGGAAAGGACGAAACACCGAGCGTTGAAAACAATCACAGTTTCAGAGCTATGCTGGAAACAGCATAGCAAGTTGAAATAAGGCTAGTCCGTTATCAACTTGAAAAAGTGGCACCGAGTCGGTGCTTTTTTTAGGGTTCCTGATCCCTGTGATTGTTTTCAACGCTGTCAGAAAAGTGGATAGCTGCCTCGGTCATTCAA,200
Sp_069,Sp,69,GTGGAAAGGACGAAACACCG,TGGGATATCGTCCTCAAAT,GTTTCAGAGCTATGCTGGAAACAGCATAGCAAGTTGAAATAAGGCTAGTCCGTTATCAACTTGAAAAAGTGGCACCGAGTCGGTGCTTTTTTT,,AGCCGG,CCGGGCCCT,ATTTGAGGACGATATCCCATGC,ATGTC,GTGCCA,TAGCTGCCTCGGTCATTCAA,,GTGGAAAGGACGAAACACCGTGGGATATCGTCCTCAAATGTTTCAGAGCTATGCTGGAAACAGCATAGCAAGTTGAAATAAGGCTAGTCCGTTATCAACTTGAAAAAGTGGCACCGAGTCGGTGCTTTTTTTAGCCGGCCGGGCCCTATTTGAGGACGATATCCCATGCATGTCGTGCCATAGCTGCCTCGGTCATTCAA,200
Sp_070,Sp,70,GTGGAAAGGACGAAACACCG,ATTAACGGGGCGCTCACCA,GTTTCAGAGCTATGCTGGAAACAGCATAGCAAGTTGAAATAAGGCTAGTCCGTTATCAACTTGAAAAAGTGGCACCGAGTCGGTGCTTTTTTT,,CGCCGC,CTCAACCCT,TGGTGAGCGCCCCGTTAATCGA,TCCAT,TGCAGC,TAGCTGCCTCGGTCATTCAA,,GTGGAAAGGACGAAACACCGATTAACGGGGCGCTCACCAGTTTCAGAGCTATGCTGGAAACAGCATAGCAAGTTGAAATAAGGCTAGTCCGTTATCAACTTGAAAAAGTGGCACCGAGTCGGTGCTTTTTTTCGCCGCCTCAACCCTTGGTGAGCGCCCCGTTAATCGATCCATTGCAGCTAGCTGCCTCGGTCATTCAA,200
Sp_071,Sp,71,GTGGAAAGGACGAAACACCG,TGCAGTAATTCGCCCCTAA,GTTTCAGAGCTATGCTGGAAACAGCATAGCAAGTTGAAATAAGGCTAGTCCGTTATCAACTTGAAAAAGTGGCACCGAGTCGGTGCTTTTTTT,,ATGTAC,TATGATCCA,TTAGGGGCGAATTACTGCATTA,AGCTG,ACTTAT,TAGCTGCCTCGGTCATTCAA,,GTGGAAAGGACGAAACACCGTGCAGTAATTCGCCCCTAAGTTTCAGAGCTATGCTGGAAACAGCATAGCAAGTTGAAATAAGGCTAGTCCGTTATCAACTTGAAAAAGTGGCACCGAGTCGGTGCTTTTTTTATGTACTATGATCCATTAGGGGCGAATTACTGCATTAAGCTGACTTATTAGCTGCCTCGGTCATTCAA,200
Sp_072,Sp,72,GTGGAAAGGACGAAACACCG,GAGGTTATTGGGTCAATAG,GTTTCAGAGCTATGCTGGAAACAGCATAGCAAGTTGAAATAAGGCTAGTCCGTTATCAACTTGAAAAAGTGGCACCGAGTCGGTGCTTTTTTT,,CTGGTA,TAATTACCG,CTATTGACCCAATAACCTCGAT,TCGCA,TATCGC,TAGCTGCCTCGGTCATTCAA,,GTGGAAAGGACGAAACACCGGAGGTTATTGGGTCAATAGGTTTCAGAGCTATGCTGGAAACAGCATAGCAAGTTGAAATAAGGCTAGTCCGTTATCAACTTGAAAAAGTGGCACCGAGTCGGTGCTTTTTTTCTGGTATAATTACCGCTATTGACCCAATAACCTCGATTCGCATATCGCTAGCTGCCTCGGTCATTCAA,200
Sp_073,Sp,73,GTGGAAAGGACGAAACACCG,CTCTTGAAGCAAGTAACAC,GTTTCAGAGCTATGCTGGAAACAGCATAGCAAGTTGAAATAAGGCTAGTCCGTTATCAACTTGAAAAAGTGGCACCGAGTCGGTGCTTTTTTT,,GACGAA,ACTGATCCT,GTGTTACTTGCTTCAAGAGAAT,TGGAA,GCTATT,TAGCTGCCTCGGTCATTCAA,,GTGGAAAGGACGAAACACCGCTCTTGAAGCAAGTAACACGTTTCAGAGCTATGCTGGAAACAGCATAGCAAGTTGAAATAAGGCTAGTCCGTTATCAACTTGAAAAAGTGGCACCGAGTCGGTGCTTTTTTTGACGAAACTGATCCTGTGTTACTTGCTTCAAGAGAATTGGAAGCTATTTAGCTGCCTCGGTCATTCAA,200
Sp_074,Sp,74,GTGGAAAGGACGAAACACCG,TGGCCCAAGGCCGATTACG,GTTTCAGAGCTATGCTGGAAACAGCATAGCAAGTTGAAATAAGGCTAGTCCGTTATCAACTTGAAAAAGTGGCACCGAGTCGGTGCTTTTTTT,,CTGTGT,TGCAGACCG,CGTAATCGGCCTTGGGCCATTC,TCTAC,CGTGTT,TAGCTGCCTCGGTCATTCAA,,GTGGAAAGGACGAAACACCGTGGCCCAAGGCCGATTACGGTTTCAGAGCTATGCTGGAAACAGCATAGCAAGTTGAAATAAGGCTAGTCCGTTATCAACTTGAAAAAGTGGCACCGAGTCGGTGCTTTTTTTCTGTGTTGCAGACCGCGTAATCGGCCTTGGGCCATTCTCTACCGTGTTTAGCTGCCTCGGTCATTCAA,200
Sp_075,Sp,75,GTGGAAAGGACGAAACACCG,TAAGTAAGGCATAGCGTGT,GTTTCAGAGCTATGCTGGAAACAGCATAGCAAGTTGAAATAAGGCTAGTCCGTTATCAACTTGAAAAAGTGGCACCGAGTCGGTGCTTTTTTT,,CCGTCG,TGTACACCA,ACACGCTATGCCTTACTTACAG,CACGC,ATTCGA,TAGCTGCCTCGGTCATTCAA,,GTGGAAAGGACGAAACACCGTAAGTAAGGCATAGCGTGTGTTTCAGAGCTATGCTGGAAACAGCATAGCAAGTTGAAATAAGGCTAGTCCGTTATCAACTTGAAAAAGTGGCACCGAGTCGGTGCTTTTTTTCCGTCGTGTACACCAACACGCTATGCCTTACTTACAGCACGCATTCGATAGCTGCCTCGGTCATTCAA,200
Sp_076,Sp,76,GTGGAAAGGACGAAACACCG,CGGAGCACAATTTGCTCGG,GTTTCAGAGCTATGCTGGAAACAGCATAGCAAGTTGAAATAAGGCTAGTCCGTTATCAACTTGAAAAAGTGGCACCGAGTCGGTGCTTTTTTT,,ACCTGG,AAAGTCCCG,CCGAGCAAATTGTGCTCCGCAT,TACGC,GGCACC,TAGCTGCCTCGGTCATTCAA,,GTGGAAAGGACGAAACACCGCGGAGCACAATTTGCTCGGGTTTCAGAGCTATGCTGGAAACAGCATAGCAAGTTGAAATAAGGCTAGTCCGTTATCAACTTGAAAAAGTGGCACCGAGTCGGTGCTTTTTTTACCTGGAAAGTCCCGCCGAGCAAATTGTGCTCCGCATTACGCGGCACCTAGCTGCCTCGGTCATTCAA,200
Sp_077,Sp,77,GTGGAAAGGACGAAACACCG,CTAAGACACATGGGGCCGT,GTTTCAGAGCTATGCTGGAAACAGCATAGCAAGTTGAAATAAGGCTAGTCCGTTATCAACTTGAAAAAGTGGCACCGAGTCGGTGCTTTTTTT,,TAACTG,CTGGCTCCG,ACGGCCCCATGTGTCTTAGTCA,CGACT,GATATG,TAGCTGCCTCGGTCATTCAA,,GTGGAAAGGACGAAACACCGCTAAGACACATGGGGCCGTGTTTCAGAGCTATGCTGGAAACAGCATAGCAAGTTGAAATAAGGCTAGTCCGTTATCAACTTGAAAAAGTGGCACCGAGTCGGTGCTTTTTTTTAACTGCTGGCTCCGACGGCCCCATGTGTCTTAGTCACGACTGATATGTAGCTGCCTCGGTCATTCAA,200
Sp_078,Sp,78,GTGGAAAGGACGAAACACCG,CCATATGTGATACGTACAT,GTTTCAGAGCTATGCTGGAAACAGCATAGCAAGTTGAAATAAGGCTAGTCCGTTATCAACTTGAAAAAGTGGCACCGAGTCGGTGCTTTTTTT,,GTCTGG,AGTTTACCC,ATGTACGTATCACATATGGAGA,AGACG,AACTAG,TAGCTGCCTCGGTCATTCAA,,GTGGAAAGGACGAAACACCGCCATATGTGATACGTACATGTTTCAGAGCTATGCTGGAAACAGCATAGCAAGTTGAAATAAGGCTAGTCCGTTATCAACTTGAAAAAGTGGCACCGAGTCGGTGCTTTTTTTGTCTGGAGTTTACCCATGTACGTATCACATATGGAGAAGACGAACTAGTAGCTGCCTCGGTCATTCAA,200
Sp_079,Sp,79,GTGGAAAGGACGAAACACCG,GATCAGGAGAGTAATTATC,GTTTCAGAGCTATGCTGGAAACAGCATAGCAAGTTGAAATAAGGCTAGTCCGTTATCAACTTGAAAAAGTGGCACCGAGTCGGTGCTTTTTTT,,GTTTTT,CATGTGCCA,GATAATTACTCTCCTGATCGCA,CCTTC,CGTCTG,TAGCTGCCTCGGTCATTCAA,,GTGGAAAGGACGAAACACCGGATCAGGAGAGTAATTATCGTTTCAGAGCTATGCTGGAAACAGCATAGCAAGTTGAAATAAGGCTAGTCCGTTATCAACTTGAAAAAGTGGCACCGAGTCGGTGCTTTTTTTGTTTTTCATGTGCCAGATAATTACTCTCCTGATCGCACCTTCCGTCTGTAGCTGCCTCGGTCATTCAA,200
Sp_080,Sp,80,GTGGAAAGGACGAAACACCG,CCAGCCCTGCATTACGACG,GTTTCAGAGCTATGCTGGAAACAGCATAGCAAGTTGAAATAAGGCTAGTCCGTTATCAACTTGAAAAAGTGGCACCGAGTCGGTGCTTTTTTT,,AAACGC,AGATATCCA,CGTCGTAATGCAGGGCTGGTCG,TGACG,GACACA,TAGCTGCCTCGGTCATTCAA,,GTGGAAAGGACGAAACACCGCCAGCCCTGCATTACGACGGTTTCAGAGCTATGCTGGAAACAGCATAGCAAGTTGAAATAAGGCTAGTCCGTTATCAACTTGAAAAAGTGGCACCGAGTCGGTGCTTTTTTTAAACGCAGATATCCACGTCGTAATGCAGGGCTGGTCGTGACGGACACATAGCTGCCTCGGTCATTCAA,200
Sp_081,Sp,81,GTGGAAAGGACGAAACACCG,GGCTCTAAGTGCCCAGCCC,GTTTCAGAGCTATGCTGGAAACAGCATAGCAAGTTGAAATAAGGCTAGTCCGTTATCAACTTGAAAAAGTGGCACCGAGTCGGTGCTTTTTTT,,CGTCGT,AGGGTACCA,GGGCTGGGCACTTAGAGCCGCT,ACCCA,GGGAGG,TAGCTGCCTCGGTCATTCAA,,GTGGAAAGGACGAAACACCGGGCTCTAAGTGCCCAGCCCGTTTCAGAGCTATGCTGGAAACAGCATAGCAAGTTGAAATAAGGCTAGTCCGTTATCAACTTGAAAAAGTGGCACCGAGTCGGTGCTTTTTTTCGTCGTAGGGTACCAGGGCTGGGCACTTAGAGCCGCTACCCAGGGAGGTAGCTGCCTCGGTCATTCAA,200
Sp_082,Sp,82,GTGGAAAGGACGAAACACCG,TATGGTTAGGTCGCTATAT,GTTTCAGAGCTATGCTGGAAACAGCATAGCAAGTTGAAATAAGGCTAGTCCGTTATCAACTTGAAAAAGTGGCACCGAGTCGGTGCTTTTTTT,,ATTGAT,CTCTTACCA,ATATAGCGACCTAACCATAGTC,CATAA,GGTAAT,TAGCTGCCTCGGTCATTCAA,,GTGGAAAGGACGAAACACCGTATGGTTAGGTCGCTATATGTTTCAGAGCTATGCTGGAAACAGCATAGCAAGTTGAAATAAGGCTAGTCCGTTATCAACTTGAAAAAGTGGCACCGAGTCGGTGCTTTTTTTATTGATCTCTTACCAATATAGCGACCTAACCATAGTCCATAAGGTAATTAGCTGCCTCGGTCATTCAA,200
Sp_083,Sp,83,GTGGAAAGGACGAAACACCG,ATGGTTCCTGTAGCCCTAC,GTTTCAGAGCTATGCTGGAAACAGCATAGCAAGTTGAAATAAGGCTAGTCCGTTATCAACTTGAAAAAGTGGCACCGAGTCGGTGCTTTTTTT,,GGCTTA,AAAAATCCC,GTAGGGCTACAGGAACCATTTA,AATAG,GATACA,TAGCTGCCTCGGTCATTCAA,,GTGGAAAGGACGAAACACCGATGGTTCCTGTAGCCCTACGTTTCAGAGCTATGCTGGAAACAGCATAGCAAGTTGAAATAAGGCTAGTCCGTTATCAACTTGAAAAAGTGGCACCGAGTCGGTGCTTTTTTTGGCTTAAAAAATCCCGTAGGGCTACAGGAACCATTTAAATAGGATACATAGCTGCCTCGGTCATTCAA,200
Sp_084,Sp,84,GTGGAAAGGACGAAACACCG,TCTACCATACTGGGTAGGG,GTTTCAGAGCTATGCTGGAAACAGCATAGCAAGTTGAAATAAGGCTAGTCCGTTATCAACTTGAAAAAGTGGCACCGAGTCGGTGCTTTTTTT,,GCGTAG,TTAGGCCCG,CCCTACCCAGTATGGTAGAAAC,GAATG,AGCTAG,TAGCTGCCTCGGTCATTCAA,,GTGGAAAGGACGAAACACCGTCTACCATACTGGGTAGGGGTTTCAGAGCTATGCTGGAAACAGCATAGCAAGTTGAAATAAGGCTAGTCCGTTATCAACTTGAAAAAGTGGCACCGAGTCGGTGCTTTTTTTGCGTAGTTAGGCCCGCCCTACCCAGTATGGTAGAAACGAATGAGCTAGTAGCTGCCTCGGTCATTCAA,200
Sp_085,Sp,85,GTGGAAAGGACGAAACACCG,TTGGTACCTTACTCGACCC,GTTTCAGAGCTATGCTGGAAACAGCATAGCAAGTTGAAATAAGGCTAGTCCGTTATCAACTTGAAAAAGTGGCACCGAGTCGGTGCTTTTTTT,,CTTGCA,GGCATCCCT,GGGTCGAGTAAGGTACCAACCG,AGGGC,AGTCTC,TAGCTGCCTCGGTCATTCAA,,GTGGAAAGGACGAAACACCGTTGGTACCTTACTCGACCCGTTTCAGAGCTATGCTGGAAACAGCATAGCAAGTTGAAATAAGGCTAGTCCGTTATCAACTTGAAAAAGTGGCACCGAGTCGGTGCTTTTTTTCTTGCAGGCATCCCTGGGTCGAGTAAGGTACCAACCGAGGGCAGTCTCTAGCTGCCTCGGTCATTCAA,200
Sp_086,Sp,86,GTGGAAAGGACGAAACACCG,GGAAACTCTCTGTGTTATA,GTTTCAGAGCTATGCTGGAAACAGCATAGCAAGTTGAAATAAGGCTAGTCCGTTATCAACTTGAAAAAGTGGCACCGAGTCGGTGCTTTTTTT,,GGCAGC,TTTGGCCCA,TATAACACAGAGAGTTTCCTTC,GCACC,AATTAC,TAGCTGCCTCGGTCATTCAA,,GTGGAAAGGACGAAACACCGGGAAACTCTCTGTGTTATAGTTTCAGAGCTATGCTGGAAACAGCATAGCAAGTTGAAATAAGGCTAGTCCGTTATCAACTTGAAAAAGTGGCACCGAGTCGGTGCTTTTTTTGGCAGCTTTGGCCCATATAACACAGAGAGTTTCCTTCGCACCAATTACTAGCTGCCTCGGTCATTCAA,200
Sp_087,Sp,87,GTGGAAAGGACGAAACACCG,TACAGGTGAACGTGATATA,GTTTCAGAGCTATGCTGGAAACAGCATAGCAAGTTGAAATAAGGCTAGTCCGTTATCAACTTGAAAAAGTGGCACCGAGTCGGTGCTTTTTTT,,ATACTC,GAACATCCG,TATATCACGTTCACCTGTACCC,GGAGA,TTCTCC,TAGCTGCCTCGGTCATTCAA,,GTGGAAAGGACGAAACACCGTACAGGTGAACGTGATATAGTTTCAGAGCTATGCTGGAAACAGCATAGCAAGTTGAAATAAGGCTAGTCCGTTATCAACTTGAAAAAGTGGCACCGAGTCGGTGCTTTTTTTATACTCGAACATCCGTATATCACGTTCACCTGTACCCGGAGATTCTCCTAGCTGCCTCGGTCATTCAA,200
Sp_088,Sp,88,GTGGAAAGGACGAAACACCG,GACTAGGGCCGGAGTAAGC,GTTTCAGAGCTATGCTGGAAACAGCATAGCAAGTTGAAATAAGGCTAGTCCGTTATCAACTTGAAAAAGTGGCACCGAGTCGGTGCTTTTTTT,,CATGCC,CTATTACCG,GCTTACTCCGGCCCTAGTCAGG,AAGGC,AGCTAC,TAGCTGCCTCGGTCATTCAA,,GTGGAAAGGACGAAACACCGGACTAGGGCCGGAGTAAGCGTTTCAGAGCTATGCTGGAAACAGCATAGCAAGTTGAAATAAGGCTAGTCCGTTATCAACTTGAAAAAGTGGCACCGAGTCGGTGCTTTTTTTCATGCCCTATTACCGGCTTACTCCGGCCCTAGTCAGGAAGGCAGCTACTAGCTGCCTCGGTCATTCAA,200
Sp_089,Sp,89,GTGGAAAGGACGAAACACCG,GCGGAGTTCTAGCGCCCGC,GTTTCAGAGCTATGCTGGAAACAGCATAGCAAGTTGAAATAAGGCTAGTCCGTTATCAACTTGAAAAAGTGGCACCGAGTCGGTGCTTTTTTT,,AACTAG,GAGGTCCCT,GCGGGCGCTAGAACTCCGCTAC,GCTCG,GCAACC,TAGCTGCCTCGGTCATTCAA,,GTGGAAAGGACGAAACACCGGCGGAGTTCTAGCGCCCGCGTTTCAGAGCTATGCTGGAAACAGCATAGCAAGTTGAAATAAGGCTAGTCCGTTATCAACTTGAAAAAGTGGCACCGAGTCGGTGCTTTTTTTAACTAGGAGGTCCCTGCGGGCGCTAGAACTCCGCTACGCTCGGCAACCTAGCTGCCTCGGTCATTCAA,200
Sp_090,Sp,90,GTGGAAAGGACGAAACACCG,GTCAGACGGTTTGTTCCTC,GTTTCAGAGCTATGCTGGAAACAGCATAGCAAGTTGAAATAAGGCTAGTCCGTTATCAACTTGAAAAAGTGGCACCGAGTCGGTGCTTTTTTT,,CCCCAG,CCCTAACCC,GAGGAACAAACCGTCTGACCTG,ATGGG,AACGCT,TAGCTGCCTCGGTCATTCAA,,GTGGAAAGGACGAAACACCGGTCAGACGGTTTGTTCCTCGTTTCAGAGCTATGCTGGAAACAGCATAGCAAGTTGAAATAAGGCTAGTCCGTTATCAACTTGAAAAAGTGGCACCGAGTCGGTGCTTTTTTTCCCCAGCCCTAACCCGAGGAACAAACCGTCTGACCTGATGGGAACGCTTAGCTGCCTCGGTCATTCAA,200
Sp_091,Sp,91,GTGGAAAGGACGAAACACCG,GTGTAGCGGGTGGGGCCCC,GTTTCAGAGCTATGCTGGAAACAGCATAGCAAGTTGAAATAAGGCTAGTCCGTTATCAACTTGAAAAAGTGGCACCGAGTCGGTGCTTTTTTT,,CTCCTG,CATCGTCCA,GGGGCCCCACCCGCTACACATA,ATTAG,AGCGGG,TAGCTGCCTCGGTCATTCAA,,GTGGAAAGGACGAAACACCGGTGTAGCGGGTGGGGCCCCGTTTCAGAGCTATGCTGGAAACAGCATAGCAAGTTGAAATAAGGCTAGTCCGTTATCAACTTGAAAAAGTGGCACCGAGTCGGTGCTTTTTTTCTCCTGCATCGTCCAGGGGCCCCACCCGCTACACATAATTAGAGCGGGTAGCTGCCTCGGTCATTCAA,200
Sp_092,Sp,92,GTGGAAAGGACGAAACACCG,CTCGTACCCTTAACATACA,GTTTCAGAGCTATGCTGGAAACAGCATAGCAAGTTGAAATAAGGCTAGTCCGTTATCAACTTGAAAAAGTGGCACCGAGTCGGTGCTTTTTTT,,GGATTG,TAATCGCCA,TGTATGTTAAGGGTACGAGTGT,AACTC,AGTTTA,TAGCTGCCTCGGTCATTCAA,,GTGGAAAGGACGAAACACCGCTCGTACCCTTAACATACAGTTTCAGAGCTATGCTGGAAACAGCATAGCAAGTTGAAATAAGGCTAGTCCGTTATCAACTTGAAAAAGTGGCACCGAGTCGGTGCTTTTTTTGGATTGTAATCGCCATGTATGTTAAGGGTACGAGTGTAACTCAGTTTATAGCTGCCTCGGTCATTCAA,200
Sp_093,Sp,93,GTGGAAAGGACGAAACACCG,GCGTGGAGTCTGTGTGCGG,GTTTCAGAGCTATGCTGGAAACAGCATAGCAAGTTGAAATAAGGCTAGTCCGTTATCAACTTGAAAAAGTGGCACCGAGTCGGTGCTTTTTTT,,CGTAGC,TTTGCTCCG,CCGCACACAGACTCCACGCACT,TACAA,TCACAG,TAGCTGCCTCGGTCATTCAA,,GTGGAAAGGACGAAACACCGGCGTGGAGTCTGTGTGCGGGTTTCAGAGCTATGCTGGAAACAGCATAGCAAGTTGAAATAAGGCTAGTCCGTTATCAACTTGAAAAAGTGGCACCGAGTCGGTGCTTTTTTTCGTAGCTTTGCTCCGCCGCACACAGACTCCACGCACTTACAATCACAGTAGCTGCCTCGGTCATTCAA,200
Sp_094,Sp,94,GTGGAAAGGACGAAACACCG,AATATGGCGGGGCGGGCGT,GTTTCAGAGCTATGCTGGAAACAGCATAGCAAGTTGAAATAAGGCTAGTCCGTTATCAACTTGAAAAAGTGGCACCGAGTCGGTGCTTTTTTT,,TCCGGG,TGCTGTCCG,ACGCCCGCCCCGCCATATTAAC,CGGTT,GACAAG,TAGCTGCCTCGGTCATTCAA,,GTGGAAAGGACGAAACACCGAATATGGCGGGGCGGGCGTGTTTCAGAGCTATGCTGGAAACAGCATAGCAAGTTGAAATAAGGCTAGTCCGTTATCAACTTGAAAAAGTGGCACCGAGTCGGTGCTTTTTTTTCCGGGTGCTGTCCGACGCCCGCCCCGCCATATTAACCGGTTGACAAGTAGCTGCCTCGGTCATTCAA,200
Sp_095,Sp,95,GTGGAAAGGACGAAACACCG,GCAACGCCTAAATTGGCAG,GTTTCAGAGCTATGCTGGAAACAGCATAGCAAGTTGAAATAAGGCTAGTCCGTTATCAACTTGAAAAAGTGGCACCGAGTCGGTGCTTTTTTT,,AGCTCT,GTTAAGCCG,CTGCCAATTTAGGCGTTGCGGC,AGTGT,GAATCG,TAGCTGCCTCGGTCATTCAA,,GTGGAAAGGACGAAACACCGGCAACGCCTAAATTGGCAGGTTTCAGAGCTATGCTGGAAACAGCATAGCAAGTTGAAATAAGGCTAGTCCGTTATCAACTTGAAAAAGTGGCACCGAGTCGGTGCTTTTTTTAGCTCTGTTAAGCCGCTGCCAATTTAGGCGTTGCGGCAGTGTGAATCGTAGCTGCCTCGGTCATTCAA,200
Sp_096,Sp,96,GTGGAAAGGACGAAACACCG,GGGTCCTTGAGAGGCCAAT,GTTTCAGAGCTATGCTGGAAACAGCATAGCAAGTTGAAATAAGGCTAGTCCGTTATCAACTTGAAAAAGTGGCACCGAGTCGGTGCTTTTTTT,,AAGTTG,AGGAACCCA,ATTGGCCTCTCAAGGACCCTTA,CCGCG,ACGGCA,TAGCTGCCTCGGTCATTCAA,,GTGGAAAGGACGAAACACCGGGGTCCTTGAGAGGCCAATGTTTCAGAGCTATGCTGGAAACAGCATAGCAAGTTGAAATAAGGCTAGTCCGTTATCAACTTGAAAAAGTGGCACCGAGTCGGTGCTTTTTTTAAGTTGAGGAACCCAATTGGCCTCTCAAGGACCCTTACCGCGACGGCATAGCTGCCTCGGTCATTCAA,200
Sp_097,Sp,97,GTGGAAAGGACGAAACACCG,GAGATCACGCCATGTAGGC,GTTTCAGAGCTATGCTGGAAACAGCATAGCAAGTTGAAATAAGGCTAGTCCGTTATCAACTTGAAAAAGTGGCACCGAGTCGGTGCTTTTTTT,,AAGTAA,ATGATACCC,GCCTACATGGCGTGATCTCACC,ATATA,GGACAC,TAGCTGCCTCGGTCATTCAA,,GTGGAAAGGACGAAACACCGGAGATCACGCCATGTAGGCGTTTCAGAGCTATGCTGGAAACAGCATAGCAAGTTGAAATAAGGCTAGTCCGTTATCAACTTGAAAAAGTGGCACCGAGTCGGTGCTTTTTTTAAGTAAATGATACCCGCCTACATGGCGTGATCTCACCATATAGGACACTAGCTGCCTCGGTCATTCAA,200
Sp_098,Sp,98,GTGGAAAGGACGAAACACCG,ACGGAATCCCCCTCTGGGG,GTTTCAGAGCTATGCTGGAAACAGCATAGCAAGTTGAAATAAGGCTAGTCCGTTATCAACTTGAAAAAGTGGCACCGAGTCGGTGCTTTTTTT,,CTCAGC,TCCCTCCCA,CCCCAGAGGGGGATTCCGTAAA,GGTTG,CAGCAC,TAGCTGCCTCGGTCATTCAA,,GTGGAAAGGACGAAACACCGACGGAATCCCCCTCTGGGGGTTTCAGAGCTATGCTGGAAACAGCATAGCAAGTTGAAATAAGGCTAGTCCGTTATCAACTTGAAAAAGTGGCACCGAGTCGGTGCTTTTTTTCTCAGCTCCCTCCCACCCCAGAGGGGGATTCCGTAAAGGTTGCAGCACTAGCTGCCTCGGTCATTCAA,200
Sp_099,Sp,99,GTGGAAAGGACGAAACACCG,GTTGTCCTTTAGATTGTAG,GTTTCAGAGCTATGCTGGAAACAGCATAGCAAGTTGAAATAAGGCTAGTCCGTTATCAACTTGAAAAAGTGGCACCGAGTCGGTGCTTTTTTT,,GTTCCT,GACCGGCCA,CTACAATCTAAAGGACAACTTG,CGCCT,TGACTT,TAGCTGCCTCGGTCATTCAA,,GTGGAAAGGACGAAACACCGGTTGTCCTTTAGATTGTAGGTTTCAGAGCTATGCTGGAAACAGCATAGCAAGTTGAAATAAGGCTAGTCCGTTATCAACTTGAAAAAGTGGCACCGAGTCGGTGCTTTTTTTGTTCCTGACCGGCCACTACAATCTAAAGGACAACTTGCGCCTTGACTTTAGCTGCCTCGGTCATTCAA,200
Sp_100,Sp,100,GTGGAAAGGACGAAACACCG,ACATGACTAACGGTCGCTT,GTTTCAGAGCTATGCTGGAAACAGCATAGCAAGTTGAAATAAGGCTAGTCCGTTATCAACTTGAAAAAGTGGCACCGAGTCGGTGCTTTTTTT,,GACAGT,GTTGGCCCA,AAGCGACCGTTAGTCATGTCAC,GGAAG,TACGCT,TAGCTGCCTCGGTCATTCAA,,GTGGAAAGGACGAAACACCGACATGACTAACGGTCGCTTGTTTCAGAGCTATGCTGGAAACAGCATAGCAAGTTGAAATAAGGCTAGTCCGTTATCAACTTGAAAAAGTGGCACCGAGTCGGTGCTTTTTTTGACAGTGTTGGCCCAAAGCGACCGTTAGTCATGTCACGGAAGTACGCTTAGCTGCCTCGGTCATTCAA,200
