Identifier,Name,Number,5'Overhang,omegaRNA,,scaffold,filler 10N,Random left 6N,Target in reverse:,TAM reverse:,Random right 5N,Random filler 6:,Barcode,target_long,3'Overhang,,Concat:,Length:
TnpB_001,TnpB,1,GACTTTAGTCGTGTGAGGTTCAA,CGCCCCTCAATATTGACGCT,20,GGCCGGCATGGTCCCAGCCTCCTCGCTGGCGCCGGCTGGGCAACATGCTTCGGCATGGCGAATGGGACTTTTTT,GATAGTGGCA,GCCGCC,AGCGTCAATATTGAGGGGCG,ATCAA,TCCTC,TCCTCCACTGT,AGACTC,GCCGCCAGCGTCAATATTGAGGGGCGATCAATCCTCTCCTCCACTGTAGACTC,GTCTACGCGGTACTACCCAC,,GACTTTAGTCGTGTGAGGTTCAACGCCCCTCAATATTGACGCTGGCCGGCATGGTCCCAGCCTCCTCGCTGGCGCCGGCTGGGCAACATGCTTCGGCATGGCGAATGGGACTTTTTTGATAGTGGCAGCCGCCAGCGTCAATATTGAGGGGCGATCAATCCTCTCCTCCACTGTAGACTCGTCTACGCGGTACTACCCAC,200
TnpB_002,TnpB,2,GACTTTAGTCGTGTGAGGTTCAA,ATAAATATACTCTTAGAGAG,20,GGCCGGCATGGTCCCAGCCTCCTCGCTGGCGCCGGCTGGGCAACATGCTTCGGCATGGCGAATGGGACTTTTTT,TTCCTCCGGG,AAGAAA,CTCTCTAAGAGTATATTTAT,ATCAA,TCGTC,CAACTACACAG,ATTAAT,AAGAAACTCTCTAAGAGTATATTTATATCAATCGTCCAACTACACAGATTAAT,GTCTACGCGGTACTACCCAC,,GACTTTAGTCGTGTGAGGTTCAAATAAATATACTCTTAGAGAGGGCCGGCATGGTCCCAGCCTCCTCGCTGGCGCCGGCTGGGCAACATGCTTCGGCATGGCGAATGGGACTTTTTTTTCCTCCGGGAAGAAACTCTCTAAGAGTATATTTATATCAATCGTCCAACTACACAGATTAATGTCTACGCGGTACTACCCAC,200
TnpB_003,TnpB,3,GACTTTAGTCGTGTGAGGTTCAA,ACATACGTCTCTTACAGACT,20,GGCCGGCATGGTCCCAGCCTCCTCGCTGGCGCCGGCTGGGCAACATGCTTCGGCATGGCGAATGGGACTTTTTT,GGTTATCCTT,AGTCAA,AGTCTGTAAGAGACGTATGT,ATCAA,CCGCT,TTACACCAATG,CTAGGT,AGTCAAAGTCTGTAAGAGACGTATGTATCAACCGCTTTACACCAATGCTAGGT,GTCTACGCGGTACTACCCAC,,GACTTTAGTCGTGTGAGGTTCAAACATACGTCTCTTACAGACTGGCCGGCATGGTCCCAGCCTCCTCGCTGGCGCCGGCTGGGCAACATGCTTCGGCATGGCGAATGGGACTTTTTTGGTTATCCTTAGTCAAAGTCTGTAAGAGACGTATGTATCAACCGCTTTACACCAATGCTAGGTGTCTACGCGGTACTACCCAC,200
TnpB_004,TnpB,4,GACTTTAGTCGTGTGAGGTTCAA,AACTCTGTTCCCACGTCTAA,20,GGCCGGCATGGTCCCAGCCTCCTCGCTGGCGCCGGCTGGGCAACATGCTTCGGCATGGCGAATGGGACTTTTTT,GGACCCGCAT,GCTGCT,TTAGACGTGGGAACAGAGTT,ATCAA,CAGGT,CGGCTACTAGA,GGAAAC,GCTGCTTTAGACGTGGGAACAGAGTTATCAACAGGTCGGCTACTAGAGGAAAC,GTCTACGCGGTACTACCCAC,,GACTTTAGTCGTGTGAGGTTCAAAACTCTGTTCCCACGTCTAAGGCCGGCATGGTCCCAGCCTCCTCGCTGGCGCCGGCTGGGCAACATGCTTCGGCATGGCGAATGGGACTTTTTTGGACCCGCATGCTGCTTTAGACGTGGGAACAGAGTTATCAACAGGTCGGCTACTAGAGGAAACGTCTACGCGGTACTACCCAC,200
TnpB_005,TnpB,5,GACTTTAGTCGTGTGAGGTTCAA,AAAGTTCGCCCGAACCAGGG,20,GGCCGGCATGGTCCCAGCCTCCTCGCTGGCGCCGGCTGGGCAACATGCTTCGGCATGGCGAATGGGACTTTTTT,CCCGCTATAC,TGTCCG,CCCTGGTTCGGGCGAACTTT,ATCAA,ATATG,GGCAGTCCTCC,CGCTCT,TGTCCGCCCTGGTTCGGGCGAACTTTATCAAATATGGGCAGTCCTCCCGCTCT,GTCTACGCGGTACTACCCAC,,GACTTTAGTCGTGTGAGGTTCAAAAAGTTCGCCCGAACCAGGGGGCCGGCATGGTCCCAGCCTCCTCGCTGGCGCCGGCTGGGCAACATGCTTCGGCATGGCGAATGGGACTTTTTTCCCGCTATACTGTCCGCCCTGGTTCGGGCGAACTTTATCAAATATGGGCAGTCCTCCCGCTCTGTCTACGCGGTACTACCCAC,200
TnpB_006,TnpB,6,GACTTTAGTCGTGTGAGGTTCAA,CGTCGGAAGCCCATGGTTGC,20,GGCCGGCATGGTCCCAGCCTCCTCGCTGGCGCCGGCTGGGCAACATGCTTCGGCATGGCGAATGGGACTTTTTT,AGAGGCCACA,AATACT,GCAACCATGGGCTTCCGACG,ATCAA,ACTCC,CGGAGAGAGCG,GCGAAT,AATACTGCAACCATGGGCTTCCGACGATCAAACTCCCGGAGAGAGCGGCGAAT,GTCTACGCGGTACTACCCAC,,GACTTTAGTCGTGTGAGGTTCAACGTCGGAAGCCCATGGTTGCGGCCGGCATGGTCCCAGCCTCCTCGCTGGCGCCGGCTGGGCAACATGCTTCGGCATGGCGAATGGGACTTTTTTAGAGGCCACAAATACTGCAACCATGGGCTTCCGACGATCAAACTCCCGGAGAGAGCGGCGAATGTCTACGCGGTACTACCCAC,200
TnpB_007,TnpB,7,GACTTTAGTCGTGTGAGGTTCAA,ACTGGACTAGCCATATGGGC,20,GGCCGGCATGGTCCCAGCCTCCTCGCTGGCGCCGGCTGGGCAACATGCTTCGGCATGGCGAATGGGACTTTTTT,CGTGCGAGCA,CACGTC,GCCCATATGGCTAGTCCAGT,ATCAA,AGGCC,TCAGAACCCAC,GAGTCA,CACGTCGCCCATATGGCTAGTCCAGTATCAAAGGCCTCAGAACCCACGAGTCA,GTCTACGCGGTACTACCCAC,,GACTTTAGTCGTGTGAGGTTCAAACTGGACTAGCCATATGGGCGGCCGGCATGGTCCCAGCCTCCTCGCTGGCGCCGGCTGGGCAACATGCTTCGGCATGGCGAATGGGACTTTTTTCGTGCGAGCACACGTCGCCCATATGGCTAGTCCAGTATCAAAGGCCTCAGAACCCACGAGTCAGTCTACGCGGTACTACCCAC,200
TnpB_008,TnpB,8,GACTTTAGTCGTGTGAGGTTCAA,TCAACCGCTATGCGCACGCC,20,GGCCGGCATGGTCCCAGCCTCCTCGCTGGCGCCGGCTGGGCAACATGCTTCGGCATGGCGAATGGGACTTTTTT,ACCTCTAGTA,ACATGT,GGCGTGCGCATAGCGGTTGA,ATCAA,CGGGG,CGCTGTTCTTC,GAAAGG,ACATGTGGCGTGCGCATAGCGGTTGAATCAACGGGGCGCTGTTCTTCGAAAGG,GTCTACGCGGTACTACCCAC,,GACTTTAGTCGTGTGAGGTTCAATCAACCGCTATGCGCACGCCGGCCGGCATGGTCCCAGCCTCCTCGCTGGCGCCGGCTGGGCAACATGCTTCGGCATGGCGAATGGGACTTTTTTACCTCTAGTAACATGTGGCGTGCGCATAGCGGTTGAATCAACGGGGCGCTGTTCTTCGAAAGGGTCTACGCGGTACTACCCAC,200
TnpB_009,TnpB,9,GACTTTAGTCGTGTGAGGTTCAA,GCTGTTGGAGGGCTACATTG,20,GGCCGGCATGGTCCCAGCCTCCTCGCTGGCGCCGGCTGGGCAACATGCTTCGGCATGGCGAATGGGACTTTTTT,CGTCCACCTG,TCTCTC,CAATGTAGCCCTCCAACAGC,ATCAA,CTTGT,ACATGAATGAT,GACAGG,TCTCTCCAATGTAGCCCTCCAACAGCATCAACTTGTACATGAATGATGACAGG,GTCTACGCGGTACTACCCAC,,GACTTTAGTCGTGTGAGGTTCAAGCTGTTGGAGGGCTACATTGGGCCGGCATGGTCCCAGCCTCCTCGCTGGCGCCGGCTGGGCAACATGCTTCGGCATGGCGAATGGGACTTTTTTCGTCCACCTGTCTCTCCAATGTAGCCCTCCAACAGCATCAACTTGTACATGAATGATGACAGGGTCTACGCGGTACTACCCAC,200
TnpB_010,TnpB,10,GACTTTAGTCGTGTGAGGTTCAA,TGTATCGCACTACTTCCGAG,20,GGCCGGCATGGTCCCAGCCTCCTCGCTGGCGCCGGCTGGGCAACATGCTTCGGCATGGCGAATGGGACTTTTTT,CTATGGTAGA,TCCCTT,CTCGGAAGTAGTGCGATACA,ATCAA,GACGG,TTCCTAACGGT,GAGACT,TCCCTTCTCGGAAGTAGTGCGATACAATCAAGACGGTTCCTAACGGTGAGACT,GTCTACGCGGTACTACCCAC,,GACTTTAGTCGTGTGAGGTTCAATGTATCGCACTACTTCCGAGGGCCGGCATGGTCCCAGCCTCCTCGCTGGCGCCGGCTGGGCAACATGCTTCGGCATGGCGAATGGGACTTTTTTCTATGGTAGATCCCTTCTCGGAAGTAGTGCGATACAATCAAGACGGTTCCTAACGGTGAGACTGTCTACGCGGTACTACCCAC,200
TnpB_011,TnpB,11,GACTTTAGTCGTGTGAGGTTCAA,TGTGTTGATGATCCGGAGGA,20,GGCCGGCATGGTCCCAGCCTCCTCGCTGGCGCCGGCTGGGCAACATGCTTCGGCATGGCGAATGGGACTTTTTT,GCTTCGTGCC,GGGAAA,TCCTCCGGATCATCAACACA,ATCAA,TGAAA,CGCTGGCCCAT,CGGCAC,GGGAAATCCTCCGGATCATCAACACAATCAATGAAACGCTGGCCCATCGGCAC,GTCTACGCGGTACTACCCAC,,GACTTTAGTCGTGTGAGGTTCAATGTGTTGATGATCCGGAGGAGGCCGGCATGGTCCCAGCCTCCTCGCTGGCGCCGGCTGGGCAACATGCTTCGGCATGGCGAATGGGACTTTTTTGCTTCGTGCCGGGAAATCCTCCGGATCATCAACACAATCAATGAAACGCTGGCCCATCGGCACGTCTACGCGGTACTACCCAC,200
TnpB_012,TnpB,12,GACTTTAGTCGTGTGAGGTTCAA,CCAAAATACATCTTTCTAAT,20,GGCCGGCATGGTCCCAGCCTCCTCGCTGGCGCCGGCTGGGCAACATGCTTCGGCATGGCGAATGGGACTTTTTT,CTGAAAATTA,AGTTGC,ATTAGAAAGATGTATTTTGG,ATCAA,GAACG,TGCGCCAGCGG,TCTGAA,AGTTGCATTAGAAAGATGTATTTTGGATCAAGAACGTGCGCCAGCGGTCTGAA,GTCTACGCGGTACTACCCAC,,GACTTTAGTCGTGTGAGGTTCAACCAAAATACATCTTTCTAATGGCCGGCATGGTCCCAGCCTCCTCGCTGGCGCCGGCTGGGCAACATGCTTCGGCATGGCGAATGGGACTTTTTTCTGAAAATTAAGTTGCATTAGAAAGATGTATTTTGGATCAAGAACGTGCGCCAGCGGTCTGAAGTCTACGCGGTACTACCCAC,200
TnpB_013,TnpB,13,GACTTTAGTCGTGTGAGGTTCAA,AAGGAATAATAGTGTTCTGC,20,GGCCGGCATGGTCCCAGCCTCCTCGCTGGCGCCGGCTGGGCAACATGCTTCGGCATGGCGAATGGGACTTTTTT,CGTTGAGTAT,CTGGCT,GCAGAACACTATTATTCCTT,ATCAA,GTAAG,TTCGCGGTAGC,GAATTG,CTGGCTGCAGAACACTATTATTCCTTATCAAGTAAGTTCGCGGTAGCGAATTG,GTCTACGCGGTACTACCCAC,,GACTTTAGTCGTGTGAGGTTCAAAAGGAATAATAGTGTTCTGCGGCCGGCATGGTCCCAGCCTCCTCGCTGGCGCCGGCTGGGCAACATGCTTCGGCATGGCGAATGGGACTTTTTTCGTTGAGTATCTGGCTGCAGAACACTATTATTCCTTATCAAGTAAGTTCGCGGTAGCGAATTGGTCTACGCGGTACTACCCAC,200
TnpB_014,TnpB,14,GACTTTAGTCGTGTGAGGTTCAA,TTACTCCTATGAGGGGTGGA,20,GGCCGGCATGGTCCCAGCCTCCTCGCTGGCGCCGGCTGGGCAACATGCTTCGGCATGGCGAATGGGACTTTTTT,TATGGGGGCA,GCCATG,TCCACCCCTCATAGGAGTAA,ATCAA,ACTAT,CCTAAACTCTC,CTGGCA,GCCATGTCCACCCCTCATAGGAGTAAATCAAACTATCCTAAACTCTCCTGGCA,GTCTACGCGGTACTACCCAC,,GACTTTAGTCGTGTGAGGTTCAATTACTCCTATGAGGGGTGGAGGCCGGCATGGTCCCAGCCTCCTCGCTGGCGCCGGCTGGGCAACATGCTTCGGCATGGCGAATGGGACTTTTTTTATGGGGGCAGCCATGTCCACCCCTCATAGGAGTAAATCAAACTATCCTAAACTCTCCTGGCAGTCTACGCGGTACTACCCAC,200
TnpB_015,TnpB,15,GACTTTAGTCGTGTGAGGTTCAA,TGCAAATGCCCGACAAACCA,20,GGCCGGCATGGTCCCAGCCTCCTCGCTGGCGCCGGCTGGGCAACATGCTTCGGCATGGCGAATGGGACTTTTTT,CAGATCGAGC,TGCCCG,TGGTTTGTCGGGCATTTGCA,ATCAA,CTATA,CAATTCCACGC,ATGCCA,TGCCCGTGGTTTGTCGGGCATTTGCAATCAACTATACAATTCCACGCATGCCA,GTCTACGCGGTACTACCCAC,,GACTTTAGTCGTGTGAGGTTCAATGCAAATGCCCGACAAACCAGGCCGGCATGGTCCCAGCCTCCTCGCTGGCGCCGGCTGGGCAACATGCTTCGGCATGGCGAATGGGACTTTTTTCAGATCGAGCTGCCCGTGGTTTGTCGGGCATTTGCAATCAACTATACAATTCCACGCATGCCAGTCTACGCGGTACTACCCAC,200
TnpB_016,TnpB,16,GACTTTAGTCGTGTGAGGTTCAA,TGAAGATCATTAGTGAGCGA,20,GGCCGGCATGGTCCCAGCCTCCTCGCTGGCGCCGGCTGGGCAACATGCTTCGGCATGGCGAATGGGACTTTTTT,TTCATCAGGG,AAACGT,TCGCTCACTAATGATCTTCA,ATCAA,ACAAT,CATAGGATGTC,GGGTGT,AAACGTTCGCTCACTAATGATCTTCAATCAAACAATCATAGGATGTCGGGTGT,GTCTACGCGGTACTACCCAC,,GACTTTAGTCGTGTGAGGTTCAATGAAGATCATTAGTGAGCGAGGCCGGCATGGTCCCAGCCTCCTCGCTGGCGCCGGCTGGGCAACATGCTTCGGCATGGCGAATGGGACTTTTTTTTCATCAGGGAAACGTTCGCTCACTAATGATCTTCAATCAAACAATCATAGGATGTCGGGTGTGTCTACGCGGTACTACCCAC,200
TnpB_017,TnpB,17,GACTTTAGTCGTGTGAGGTTCAA,ATTCGTACCCTCATGGCTTA,20,GGCCGGCATGGTCCCAGCCTCCTCGCTGGCGCCGGCTGGGCAACATGCTTCGGCATGGCGAATGGGACTTTTTT,CCTGGACATG,GCCGTC,TAAGCCATGAGGGTACGAAT,ATCAA,GTGTT,TTTATCTGGCT,GTCAGA,GCCGTCTAAGCCATGAGGGTACGAATATCAAGTGTTTTTATCTGGCTGTCAGA,GTCTACGCGGTACTACCCAC,,GACTTTAGTCGTGTGAGGTTCAAATTCGTACCCTCATGGCTTAGGCCGGCATGGTCCCAGCCTCCTCGCTGGCGCCGGCTGGGCAACATGCTTCGGCATGGCGAATGGGACTTTTTTCCTGGACATGGCCGTCTAAGCCATGAGGGTACGAATATCAAGTGTTTTTATCTGGCTGTCAGAGTCTACGCGGTACTACCCAC,200
TnpB_018,TnpB,18,GACTTTAGTCGTGTGAGGTTCAA,GCTCTCGAGAATCCATCTTT,20,GGCCGGCATGGTCCCAGCCTCCTCGCTGGCGCCGGCTGGGCAACATGCTTCGGCATGGCGAATGGGACTTTTTT,TAAAGATAGA,GTACCA,AAAGATGGATTCTCGAGAGC,ATCAA,ATGAT,ACGAGATGGAC,ACGTCG,GTACCAAAAGATGGATTCTCGAGAGCATCAAATGATACGAGATGGACACGTCG,GTCTACGCGGTACTACCCAC,,GACTTTAGTCGTGTGAGGTTCAAGCTCTCGAGAATCCATCTTTGGCCGGCATGGTCCCAGCCTCCTCGCTGGCGCCGGCTGGGCAACATGCTTCGGCATGGCGAATGGGACTTTTTTTAAAGATAGAGTACCAAAAGATGGATTCTCGAGAGCATCAAATGATACGAGATGGACACGTCGGTCTACGCGGTACTACCCAC,200
TnpB_019,TnpB,19,GACTTTAGTCGTGTGAGGTTCAA,GCAATATTAGTGAGTCCAGT,20,GGCCGGCATGGTCCCAGCCTCCTCGCTGGCGCCGGCTGGGCAACATGCTTCGGCATGGCGAATGGGACTTTTTT,TTTGGGGCGC,CCTGTA,ACTGGACTCACTAATATTGC,ATCAA,AGCCC,ACTCGGTTTTG,ATTGCG,CCTGTAACTGGACTCACTAATATTGCATCAAAGCCCACTCGGTTTTGATTGCG,GTCTACGCGGTACTACCCAC,,GACTTTAGTCGTGTGAGGTTCAAGCAATATTAGTGAGTCCAGTGGCCGGCATGGTCCCAGCCTCCTCGCTGGCGCCGGCTGGGCAACATGCTTCGGCATGGCGAATGGGACTTTTTTTTTGGGGCGCCCTGTAACTGGACTCACTAATATTGCATCAAAGCCCACTCGGTTTTGATTGCGGTCTACGCGGTACTACCCAC,200
TnpB_020,TnpB,20,GACTTTAGTCGTGTGAGGTTCAA,GACACCACGTCGCTTGTTGT,20,GGCCGGCATGGTCCCAGCCTCCTCGCTGGCGCCGGCTGGGCAACATGCTTCGGCATGGCGAATGGGACTTTTTT,CCTCTCAGAC,CAGCGG,ACAACAAGCGACGTGGTGTC,ATCAA,ATTGC,TTGTCGCGGTA,CTTCAC,CAGCGGACAACAAGCGACGTGGTGTCATCAAATTGCTTGTCGCGGTACTTCAC,GTCTACGCGGTACTACCCAC,,GACTTTAGTCGTGTGAGGTTCAAGACACCACGTCGCTTGTTGTGGCCGGCATGGTCCCAGCCTCCTCGCTGGCGCCGGCTGGGCAACATGCTTCGGCATGGCGAATGGGACTTTTTTCCTCTCAGACCAGCGGACAACAAGCGACGTGGTGTCATCAAATTGCTTGTCGCGGTACTTCACGTCTACGCGGTACTACCCAC,200
TnpB_021,TnpB,21,GACTTTAGTCGTGTGAGGTTCAA,ATAATTGCACCGTAATGACT,20,GGCCGGCATGGTCCCAGCCTCCTCGCTGGCGCCGGCTGGGCAACATGCTTCGGCATGGCGAATGGGACTTTTTT,CTATACGCAA,GGCATA,AGTCATTACGGTGCAATTAT,ATCAA,ACATA,TATCGTTACCC,CGGAGC,GGCATAAGTCATTACGGTGCAATTATATCAAACATATATCGTTACCCCGGAGC,GTCTACGCGGTACTACCCAC,,GACTTTAGTCGTGTGAGGTTCAAATAATTGCACCGTAATGACTGGCCGGCATGGTCCCAGCCTCCTCGCTGGCGCCGGCTGGGCAACATGCTTCGGCATGGCGAATGGGACTTTTTTCTATACGCAAGGCATAAGTCATTACGGTGCAATTATATCAAACATATATCGTTACCCCGGAGCGTCTACGCGGTACTACCCAC,200
TnpB_022,TnpB,22,GACTTTAGTCGTGTGAGGTTCAA,AAGCAGGAGGCGCTCAGTAA,20,GGCCGGCATGGTCCCAGCCTCCTCGCTGGCGCCGGCTGGGCAACATGCTTCGGCATGGCGAATGGGACTTTTTT,CCTATTCAAA,CTCGCT,TTACTGAGCGCCTCCTGCTT,ATCAA,TTAAT,TGGTTTGTATA,TAGCCT,CTCGCTTTACTGAGCGCCTCCTGCTTATCAATTAATTGGTTTGTATATAGCCT,GTCTACGCGGTACTACCCAC,,GACTTTAGTCGTGTGAGGTTCAAAAGCAGGAGGCGCTCAGTAAGGCCGGCATGGTCCCAGCCTCCTCGCTGGCGCCGGCTGGGCAACATGCTTCGGCATGGCGAATGGGACTTTTTTCCTATTCAAACTCGCTTTACTGAGCGCCTCCTGCTTATCAATTAATTGGTTTGTATATAGCCTGTCTACGCGGTACTACCCAC,200
TnpB_023,TnpB,23,GACTTTAGTCGTGTGAGGTTCAA,CTGTTCTCCGTCCCTGTGCC,20,GGCCGGCATGGTCCCAGCCTCCTCGCTGGCGCCGGCTGGGCAACATGCTTCGGCATGGCGAATGGGACTTTTTT,TAAAATTGAC,GCGACC,GGCACAGGGACGGAGAACAG,ATCAA,CAAGA,GATGTATCAAC,GATGGA,GCGACCGGCACAGGGACGGAGAACAGATCAACAAGAGATGTATCAACGATGGA,GTCTACGCGGTACTACCCAC,,GACTTTAGTCGTGTGAGGTTCAACTGTTCTCCGTCCCTGTGCCGGCCGGCATGGTCCCAGCCTCCTCGCTGGCGCCGGCTGGGCAACATGCTTCGGCATGGCGAATGGGACTTTTTTTAAAATTGACGCGACCGGCACAGGGACGGAGAACAGATCAACAAGAGATGTATCAACGATGGAGTCTACGCGGTACTACCCAC,200
TnpB_024,TnpB,24,GACTTTAGTCGTGTGAGGTTCAA,TACCATGCACTAGTTAAGAC,20,GGCCGGCATGGTCCCAGCCTCCTCGCTGGCGCCGGCTGGGCAACATGCTTCGGCATGGCGAATGGGACTTTTTT,ACTTAACATC,CGGTAA,GTCTTAACTAGTGCATGGTA,ATCAA,AAACC,TACGATCATAT,GGACCG,CGGTAAGTCTTAACTAGTGCATGGTAATCAAAAACCTACGATCATATGGACCG,GTCTACGCGGTACTACCCAC,,GACTTTAGTCGTGTGAGGTTCAATACCATGCACTAGTTAAGACGGCCGGCATGGTCCCAGCCTCCTCGCTGGCGCCGGCTGGGCAACATGCTTCGGCATGGCGAATGGGACTTTTTTACTTAACATCCGGTAAGTCTTAACTAGTGCATGGTAATCAAAAACCTACGATCATATGGACCGGTCTACGCGGTACTACCCAC,200
TnpB_025,TnpB,25,GACTTTAGTCGTGTGAGGTTCAA,GGTTATCAGGGCCTTGTCGG,20,GGCCGGCATGGTCCCAGCCTCCTCGCTGGCGCCGGCTGGGCAACATGCTTCGGCATGGCGAATGGGACTTTTTT,ACATGAAATG,GATACC,CCGACAAGGCCCTGATAACC,ATCAA,GCGGC,CACAAGGCCAG,GCTAAG,GATACCCCGACAAGGCCCTGATAACCATCAAGCGGCCACAAGGCCAGGCTAAG,GTCTACGCGGTACTACCCAC,,GACTTTAGTCGTGTGAGGTTCAAGGTTATCAGGGCCTTGTCGGGGCCGGCATGGTCCCAGCCTCCTCGCTGGCGCCGGCTGGGCAACATGCTTCGGCATGGCGAATGGGACTTTTTTACATGAAATGGATACCCCGACAAGGCCCTGATAACCATCAAGCGGCCACAAGGCCAGGCTAAGGTCTACGCGGTACTACCCAC,200
TnpB_026,TnpB,26,GACTTTAGTCGTGTGAGGTTCAA,CACAAATCTAATCCCCTCGA,20,GGCCGGCATGGTCCCAGCCTCCTCGCTGGCGCCGGCTGGGCAACATGCTTCGGCATGGCGAATGGGACTTTTTT,CGCACCCCCA,GCGGGG,TCGAGGGGATTAGATTTGTG,ATCAA,GTCCT,GCAGATCCATC,GGATGG,GCGGGGTCGAGGGGATTAGATTTGTGATCAAGTCCTGCAGATCCATCGGATGG,GTCTACGCGGTACTACCCAC,,GACTTTAGTCGTGTGAGGTTCAACACAAATCTAATCCCCTCGAGGCCGGCATGGTCCCAGCCTCCTCGCTGGCGCCGGCTGGGCAACATGCTTCGGCATGGCGAATGGGACTTTTTTCGCACCCCCAGCGGGGTCGAGGGGATTAGATTTGTGATCAAGTCCTGCAGATCCATCGGATGGGTCTACGCGGTACTACCCAC,200
TnpB_027,TnpB,27,GACTTTAGTCGTGTGAGGTTCAA,GAACTGCGGCCCTACCTAGA,20,GGCCGGCATGGTCCCAGCCTCCTCGCTGGCGCCGGCTGGGCAACATGCTTCGGCATGGCGAATGGGACTTTTTT,TGGAGCTTCC,CAGGAC,TCTAGGTAGGGCCGCAGTTC,ATCAA,TATCA,TTGTAATGTAG,GGGTAG,CAGGACTCTAGGTAGGGCCGCAGTTCATCAATATCATTGTAATGTAGGGGTAG,GTCTACGCGGTACTACCCAC,,GACTTTAGTCGTGTGAGGTTCAAGAACTGCGGCCCTACCTAGAGGCCGGCATGGTCCCAGCCTCCTCGCTGGCGCCGGCTGGGCAACATGCTTCGGCATGGCGAATGGGACTTTTTTTGGAGCTTCCCAGGACTCTAGGTAGGGCCGCAGTTCATCAATATCATTGTAATGTAGGGGTAGGTCTACGCGGTACTACCCAC,200
TnpB_028,TnpB,28,GACTTTAGTCGTGTGAGGTTCAA,GTGCACATGCTCGTCGAGGA,20,GGCCGGCATGGTCCCAGCCTCCTCGCTGGCGCCGGCTGGGCAACATGCTTCGGCATGGCGAATGGGACTTTTTT,CGAGTGGAAA,CTGGGC,TCCTCGACGAGCATGTGCAC,ATCAA,GTGTA,TTCGGACTAGA,GCGTAT,CTGGGCTCCTCGACGAGCATGTGCACATCAAGTGTATTCGGACTAGAGCGTAT,GTCTACGCGGTACTACCCAC,,GACTTTAGTCGTGTGAGGTTCAAGTGCACATGCTCGTCGAGGAGGCCGGCATGGTCCCAGCCTCCTCGCTGGCGCCGGCTGGGCAACATGCTTCGGCATGGCGAATGGGACTTTTTTCGAGTGGAAACTGGGCTCCTCGACGAGCATGTGCACATCAAGTGTATTCGGACTAGAGCGTATGTCTACGCGGTACTACCCAC,200
TnpB_029,TnpB,29,GACTTTAGTCGTGTGAGGTTCAA,ACTAACACAGGCTGTCTCGA,20,GGCCGGCATGGTCCCAGCCTCCTCGCTGGCGCCGGCTGGGCAACATGCTTCGGCATGGCGAATGGGACTTTTTT,GCCCACTGTT,CACGCA,TCGAGACAGCCTGTGTTAGT,ATCAA,ACGAT,ATTACAGAGTT,TAATAG,CACGCATCGAGACAGCCTGTGTTAGTATCAAACGATATTACAGAGTTTAATAG,GTCTACGCGGTACTACCCAC,,GACTTTAGTCGTGTGAGGTTCAAACTAACACAGGCTGTCTCGAGGCCGGCATGGTCCCAGCCTCCTCGCTGGCGCCGGCTGGGCAACATGCTTCGGCATGGCGAATGGGACTTTTTTGCCCACTGTTCACGCATCGAGACAGCCTGTGTTAGTATCAAACGATATTACAGAGTTTAATAGGTCTACGCGGTACTACCCAC,200
TnpB_030,TnpB,30,GACTTTAGTCGTGTGAGGTTCAA,AATAATAAGTTTCGTTGAGA,20,GGCCGGCATGGTCCCAGCCTCCTCGCTGGCGCCGGCTGGGCAACATGCTTCGGCATGGCGAATGGGACTTTTTT,AGGCGGTTCA,TCTACG,TCTCAACGAAACTTATTATT,ATCAA,CCAAG,GTTAGTTGCAT,CGAGAC,TCTACGTCTCAACGAAACTTATTATTATCAACCAAGGTTAGTTGCATCGAGAC,GTCTACGCGGTACTACCCAC,,GACTTTAGTCGTGTGAGGTTCAAAATAATAAGTTTCGTTGAGAGGCCGGCATGGTCCCAGCCTCCTCGCTGGCGCCGGCTGGGCAACATGCTTCGGCATGGCGAATGGGACTTTTTTAGGCGGTTCATCTACGTCTCAACGAAACTTATTATTATCAACCAAGGTTAGTTGCATCGAGACGTCTACGCGGTACTACCCAC,200
TnpB_031,TnpB,31,GACTTTAGTCGTGTGAGGTTCAA,ACGGATTAGAGGCCCGCTGT,20,GGCCGGCATGGTCCCAGCCTCCTCGCTGGCGCCGGCTGGGCAACATGCTTCGGCATGGCGAATGGGACTTTTTT,TCGTCATACA,TTTGCA,ACAGCGGGCCTCTAATCCGT,ATCAA,GTAAC,GCTAAGTAGAC,GACTGT,TTTGCAACAGCGGGCCTCTAATCCGTATCAAGTAACGCTAAGTAGACGACTGT,GTCTACGCGGTACTACCCAC,,GACTTTAGTCGTGTGAGGTTCAAACGGATTAGAGGCCCGCTGTGGCCGGCATGGTCCCAGCCTCCTCGCTGGCGCCGGCTGGGCAACATGCTTCGGCATGGCGAATGGGACTTTTTTTCGTCATACATTTGCAACAGCGGGCCTCTAATCCGTATCAAGTAACGCTAAGTAGACGACTGTGTCTACGCGGTACTACCCAC,200
TnpB_032,TnpB,32,GACTTTAGTCGTGTGAGGTTCAA,CGGAAAGCTGTGACCAATGG,20,GGCCGGCATGGTCCCAGCCTCCTCGCTGGCGCCGGCTGGGCAACATGCTTCGGCATGGCGAATGGGACTTTTTT,CCTTGCGTGT,TTTATG,CCATTGGTCACAGCTTTCCG,ATCAA,CGAAC,CATCGTTCGTA,CTATCG,TTTATGCCATTGGTCACAGCTTTCCGATCAACGAACCATCGTTCGTACTATCG,GTCTACGCGGTACTACCCAC,,GACTTTAGTCGTGTGAGGTTCAACGGAAAGCTGTGACCAATGGGGCCGGCATGGTCCCAGCCTCCTCGCTGGCGCCGGCTGGGCAACATGCTTCGGCATGGCGAATGGGACTTTTTTCCTTGCGTGTTTTATGCCATTGGTCACAGCTTTCCGATCAACGAACCATCGTTCGTACTATCGGTCTACGCGGTACTACCCAC,200
TnpB_033,TnpB,33,GACTTTAGTCGTGTGAGGTTCAA,TCACTTTAAAACAGGTTCGA,20,GGCCGGCATGGTCCCAGCCTCCTCGCTGGCGCCGGCTGGGCAACATGCTTCGGCATGGCGAATGGGACTTTTTT,GTTGGGACGG,AGCACG,TCGAACCTGTTTTAAAGTGA,ATCAA,CCCTC,GGTCGTTCAGA,CTTAGG,AGCACGTCGAACCTGTTTTAAAGTGAATCAACCCTCGGTCGTTCAGACTTAGG,GTCTACGCGGTACTACCCAC,,GACTTTAGTCGTGTGAGGTTCAATCACTTTAAAACAGGTTCGAGGCCGGCATGGTCCCAGCCTCCTCGCTGGCGCCGGCTGGGCAACATGCTTCGGCATGGCGAATGGGACTTTTTTGTTGGGACGGAGCACGTCGAACCTGTTTTAAAGTGAATCAACCCTCGGTCGTTCAGACTTAGGGTCTACGCGGTACTACCCAC,200
TnpB_034,TnpB,34,GACTTTAGTCGTGTGAGGTTCAA,TAGCCGGGGCGAATTTACAT,20,GGCCGGCATGGTCCCAGCCTCCTCGCTGGCGCCGGCTGGGCAACATGCTTCGGCATGGCGAATGGGACTTTTTT,GCCCACGTAT,ATGGGT,ATGTAAATTCGCCCCGGCTA,ATCAA,TTAAC,ACAGTGCAAGA,CACTGT,ATGGGTATGTAAATTCGCCCCGGCTAATCAATTAACACAGTGCAAGACACTGT,GTCTACGCGGTACTACCCAC,,GACTTTAGTCGTGTGAGGTTCAATAGCCGGGGCGAATTTACATGGCCGGCATGGTCCCAGCCTCCTCGCTGGCGCCGGCTGGGCAACATGCTTCGGCATGGCGAATGGGACTTTTTTGCCCACGTATATGGGTATGTAAATTCGCCCCGGCTAATCAATTAACACAGTGCAAGACACTGTGTCTACGCGGTACTACCCAC,200
TnpB_035,TnpB,35,GACTTTAGTCGTGTGAGGTTCAA,ATCAAGGGGTTCGATCCGAG,20,GGCCGGCATGGTCCCAGCCTCCTCGCTGGCGCCGGCTGGGCAACATGCTTCGGCATGGCGAATGGGACTTTTTT,CCTGCTCTTA,ACAACC,CTCGGATCGAACCCCTTGAT,ATCAA,CTGAT,GTAAAAACAGG,CAACGC,ACAACCCTCGGATCGAACCCCTTGATATCAACTGATGTAAAAACAGGCAACGC,GTCTACGCGGTACTACCCAC,,GACTTTAGTCGTGTGAGGTTCAAATCAAGGGGTTCGATCCGAGGGCCGGCATGGTCCCAGCCTCCTCGCTGGCGCCGGCTGGGCAACATGCTTCGGCATGGCGAATGGGACTTTTTTCCTGCTCTTAACAACCCTCGGATCGAACCCCTTGATATCAACTGATGTAAAAACAGGCAACGCGTCTACGCGGTACTACCCAC,200
TnpB_036,TnpB,36,GACTTTAGTCGTGTGAGGTTCAA,TAGCGTCCTCGAGCACCCTA,20,GGCCGGCATGGTCCCAGCCTCCTCGCTGGCGCCGGCTGGGCAACATGCTTCGGCATGGCGAATGGGACTTTTTT,CCACCGAGTT,AGTACC,TAGGGTGCTCGAGGACGCTA,ATCAA,AGCCA,AATAAGCGCTC,AACACA,AGTACCTAGGGTGCTCGAGGACGCTAATCAAAGCCAAATAAGCGCTCAACACA,GTCTACGCGGTACTACCCAC,,GACTTTAGTCGTGTGAGGTTCAATAGCGTCCTCGAGCACCCTAGGCCGGCATGGTCCCAGCCTCCTCGCTGGCGCCGGCTGGGCAACATGCTTCGGCATGGCGAATGGGACTTTTTTCCACCGAGTTAGTACCTAGGGTGCTCGAGGACGCTAATCAAAGCCAAATAAGCGCTCAACACAGTCTACGCGGTACTACCCAC,200
TnpB_037,TnpB,37,GACTTTAGTCGTGTGAGGTTCAA,TCTAGTCAAGACCCGCAGGT,20,GGCCGGCATGGTCCCAGCCTCCTCGCTGGCGCCGGCTGGGCAACATGCTTCGGCATGGCGAATGGGACTTTTTT,TCGTTCGAAA,CGGAGT,ACCTGCGGGTCTTGACTAGA,ATCAA,TGATG,GCTAGCTCGTG,AGTCAG,CGGAGTACCTGCGGGTCTTGACTAGAATCAATGATGGCTAGCTCGTGAGTCAG,GTCTACGCGGTACTACCCAC,,GACTTTAGTCGTGTGAGGTTCAATCTAGTCAAGACCCGCAGGTGGCCGGCATGGTCCCAGCCTCCTCGCTGGCGCCGGCTGGGCAACATGCTTCGGCATGGCGAATGGGACTTTTTTTCGTTCGAAACGGAGTACCTGCGGGTCTTGACTAGAATCAATGATGGCTAGCTCGTGAGTCAGGTCTACGCGGTACTACCCAC,200
TnpB_038,TnpB,38,GACTTTAGTCGTGTGAGGTTCAA,AGACCAATTCGGCTCTCAGT,20,GGCCGGCATGGTCCCAGCCTCCTCGCTGGCGCCGGCTGGGCAACATGCTTCGGCATGGCGAATGGGACTTTTTT,CATGTATTAT,AAGCCT,ACTGAGAGCCGAATTGGTCT,ATCAA,CAGCC,CACATTATGTC,CCAGAC,AAGCCTACTGAGAGCCGAATTGGTCTATCAACAGCCCACATTATGTCCCAGAC,GTCTACGCGGTACTACCCAC,,GACTTTAGTCGTGTGAGGTTCAAAGACCAATTCGGCTCTCAGTGGCCGGCATGGTCCCAGCCTCCTCGCTGGCGCCGGCTGGGCAACATGCTTCGGCATGGCGAATGGGACTTTTTTCATGTATTATAAGCCTACTGAGAGCCGAATTGGTCTATCAACAGCCCACATTATGTCCCAGACGTCTACGCGGTACTACCCAC,200
TnpB_039,TnpB,39,GACTTTAGTCGTGTGAGGTTCAA,CCCATGGTAGAAGAGCAGCT,20,GGCCGGCATGGTCCCAGCCTCCTCGCTGGCGCCGGCTGGGCAACATGCTTCGGCATGGCGAATGGGACTTTTTT,AAAGAACAGA,CATAGA,AGCTGCTCTTCTACCATGGG,ATCAA,AGAGA,CGAATTGCTCA,GGAAAG,CATAGAAGCTGCTCTTCTACCATGGGATCAAAGAGACGAATTGCTCAGGAAAG,GTCTACGCGGTACTACCCAC,,GACTTTAGTCGTGTGAGGTTCAACCCATGGTAGAAGAGCAGCTGGCCGGCATGGTCCCAGCCTCCTCGCTGGCGCCGGCTGGGCAACATGCTTCGGCATGGCGAATGGGACTTTTTTAAAGAACAGACATAGAAGCTGCTCTTCTACCATGGGATCAAAGAGACGAATTGCTCAGGAAAGGTCTACGCGGTACTACCCAC,200
TnpB_040,TnpB,40,GACTTTAGTCGTGTGAGGTTCAA,AGGAGTTGCTAAATTTCTAT,20,GGCCGGCATGGTCCCAGCCTCCTCGCTGGCGCCGGCTGGGCAACATGCTTCGGCATGGCGAATGGGACTTTTTT,CGTCTAGTGC,CACAGC,ATAGAAATTTAGCAACTCCT,ATCAA,TGCAA,CAATTGGGTTA,ATGGTG,CACAGCATAGAAATTTAGCAACTCCTATCAATGCAACAATTGGGTTAATGGTG,GTCTACGCGGTACTACCCAC,,GACTTTAGTCGTGTGAGGTTCAAAGGAGTTGCTAAATTTCTATGGCCGGCATGGTCCCAGCCTCCTCGCTGGCGCCGGCTGGGCAACATGCTTCGGCATGGCGAATGGGACTTTTTTCGTCTAGTGCCACAGCATAGAAATTTAGCAACTCCTATCAATGCAACAATTGGGTTAATGGTGGTCTACGCGGTACTACCCAC,200
TnpB_041,TnpB,41,GACTTTAGTCGTGTGAGGTTCAA,TATCTTCTACTTGACTAGGA,20,GGCCGGCATGGTCCCAGCCTCCTCGCTGGCGCCGGCTGGGCAACATGCTTCGGCATGGCGAATGGGACTTTTTT,AGCTCGTCCG,TGAAAT,TCCTAGTCAAGTAGAAGATA,ATCAA,CTGGA,AAACGGCGATA,GGTTTT,TGAAATTCCTAGTCAAGTAGAAGATAATCAACTGGAAAACGGCGATAGGTTTT,GTCTACGCGGTACTACCCAC,,GACTTTAGTCGTGTGAGGTTCAATATCTTCTACTTGACTAGGAGGCCGGCATGGTCCCAGCCTCCTCGCTGGCGCCGGCTGGGCAACATGCTTCGGCATGGCGAATGGGACTTTTTTAGCTCGTCCGTGAAATTCCTAGTCAAGTAGAAGATAATCAACTGGAAAACGGCGATAGGTTTTGTCTACGCGGTACTACCCAC,200
TnpB_042,TnpB,42,GACTTTAGTCGTGTGAGGTTCAA,CAGAACATGACAGGTATGAT,20,GGCCGGCATGGTCCCAGCCTCCTCGCTGGCGCCGGCTGGGCAACATGCTTCGGCATGGCGAATGGGACTTTTTT,AGAGTCGAAA,CAGAAT,ATCATACCTGTCATGTTCTG,ATCAA,TCTAG,ACCGCGCGGAC,CAGGCC,CAGAATATCATACCTGTCATGTTCTGATCAATCTAGACCGCGCGGACCAGGCC,GTCTACGCGGTACTACCCAC,,GACTTTAGTCGTGTGAGGTTCAACAGAACATGACAGGTATGATGGCCGGCATGGTCCCAGCCTCCTCGCTGGCGCCGGCTGGGCAACATGCTTCGGCATGGCGAATGGGACTTTTTTAGAGTCGAAACAGAATATCATACCTGTCATGTTCTGATCAATCTAGACCGCGCGGACCAGGCCGTCTACGCGGTACTACCCAC,200
TnpB_043,TnpB,43,GACTTTAGTCGTGTGAGGTTCAA,ACACAAAGGGGCCCTTCTGC,20,GGCCGGCATGGTCCCAGCCTCCTCGCTGGCGCCGGCTGGGCAACATGCTTCGGCATGGCGAATGGGACTTTTTT,CGCAAGTCAG,GCAGTC,GCAGAAGGGCCCCTTTGTGT,ATCAA,GTTCC,TTGTTGCTGGG,TAGCTC,GCAGTCGCAGAAGGGCCCCTTTGTGTATCAAGTTCCTTGTTGCTGGGTAGCTC,GTCTACGCGGTACTACCCAC,,GACTTTAGTCGTGTGAGGTTCAAACACAAAGGGGCCCTTCTGCGGCCGGCATGGTCCCAGCCTCCTCGCTGGCGCCGGCTGGGCAACATGCTTCGGCATGGCGAATGGGACTTTTTTCGCAAGTCAGGCAGTCGCAGAAGGGCCCCTTTGTGTATCAAGTTCCTTGTTGCTGGGTAGCTCGTCTACGCGGTACTACCCAC,200
TnpB_044,TnpB,44,GACTTTAGTCGTGTGAGGTTCAA,GTCTTCCGAAGCCTCCGTAA,20,GGCCGGCATGGTCCCAGCCTCCTCGCTGGCGCCGGCTGGGCAACATGCTTCGGCATGGCGAATGGGACTTTTTT,ATTAACGTTG,CCGGTC,TTACGGAGGCTTCGGAAGAC,ATCAA,CCAGT,CAGGCGATATG,TCAAGT,CCGGTCTTACGGAGGCTTCGGAAGACATCAACCAGTCAGGCGATATGTCAAGT,GTCTACGCGGTACTACCCAC,,GACTTTAGTCGTGTGAGGTTCAAGTCTTCCGAAGCCTCCGTAAGGCCGGCATGGTCCCAGCCTCCTCGCTGGCGCCGGCTGGGCAACATGCTTCGGCATGGCGAATGGGACTTTTTTATTAACGTTGCCGGTCTTACGGAGGCTTCGGAAGACATCAACCAGTCAGGCGATATGTCAAGTGTCTACGCGGTACTACCCAC,200
TnpB_045,TnpB,45,GACTTTAGTCGTGTGAGGTTCAA,CGATGACAAAATCCACGCTA,20,GGCCGGCATGGTCCCAGCCTCCTCGCTGGCGCCGGCTGGGCAACATGCTTCGGCATGGCGAATGGGACTTTTTT,TCTTTTATCT,TGCCTT,TAGCGTGGATTTTGTCATCG,ATCAA,TTAGA,AGCTTTCGCCG,GGGGTT,TGCCTTTAGCGTGGATTTTGTCATCGATCAATTAGAAGCTTTCGCCGGGGGTT,GTCTACGCGGTACTACCCAC,,GACTTTAGTCGTGTGAGGTTCAACGATGACAAAATCCACGCTAGGCCGGCATGGTCCCAGCCTCCTCGCTGGCGCCGGCTGGGCAACATGCTTCGGCATGGCGAATGGGACTTTTTTTCTTTTATCTTGCCTTTAGCGTGGATTTTGTCATCGATCAATTAGAAGCTTTCGCCGGGGGTTGTCTACGCGGTACTACCCAC,200
TnpB_046,TnpB,46,GACTTTAGTCGTGTGAGGTTCAA,TCGACCGTGCCGACTCCAGA,20,GGCCGGCATGGTCCCAGCCTCCTCGCTGGCGCCGGCTGGGCAACATGCTTCGGCATGGCGAATGGGACTTTTTT,CGGGTACAAG,CCCTGG,TCTGGAGTCGGCACGGTCGA,ATCAA,TCGAA,AACGTAACTCT,CTGATT,CCCTGGTCTGGAGTCGGCACGGTCGAATCAATCGAAAACGTAACTCTCTGATT,GTCTACGCGGTACTACCCAC,,GACTTTAGTCGTGTGAGGTTCAATCGACCGTGCCGACTCCAGAGGCCGGCATGGTCCCAGCCTCCTCGCTGGCGCCGGCTGGGCAACATGCTTCGGCATGGCGAATGGGACTTTTTTCGGGTACAAGCCCTGGTCTGGAGTCGGCACGGTCGAATCAATCGAAAACGTAACTCTCTGATTGTCTACGCGGTACTACCCAC,200
TnpB_047,TnpB,47,GACTTTAGTCGTGTGAGGTTCAA,GGCGCAGCGCGTACCCTTCG,20,GGCCGGCATGGTCCCAGCCTCCTCGCTGGCGCCGGCTGGGCAACATGCTTCGGCATGGCGAATGGGACTTTTTT,TATTCATCCT,TTACTG,CGAAGGGTACGCGCTGCGCC,ATCAA,GCGCT,TGCGTGGTGAA,TACACT,TTACTGCGAAGGGTACGCGCTGCGCCATCAAGCGCTTGCGTGGTGAATACACT,GTCTACGCGGTACTACCCAC,,GACTTTAGTCGTGTGAGGTTCAAGGCGCAGCGCGTACCCTTCGGGCCGGCATGGTCCCAGCCTCCTCGCTGGCGCCGGCTGGGCAACATGCTTCGGCATGGCGAATGGGACTTTTTTTATTCATCCTTTACTGCGAAGGGTACGCGCTGCGCCATCAAGCGCTTGCGTGGTGAATACACTGTCTACGCGGTACTACCCAC,200
TnpB_048,TnpB,48,GACTTTAGTCGTGTGAGGTTCAA,GCTGTACCTTCAACCCTATA,20,GGCCGGCATGGTCCCAGCCTCCTCGCTGGCGCCGGCTGGGCAACATGCTTCGGCATGGCGAATGGGACTTTTTT,GAAGCAAGTA,GTCAAG,TATAGGGTTGAAGGTACAGC,ATCAA,GATCC,GGCAAAAGATG,TGACAG,GTCAAGTATAGGGTTGAAGGTACAGCATCAAGATCCGGCAAAAGATGTGACAG,GTCTACGCGGTACTACCCAC,,GACTTTAGTCGTGTGAGGTTCAAGCTGTACCTTCAACCCTATAGGCCGGCATGGTCCCAGCCTCCTCGCTGGCGCCGGCTGGGCAACATGCTTCGGCATGGCGAATGGGACTTTTTTGAAGCAAGTAGTCAAGTATAGGGTTGAAGGTACAGCATCAAGATCCGGCAAAAGATGTGACAGGTCTACGCGGTACTACCCAC,200
TnpB_049,TnpB,49,GACTTTAGTCGTGTGAGGTTCAA,CGGATGCATTCTAGCGCATA,20,GGCCGGCATGGTCCCAGCCTCCTCGCTGGCGCCGGCTGGGCAACATGCTTCGGCATGGCGAATGGGACTTTTTT,CGCACCTCTT,TTCCAA,TATGCGCTAGAATGCATCCG,ATCAA,AGCAT,AGCTACAATGG,GTTATT,TTCCAATATGCGCTAGAATGCATCCGATCAAAGCATAGCTACAATGGGTTATT,GTCTACGCGGTACTACCCAC,,GACTTTAGTCGTGTGAGGTTCAACGGATGCATTCTAGCGCATAGGCCGGCATGGTCCCAGCCTCCTCGCTGGCGCCGGCTGGGCAACATGCTTCGGCATGGCGAATGGGACTTTTTTCGCACCTCTTTTCCAATATGCGCTAGAATGCATCCGATCAAAGCATAGCTACAATGGGTTATTGTCTACGCGGTACTACCCAC,200
TnpB_050,TnpB,50,GACTTTAGTCGTGTGAGGTTCAA,GAGTCTTATTAATGCTCGTC,20,GGCCGGCATGGTCCCAGCCTCCTCGCTGGCGCCGGCTGGGCAACATGCTTCGGCATGGCGAATGGGACTTTTTT,TCACTTGATC,TCACTT,GACGAGCATTAATAAGACTC,ATCAA,AGTTA,AATTGTTATAG,AAGCGA,TCACTTGACGAGCATTAATAAGACTCATCAAAGTTAAATTGTTATAGAAGCGA,GTCTACGCGGTACTACCCAC,,GACTTTAGTCGTGTGAGGTTCAAGAGTCTTATTAATGCTCGTCGGCCGGCATGGTCCCAGCCTCCTCGCTGGCGCCGGCTGGGCAACATGCTTCGGCATGGCGAATGGGACTTTTTTTCACTTGATCTCACTTGACGAGCATTAATAAGACTCATCAAAGTTAAATTGTTATAGAAGCGAGTCTACGCGGTACTACCCAC,200
TnpB_051,TnpB,51,GACTTTAGTCGTGTGAGGTTCAA,ATTTCCGTACGCAAGTACTG,20,GGCCGGCATGGTCCCAGCCTCCTCGCTGGCGCCGGCTGGGCAACATGCTTCGGCATGGCGAATGGGACTTTTTT,CTGTCTATGA,ACGGTG,CAGTACTTGCGTACGGAAAT,ATCAA,CAGCG,ATTACACCGCC,GCCTGA,ACGGTGCAGTACTTGCGTACGGAAATATCAACAGCGATTACACCGCCGCCTGA,GTCTACGCGGTACTACCCAC,,GACTTTAGTCGTGTGAGGTTCAAATTTCCGTACGCAAGTACTGGGCCGGCATGGTCCCAGCCTCCTCGCTGGCGCCGGCTGGGCAACATGCTTCGGCATGGCGAATGGGACTTTTTTCTGTCTATGAACGGTGCAGTACTTGCGTACGGAAATATCAACAGCGATTACACCGCCGCCTGAGTCTACGCGGTACTACCCAC,200
TnpB_052,TnpB,52,GACTTTAGTCGTGTGAGGTTCAA,AGTAGCAAAGGAGAAGCAGG,20,GGCCGGCATGGTCCCAGCCTCCTCGCTGGCGCCGGCTGGGCAACATGCTTCGGCATGGCGAATGGGACTTTTTT,ATTGGCACTA,GGCTCC,CCTGCTTCTCCTTTGCTACT,ATCAA,GTGCA,TCCCCTTCAGT,GCACTG,GGCTCCCCTGCTTCTCCTTTGCTACTATCAAGTGCATCCCCTTCAGTGCACTG,GTCTACGCGGTACTACCCAC,,GACTTTAGTCGTGTGAGGTTCAAAGTAGCAAAGGAGAAGCAGGGGCCGGCATGGTCCCAGCCTCCTCGCTGGCGCCGGCTGGGCAACATGCTTCGGCATGGCGAATGGGACTTTTTTATTGGCACTAGGCTCCCCTGCTTCTCCTTTGCTACTATCAAGTGCATCCCCTTCAGTGCACTGGTCTACGCGGTACTACCCAC,200
TnpB_053,TnpB,53,GACTTTAGTCGTGTGAGGTTCAA,GAACATTATCGGTATCTTGA,20,GGCCGGCATGGTCCCAGCCTCCTCGCTGGCGCCGGCTGGGCAACATGCTTCGGCATGGCGAATGGGACTTTTTT,GTGCAATATA,GCGCGA,TCAAGATACCGATAATGTTC,ATCAA,GTTAC,TAAACTCATTA,TCTATG,GCGCGATCAAGATACCGATAATGTTCATCAAGTTACTAAACTCATTATCTATG,GTCTACGCGGTACTACCCAC,,GACTTTAGTCGTGTGAGGTTCAAGAACATTATCGGTATCTTGAGGCCGGCATGGTCCCAGCCTCCTCGCTGGCGCCGGCTGGGCAACATGCTTCGGCATGGCGAATGGGACTTTTTTGTGCAATATAGCGCGATCAAGATACCGATAATGTTCATCAAGTTACTAAACTCATTATCTATGGTCTACGCGGTACTACCCAC,200
TnpB_054,TnpB,54,GACTTTAGTCGTGTGAGGTTCAA,GGTGAAATACTATTGATGCC,20,GGCCGGCATGGTCCCAGCCTCCTCGCTGGCGCCGGCTGGGCAACATGCTTCGGCATGGCGAATGGGACTTTTTT,TAGGGAGTTA,CCATGA,GGCATCAATAGTATTTCACC,ATCAA,GAACC,TAAGGTTCACT,CATTCC,CCATGAGGCATCAATAGTATTTCACCATCAAGAACCTAAGGTTCACTCATTCC,GTCTACGCGGTACTACCCAC,,GACTTTAGTCGTGTGAGGTTCAAGGTGAAATACTATTGATGCCGGCCGGCATGGTCCCAGCCTCCTCGCTGGCGCCGGCTGGGCAACATGCTTCGGCATGGCGAATGGGACTTTTTTTAGGGAGTTACCATGAGGCATCAATAGTATTTCACCATCAAGAACCTAAGGTTCACTCATTCCGTCTACGCGGTACTACCCAC,200
TnpB_055,TnpB,55,GACTTTAGTCGTGTGAGGTTCAA,TCAGGTGGCGCGCTCCTATA,20,GGCCGGCATGGTCCCAGCCTCCTCGCTGGCGCCGGCTGGGCAACATGCTTCGGCATGGCGAATGGGACTTTTTT,TCACCAGTTG,AAGATT,TATAGGAGCGCGCCACCTGA,ATCAA,ACAGT,TGCCCGTATAA,GCTGGT,AAGATTTATAGGAGCGCGCCACCTGAATCAAACAGTTGCCCGTATAAGCTGGT,GTCTACGCGGTACTACCCAC,,GACTTTAGTCGTGTGAGGTTCAATCAGGTGGCGCGCTCCTATAGGCCGGCATGGTCCCAGCCTCCTCGCTGGCGCCGGCTGGGCAACATGCTTCGGCATGGCGAATGGGACTTTTTTTCACCAGTTGAAGATTTATAGGAGCGCGCCACCTGAATCAAACAGTTGCCCGTATAAGCTGGTGTCTACGCGGTACTACCCAC,200
TnpB_056,TnpB,56,GACTTTAGTCGTGTGAGGTTCAA,TGTTAGCCACCATTGGCCCC,20,GGCCGGCATGGTCCCAGCCTCCTCGCTGGCGCCGGCTGGGCAACATGCTTCGGCATGGCGAATGGGACTTTTTT,AGTATCCGGA,TGTACA,GGGGCCAATGGTGGCTAACA,ATCAA,GTAGT,AATTTTAGTCG,GTCGAA,TGTACAGGGGCCAATGGTGGCTAACAATCAAGTAGTAATTTTAGTCGGTCGAA,GTCTACGCGGTACTACCCAC,,GACTTTAGTCGTGTGAGGTTCAATGTTAGCCACCATTGGCCCCGGCCGGCATGGTCCCAGCCTCCTCGCTGGCGCCGGCTGGGCAACATGCTTCGGCATGGCGAATGGGACTTTTTTAGTATCCGGATGTACAGGGGCCAATGGTGGCTAACAATCAAGTAGTAATTTTAGTCGGTCGAAGTCTACGCGGTACTACCCAC,200
TnpB_057,TnpB,57,GACTTTAGTCGTGTGAGGTTCAA,CCATCTCGGGACCGCATCTC,20,GGCCGGCATGGTCCCAGCCTCCTCGCTGGCGCCGGCTGGGCAACATGCTTCGGCATGGCGAATGGGACTTTTTT,TACTCCGTGA,GTTTTG,GAGATGCGGTCCCGAGATGG,ATCAA,ATTGT,CTTCTGCCAAT,AAGCGT,GTTTTGGAGATGCGGTCCCGAGATGGATCAAATTGTCTTCTGCCAATAAGCGT,GTCTACGCGGTACTACCCAC,,GACTTTAGTCGTGTGAGGTTCAACCATCTCGGGACCGCATCTCGGCCGGCATGGTCCCAGCCTCCTCGCTGGCGCCGGCTGGGCAACATGCTTCGGCATGGCGAATGGGACTTTTTTTACTCCGTGAGTTTTGGAGATGCGGTCCCGAGATGGATCAAATTGTCTTCTGCCAATAAGCGTGTCTACGCGGTACTACCCAC,200
TnpB_058,TnpB,58,GACTTTAGTCGTGTGAGGTTCAA,CTCGAAGTGGGAGTAATGGT,20,GGCCGGCATGGTCCCAGCCTCCTCGCTGGCGCCGGCTGGGCAACATGCTTCGGCATGGCGAATGGGACTTTTTT,GAACTTCTAG,ACAACA,ACCATTACTCCCACTTCGAG,ATCAA,AAGAC,TATATGGCGGC,TATCGA,ACAACAACCATTACTCCCACTTCGAGATCAAAAGACTATATGGCGGCTATCGA,GTCTACGCGGTACTACCCAC,,GACTTTAGTCGTGTGAGGTTCAACTCGAAGTGGGAGTAATGGTGGCCGGCATGGTCCCAGCCTCCTCGCTGGCGCCGGCTGGGCAACATGCTTCGGCATGGCGAATGGGACTTTTTTGAACTTCTAGACAACAACCATTACTCCCACTTCGAGATCAAAAGACTATATGGCGGCTATCGAGTCTACGCGGTACTACCCAC,200
TnpB_059,TnpB,59,GACTTTAGTCGTGTGAGGTTCAA,GTGAACGCTTCTGTTACCGG,20,GGCCGGCATGGTCCCAGCCTCCTCGCTGGCGCCGGCTGGGCAACATGCTTCGGCATGGCGAATGGGACTTTTTT,GGCCATGGTT,TTGATC,CCGGTAACAGAAGCGTTCAC,ATCAA,ACTGA,GCACGCGTTCA,AAGCGC,TTGATCCCGGTAACAGAAGCGTTCACATCAAACTGAGCACGCGTTCAAAGCGC,GTCTACGCGGTACTACCCAC,,GACTTTAGTCGTGTGAGGTTCAAGTGAACGCTTCTGTTACCGGGGCCGGCATGGTCCCAGCCTCCTCGCTGGCGCCGGCTGGGCAACATGCTTCGGCATGGCGAATGGGACTTTTTTGGCCATGGTTTTGATCCCGGTAACAGAAGCGTTCACATCAAACTGAGCACGCGTTCAAAGCGCGTCTACGCGGTACTACCCAC,200
TnpB_060,TnpB,60,GACTTTAGTCGTGTGAGGTTCAA,AGCCATACCAGAATCCTAGA,20,GGCCGGCATGGTCCCAGCCTCCTCGCTGGCGCCGGCTGGGCAACATGCTTCGGCATGGCGAATGGGACTTTTTT,CGGTAGCCAG,AGACAT,TCTAGGATTCTGGTATGGCT,ATCAA,AACAG,GCTGGTCAATG,ACTTTG,AGACATTCTAGGATTCTGGTATGGCTATCAAAACAGGCTGGTCAATGACTTTG,GTCTACGCGGTACTACCCAC,,GACTTTAGTCGTGTGAGGTTCAAAGCCATACCAGAATCCTAGAGGCCGGCATGGTCCCAGCCTCCTCGCTGGCGCCGGCTGGGCAACATGCTTCGGCATGGCGAATGGGACTTTTTTCGGTAGCCAGAGACATTCTAGGATTCTGGTATGGCTATCAAAACAGGCTGGTCAATGACTTTGGTCTACGCGGTACTACCCAC,200
TnpB_061,TnpB,61,GACTTTAGTCGTGTGAGGTTCAA,AGCGTCATTAGTATAACGGT,20,GGCCGGCATGGTCCCAGCCTCCTCGCTGGCGCCGGCTGGGCAACATGCTTCGGCATGGCGAATGGGACTTTTTT,ATGAGAAATG,CGAAAT,ACCGTTATACTAATGACGCT,ATCAA,ACTAG,TCAGAAAAAAG,GGATAA,CGAAATACCGTTATACTAATGACGCTATCAAACTAGTCAGAAAAAAGGGATAA,GTCTACGCGGTACTACCCAC,,GACTTTAGTCGTGTGAGGTTCAAAGCGTCATTAGTATAACGGTGGCCGGCATGGTCCCAGCCTCCTCGCTGGCGCCGGCTGGGCAACATGCTTCGGCATGGCGAATGGGACTTTTTTATGAGAAATGCGAAATACCGTTATACTAATGACGCTATCAAACTAGTCAGAAAAAAGGGATAAGTCTACGCGGTACTACCCAC,200
TnpB_062,TnpB,62,GACTTTAGTCGTGTGAGGTTCAA,AAGAGATTGTTTGAAGAGGG,20,GGCCGGCATGGTCCCAGCCTCCTCGCTGGCGCCGGCTGGGCAACATGCTTCGGCATGGCGAATGGGACTTTTTT,TGGCTCTCAT,GGCAAA,CCCTCTTCAAACAATCTCTT,ATCAA,CATCG,GTGGAGTTTAT,ATTTAG,GGCAAACCCTCTTCAAACAATCTCTTATCAACATCGGTGGAGTTTATATTTAG,GTCTACGCGGTACTACCCAC,,GACTTTAGTCGTGTGAGGTTCAAAAGAGATTGTTTGAAGAGGGGGCCGGCATGGTCCCAGCCTCCTCGCTGGCGCCGGCTGGGCAACATGCTTCGGCATGGCGAATGGGACTTTTTTTGGCTCTCATGGCAAACCCTCTTCAAACAATCTCTTATCAACATCGGTGGAGTTTATATTTAGGTCTACGCGGTACTACCCAC,200
TnpB_063,TnpB,63,GACTTTAGTCGTGTGAGGTTCAA,GGAGTACACCTCACGAAGGG,20,GGCCGGCATGGTCCCAGCCTCCTCGCTGGCGCCGGCTGGGCAACATGCTTCGGCATGGCGAATGGGACTTTTTT,GGCGGATGTC,CCACTA,CCCTTCGTGAGGTGTACTCC,ATCAA,AAGGA,AATAGGGTCGC,ATAAGA,CCACTACCCTTCGTGAGGTGTACTCCATCAAAAGGAAATAGGGTCGCATAAGA,GTCTACGCGGTACTACCCAC,,GACTTTAGTCGTGTGAGGTTCAAGGAGTACACCTCACGAAGGGGGCCGGCATGGTCCCAGCCTCCTCGCTGGCGCCGGCTGGGCAACATGCTTCGGCATGGCGAATGGGACTTTTTTGGCGGATGTCCCACTACCCTTCGTGAGGTGTACTCCATCAAAAGGAAATAGGGTCGCATAAGAGTCTACGCGGTACTACCCAC,200
TnpB_064,TnpB,64,GACTTTAGTCGTGTGAGGTTCAA,GAGCTCAAGTAAGAGCGCTC,20,GGCCGGCATGGTCCCAGCCTCCTCGCTGGCGCCGGCTGGGCAACATGCTTCGGCATGGCGAATGGGACTTTTTT,GATCCCTCGT,GACGGC,GAGCGCTCTTACTTGAGCTC,ATCAA,CCTAT,TAAGATGCGGA,TGTATT,GACGGCGAGCGCTCTTACTTGAGCTCATCAACCTATTAAGATGCGGATGTATT,GTCTACGCGGTACTACCCAC,,GACTTTAGTCGTGTGAGGTTCAAGAGCTCAAGTAAGAGCGCTCGGCCGGCATGGTCCCAGCCTCCTCGCTGGCGCCGGCTGGGCAACATGCTTCGGCATGGCGAATGGGACTTTTTTGATCCCTCGTGACGGCGAGCGCTCTTACTTGAGCTCATCAACCTATTAAGATGCGGATGTATTGTCTACGCGGTACTACCCAC,200
TnpB_065,TnpB,65,GACTTTAGTCGTGTGAGGTTCAA,AGGATTCTCTAGATGGTTCC,20,GGCCGGCATGGTCCCAGCCTCCTCGCTGGCGCCGGCTGGGCAACATGCTTCGGCATGGCGAATGGGACTTTTTT,GTGTTATTGT,CCTTTA,GGAACCATCTAGAGAATCCT,ATCAA,CACTA,TGAGTAGAGGC,GGAAAA,CCTTTAGGAACCATCTAGAGAATCCTATCAACACTATGAGTAGAGGCGGAAAA,GTCTACGCGGTACTACCCAC,,GACTTTAGTCGTGTGAGGTTCAAAGGATTCTCTAGATGGTTCCGGCCGGCATGGTCCCAGCCTCCTCGCTGGCGCCGGCTGGGCAACATGCTTCGGCATGGCGAATGGGACTTTTTTGTGTTATTGTCCTTTAGGAACCATCTAGAGAATCCTATCAACACTATGAGTAGAGGCGGAAAAGTCTACGCGGTACTACCCAC,200
TnpB_066,TnpB,66,GACTTTAGTCGTGTGAGGTTCAA,CGCCCTACACTTCGCTGGTA,20,GGCCGGCATGGTCCCAGCCTCCTCGCTGGCGCCGGCTGGGCAACATGCTTCGGCATGGCGAATGGGACTTTTTT,AGTTACTACA,TGTAAA,TACCAGCGAAGTGTAGGGCG,ATCAA,AAGCG,TCAGATTCTAG,GCAACG,TGTAAATACCAGCGAAGTGTAGGGCGATCAAAAGCGTCAGATTCTAGGCAACG,GTCTACGCGGTACTACCCAC,,GACTTTAGTCGTGTGAGGTTCAACGCCCTACACTTCGCTGGTAGGCCGGCATGGTCCCAGCCTCCTCGCTGGCGCCGGCTGGGCAACATGCTTCGGCATGGCGAATGGGACTTTTTTAGTTACTACATGTAAATACCAGCGAAGTGTAGGGCGATCAAAAGCGTCAGATTCTAGGCAACGGTCTACGCGGTACTACCCAC,200
TnpB_067,TnpB,67,GACTTTAGTCGTGTGAGGTTCAA,TAAGCTGCGCATCTTGGAAG,20,GGCCGGCATGGTCCCAGCCTCCTCGCTGGCGCCGGCTGGGCAACATGCTTCGGCATGGCGAATGGGACTTTTTT,TGTTCTCCAA,TGCAAC,CTTCCAAGATGCGCAGCTTA,ATCAA,TCCAC,CATTCGCCGAC,GATCCG,TGCAACCTTCCAAGATGCGCAGCTTAATCAATCCACCATTCGCCGACGATCCG,GTCTACGCGGTACTACCCAC,,GACTTTAGTCGTGTGAGGTTCAATAAGCTGCGCATCTTGGAAGGGCCGGCATGGTCCCAGCCTCCTCGCTGGCGCCGGCTGGGCAACATGCTTCGGCATGGCGAATGGGACTTTTTTTGTTCTCCAATGCAACCTTCCAAGATGCGCAGCTTAATCAATCCACCATTCGCCGACGATCCGGTCTACGCGGTACTACCCAC,200
TnpB_068,TnpB,68,GACTTTAGTCGTGTGAGGTTCAA,CAGCGTTGAAAACAATCACA,20,GGCCGGCATGGTCCCAGCCTCCTCGCTGGCGCCGGCTGGGCAACATGCTTCGGCATGGCGAATGGGACTTTTTT,TGGTAAGTGG,AGGGTT,TGTGATTGTTTTCAACGCTG,ATCAA,AGAAA,CGACAAAACCG,TTCTTG,AGGGTTTGTGATTGTTTTCAACGCTGATCAAAGAAACGACAAAACCGTTCTTG,GTCTACGCGGTACTACCCAC,,GACTTTAGTCGTGTGAGGTTCAACAGCGTTGAAAACAATCACAGGCCGGCATGGTCCCAGCCTCCTCGCTGGCGCCGGCTGGGCAACATGCTTCGGCATGGCGAATGGGACTTTTTTTGGTAAGTGGAGGGTTTGTGATTGTTTTCAACGCTGATCAAAGAAACGACAAAACCGTTCTTGGTCTACGCGGTACTACCCAC,200
TnpB_069,TnpB,69,GACTTTAGTCGTGTGAGGTTCAA,ATGGGATATCGTCCTCAAAT,20,GGCCGGCATGGTCCCAGCCTCCTCGCTGGCGCCGGCTGGGCAACATGCTTCGGCATGGCGAATGGGACTTTTTT,AACCCACATC,AGCCGG,ATTTGAGGACGATATCCCAT,ATCAA,ATGTC,CACCTCGTCGC,ATAATC,AGCCGGATTTGAGGACGATATCCCATATCAAATGTCCACCTCGTCGCATAATC,GTCTACGCGGTACTACCCAC,,GACTTTAGTCGTGTGAGGTTCAAATGGGATATCGTCCTCAAATGGCCGGCATGGTCCCAGCCTCCTCGCTGGCGCCGGCTGGGCAACATGCTTCGGCATGGCGAATGGGACTTTTTTAACCCACATCAGCCGGATTTGAGGACGATATCCCATATCAAATGTCCACCTCGTCGCATAATCGTCTACGCGGTACTACCCAC,200
TnpB_070,TnpB,70,GACTTTAGTCGTGTGAGGTTCAA,GATTAACGGGGCGCTCACCA,20,GGCCGGCATGGTCCCAGCCTCCTCGCTGGCGCCGGCTGGGCAACATGCTTCGGCATGGCGAATGGGACTTTTTT,GGTTTTAAAA,CGCCGC,TGGTGAGCGCCCCGTTAATC,ATCAA,TCCAT,GCGACGCCTGT,TGCGTG,CGCCGCTGGTGAGCGCCCCGTTAATCATCAATCCATGCGACGCCTGTTGCGTG,GTCTACGCGGTACTACCCAC,,GACTTTAGTCGTGTGAGGTTCAAGATTAACGGGGCGCTCACCAGGCCGGCATGGTCCCAGCCTCCTCGCTGGCGCCGGCTGGGCAACATGCTTCGGCATGGCGAATGGGACTTTTTTGGTTTTAAAACGCCGCTGGTGAGCGCCCCGTTAATCATCAATCCATGCGACGCCTGTTGCGTGGTCTACGCGGTACTACCCAC,200
TnpB_071,TnpB,71,GACTTTAGTCGTGTGAGGTTCAA,ATGCAGTAATTCGCCCCTAA,20,GGCCGGCATGGTCCCAGCCTCCTCGCTGGCGCCGGCTGGGCAACATGCTTCGGCATGGCGAATGGGACTTTTTT,AATCATCAGA,ATGTAC,TTAGGGGCGAATTACTGCAT,ATCAA,AGCTG,TCAAGGAGTCT,GTTACA,ATGTACTTAGGGGCGAATTACTGCATATCAAAGCTGTCAAGGAGTCTGTTACA,GTCTACGCGGTACTACCCAC,,GACTTTAGTCGTGTGAGGTTCAAATGCAGTAATTCGCCCCTAAGGCCGGCATGGTCCCAGCCTCCTCGCTGGCGCCGGCTGGGCAACATGCTTCGGCATGGCGAATGGGACTTTTTTAATCATCAGAATGTACTTAGGGGCGAATTACTGCATATCAAAGCTGTCAAGGAGTCTGTTACAGTCTACGCGGTACTACCCAC,200
TnpB_072,TnpB,72,GACTTTAGTCGTGTGAGGTTCAA,CGAGGTTATTGGGTCAATAG,20,GGCCGGCATGGTCCCAGCCTCCTCGCTGGCGCCGGCTGGGCAACATGCTTCGGCATGGCGAATGGGACTTTTTT,GAAACAATAA,CTGGTA,CTATTGACCCAATAACCTCG,ATCAA,TCGCA,CCCACCAAGAC,AGGGTG,CTGGTACTATTGACCCAATAACCTCGATCAATCGCACCCACCAAGACAGGGTG,GTCTACGCGGTACTACCCAC,,GACTTTAGTCGTGTGAGGTTCAACGAGGTTATTGGGTCAATAGGGCCGGCATGGTCCCAGCCTCCTCGCTGGCGCCGGCTGGGCAACATGCTTCGGCATGGCGAATGGGACTTTTTTGAAACAATAACTGGTACTATTGACCCAATAACCTCGATCAATCGCACCCACCAAGACAGGGTGGTCTACGCGGTACTACCCAC,200
TnpB_073,TnpB,73,GACTTTAGTCGTGTGAGGTTCAA,TCTCTTGAAGCAAGTAACAC,20,GGCCGGCATGGTCCCAGCCTCCTCGCTGGCGCCGGCTGGGCAACATGCTTCGGCATGGCGAATGGGACTTTTTT,AGACAGGCGT,GACGAA,GTGTTACTTGCTTCAAGAGA,ATCAA,TGGAA,GCGAAGACCCT,CCATGT,GACGAAGTGTTACTTGCTTCAAGAGAATCAATGGAAGCGAAGACCCTCCATGT,GTCTACGCGGTACTACCCAC,,GACTTTAGTCGTGTGAGGTTCAATCTCTTGAAGCAAGTAACACGGCCGGCATGGTCCCAGCCTCCTCGCTGGCGCCGGCTGGGCAACATGCTTCGGCATGGCGAATGGGACTTTTTTAGACAGGCGTGACGAAGTGTTACTTGCTTCAAGAGAATCAATGGAAGCGAAGACCCTCCATGTGTCTACGCGGTACTACCCAC,200
TnpB_074,TnpB,74,GACTTTAGTCGTGTGAGGTTCAA,ATGGCCCAAGGCCGATTACG,20,GGCCGGCATGGTCCCAGCCTCCTCGCTGGCGCCGGCTGGGCAACATGCTTCGGCATGGCGAATGGGACTTTTTT,CCGGTTATCC,CTGTGT,CGTAATCGGCCTTGGGCCAT,ATCAA,TCTAC,GGGACCCTTTA,GCCGGA,CTGTGTCGTAATCGGCCTTGGGCCATATCAATCTACGGGACCCTTTAGCCGGA,GTCTACGCGGTACTACCCAC,,GACTTTAGTCGTGTGAGGTTCAAATGGCCCAAGGCCGATTACGGGCCGGCATGGTCCCAGCCTCCTCGCTGGCGCCGGCTGGGCAACATGCTTCGGCATGGCGAATGGGACTTTTTTCCGGTTATCCCTGTGTCGTAATCGGCCTTGGGCCATATCAATCTACGGGACCCTTTAGCCGGAGTCTACGCGGTACTACCCAC,200
TnpB_075,TnpB,75,GACTTTAGTCGTGTGAGGTTCAA,GTAAGTAAGGCATAGCGTGT,20,GGCCGGCATGGTCCCAGCCTCCTCGCTGGCGCCGGCTGGGCAACATGCTTCGGCATGGCGAATGGGACTTTTTT,CTCACAGGCG,CCGTCG,ACACGCTATGCCTTACTTAC,ATCAA,CACGC,GGCGTTCCGCG,TATCAG,CCGTCGACACGCTATGCCTTACTTACATCAACACGCGGCGTTCCGCGTATCAG,GTCTACGCGGTACTACCCAC,,GACTTTAGTCGTGTGAGGTTCAAGTAAGTAAGGCATAGCGTGTGGCCGGCATGGTCCCAGCCTCCTCGCTGGCGCCGGCTGGGCAACATGCTTCGGCATGGCGAATGGGACTTTTTTCTCACAGGCGCCGTCGACACGCTATGCCTTACTTACATCAACACGCGGCGTTCCGCGTATCAGGTCTACGCGGTACTACCCAC,200
TnpB_076,TnpB,76,GACTTTAGTCGTGTGAGGTTCAA,GCGGAGCACAATTTGCTCGG,20,GGCCGGCATGGTCCCAGCCTCCTCGCTGGCGCCGGCTGGGCAACATGCTTCGGCATGGCGAATGGGACTTTTTT,CAGGACATCG,ACCTGG,CCGAGCAAATTGTGCTCCGC,ATCAA,TACGC,CGGCAAAACAC,GTTATG,ACCTGGCCGAGCAAATTGTGCTCCGCATCAATACGCCGGCAAAACACGTTATG,GTCTACGCGGTACTACCCAC,,GACTTTAGTCGTGTGAGGTTCAAGCGGAGCACAATTTGCTCGGGGCCGGCATGGTCCCAGCCTCCTCGCTGGCGCCGGCTGGGCAACATGCTTCGGCATGGCGAATGGGACTTTTTTCAGGACATCGACCTGGCCGAGCAAATTGTGCTCCGCATCAATACGCCGGCAAAACACGTTATGGTCTACGCGGTACTACCCAC,200
TnpB_077,TnpB,77,GACTTTAGTCGTGTGAGGTTCAA,ACTAAGACACATGGGGCCGT,20,GGCCGGCATGGTCCCAGCCTCCTCGCTGGCGCCGGCTGGGCAACATGCTTCGGCATGGCGAATGGGACTTTTTT,TTACTGCGCG,TAACTG,ACGGCCCCATGTGTCTTAGT,ATCAA,CGACT,AATACAATTGT,TATCGG,TAACTGACGGCCCCATGTGTCTTAGTATCAACGACTAATACAATTGTTATCGG,GTCTACGCGGTACTACCCAC,,GACTTTAGTCGTGTGAGGTTCAAACTAAGACACATGGGGCCGTGGCCGGCATGGTCCCAGCCTCCTCGCTGGCGCCGGCTGGGCAACATGCTTCGGCATGGCGAATGGGACTTTTTTTTACTGCGCGTAACTGACGGCCCCATGTGTCTTAGTATCAACGACTAATACAATTGTTATCGGGTCTACGCGGTACTACCCAC,200
TnpB_078,TnpB,78,GACTTTAGTCGTGTGAGGTTCAA,TCCATATGTGATACGTACAT,20,GGCCGGCATGGTCCCAGCCTCCTCGCTGGCGCCGGCTGGGCAACATGCTTCGGCATGGCGAATGGGACTTTTTT,AGTACTGTTG,GTCTGG,ATGTACGTATCACATATGGA,ATCAA,AGACG,TAAAGCCTGAT,CTCGCG,GTCTGGATGTACGTATCACATATGGAATCAAAGACGTAAAGCCTGATCTCGCG,GTCTACGCGGTACTACCCAC,,GACTTTAGTCGTGTGAGGTTCAATCCATATGTGATACGTACATGGCCGGCATGGTCCCAGCCTCCTCGCTGGCGCCGGCTGGGCAACATGCTTCGGCATGGCGAATGGGACTTTTTTAGTACTGTTGGTCTGGATGTACGTATCACATATGGAATCAAAGACGTAAAGCCTGATCTCGCGGTCTACGCGGTACTACCCAC,200
TnpB_079,TnpB,79,GACTTTAGTCGTGTGAGGTTCAA,CGATCAGGAGAGTAATTATC,20,GGCCGGCATGGTCCCAGCCTCCTCGCTGGCGCCGGCTGGGCAACATGCTTCGGCATGGCGAATGGGACTTTTTT,GTTACGGGTA,GTTTTT,GATAATTACTCTCCTGATCG,ATCAA,CCTTC,CCCAATTCAGA,CAGATA,GTTTTTGATAATTACTCTCCTGATCGATCAACCTTCCCCAATTCAGACAGATA,GTCTACGCGGTACTACCCAC,,GACTTTAGTCGTGTGAGGTTCAACGATCAGGAGAGTAATTATCGGCCGGCATGGTCCCAGCCTCCTCGCTGGCGCCGGCTGGGCAACATGCTTCGGCATGGCGAATGGGACTTTTTTGTTACGGGTAGTTTTTGATAATTACTCTCCTGATCGATCAACCTTCCCCAATTCAGACAGATAGTCTACGCGGTACTACCCAC,200
TnpB_080,TnpB,80,GACTTTAGTCGTGTGAGGTTCAA,ACCAGCCCTGCATTACGACG,20,GGCCGGCATGGTCCCAGCCTCCTCGCTGGCGCCGGCTGGGCAACATGCTTCGGCATGGCGAATGGGACTTTTTT,TTAGAATCCG,AAACGC,CGTCGTAATGCAGGGCTGGT,ATCAA,TGACG,CAAGCATCGTC,GGGGAG,AAACGCCGTCGTAATGCAGGGCTGGTATCAATGACGCAAGCATCGTCGGGGAG,GTCTACGCGGTACTACCCAC,,GACTTTAGTCGTGTGAGGTTCAAACCAGCCCTGCATTACGACGGGCCGGCATGGTCCCAGCCTCCTCGCTGGCGCCGGCTGGGCAACATGCTTCGGCATGGCGAATGGGACTTTTTTTTAGAATCCGAAACGCCGTCGTAATGCAGGGCTGGTATCAATGACGCAAGCATCGTCGGGGAGGTCTACGCGGTACTACCCAC,200
TnpB_081,TnpB,81,GACTTTAGTCGTGTGAGGTTCAA,CGGCTCTAAGTGCCCAGCCC,20,GGCCGGCATGGTCCCAGCCTCCTCGCTGGCGCCGGCTGGGCAACATGCTTCGGCATGGCGAATGGGACTTTTTT,GTCTTCCTGC,CGTCGT,GGGCTGGGCACTTAGAGCCG,ATCAA,ACCCA,CTTAGCTTCCC,ACGATG,CGTCGTGGGCTGGGCACTTAGAGCCGATCAAACCCACTTAGCTTCCCACGATG,GTCTACGCGGTACTACCCAC,,GACTTTAGTCGTGTGAGGTTCAACGGCTCTAAGTGCCCAGCCCGGCCGGCATGGTCCCAGCCTCCTCGCTGGCGCCGGCTGGGCAACATGCTTCGGCATGGCGAATGGGACTTTTTTGTCTTCCTGCCGTCGTGGGCTGGGCACTTAGAGCCGATCAAACCCACTTAGCTTCCCACGATGGTCTACGCGGTACTACCCAC,200
TnpB_082,TnpB,82,GACTTTAGTCGTGTGAGGTTCAA,CTATGGTTAGGTCGCTATAT,20,GGCCGGCATGGTCCCAGCCTCCTCGCTGGCGCCGGCTGGGCAACATGCTTCGGCATGGCGAATGGGACTTTTTT,GAAGAATTGC,ATTGAT,ATATAGCGACCTAACCATAG,ATCAA,CATAA,CGGGAACCACG,CGACTA,ATTGATATATAGCGACCTAACCATAGATCAACATAACGGGAACCACGCGACTA,GTCTACGCGGTACTACCCAC,,GACTTTAGTCGTGTGAGGTTCAACTATGGTTAGGTCGCTATATGGCCGGCATGGTCCCAGCCTCCTCGCTGGCGCCGGCTGGGCAACATGCTTCGGCATGGCGAATGGGACTTTTTTGAAGAATTGCATTGATATATAGCGACCTAACCATAGATCAACATAACGGGAACCACGCGACTAGTCTACGCGGTACTACCCAC,200
TnpB_083,TnpB,83,GACTTTAGTCGTGTGAGGTTCAA,AATGGTTCCTGTAGCCCTAC,20,GGCCGGCATGGTCCCAGCCTCCTCGCTGGCGCCGGCTGGGCAACATGCTTCGGCATGGCGAATGGGACTTTTTT,ACGCACAGTC,GGCTTA,GTAGGGCTACAGGAACCATT,ATCAA,AATAG,TGGAATGCTCT,AAGTCA,GGCTTAGTAGGGCTACAGGAACCATTATCAAAATAGTGGAATGCTCTAAGTCA,GTCTACGCGGTACTACCCAC,,GACTTTAGTCGTGTGAGGTTCAAAATGGTTCCTGTAGCCCTACGGCCGGCATGGTCCCAGCCTCCTCGCTGGCGCCGGCTGGGCAACATGCTTCGGCATGGCGAATGGGACTTTTTTACGCACAGTCGGCTTAGTAGGGCTACAGGAACCATTATCAAAATAGTGGAATGCTCTAAGTCAGTCTACGCGGTACTACCCAC,200
TnpB_084,TnpB,84,GACTTTAGTCGTGTGAGGTTCAA,TTCTACCATACTGGGTAGGG,20,GGCCGGCATGGTCCCAGCCTCCTCGCTGGCGCCGGCTGGGCAACATGCTTCGGCATGGCGAATGGGACTTTTTT,CGTGATTCCG,GCGTAG,CCCTACCCAGTATGGTAGAA,ATCAA,GAATG,GATTACCCGAA,CTCACA,GCGTAGCCCTACCCAGTATGGTAGAAATCAAGAATGGATTACCCGAACTCACA,GTCTACGCGGTACTACCCAC,,GACTTTAGTCGTGTGAGGTTCAATTCTACCATACTGGGTAGGGGGCCGGCATGGTCCCAGCCTCCTCGCTGGCGCCGGCTGGGCAACATGCTTCGGCATGGCGAATGGGACTTTTTTCGTGATTCCGGCGTAGCCCTACCCAGTATGGTAGAAATCAAGAATGGATTACCCGAACTCACAGTCTACGCGGTACTACCCAC,200
TnpB_085,TnpB,85,GACTTTAGTCGTGTGAGGTTCAA,GTTGGTACCTTACTCGACCC,20,GGCCGGCATGGTCCCAGCCTCCTCGCTGGCGCCGGCTGGGCAACATGCTTCGGCATGGCGAATGGGACTTTTTT,GAACGATTAC,CTTGCA,GGGTCGAGTAAGGTACCAAC,ATCAA,AGGGC,TCTAATCTAGA,TTAACA,CTTGCAGGGTCGAGTAAGGTACCAACATCAAAGGGCTCTAATCTAGATTAACA,GTCTACGCGGTACTACCCAC,,GACTTTAGTCGTGTGAGGTTCAAGTTGGTACCTTACTCGACCCGGCCGGCATGGTCCCAGCCTCCTCGCTGGCGCCGGCTGGGCAACATGCTTCGGCATGGCGAATGGGACTTTTTTGAACGATTACCTTGCAGGGTCGAGTAAGGTACCAACATCAAAGGGCTCTAATCTAGATTAACAGTCTACGCGGTACTACCCAC,200
TnpB_086,TnpB,86,GACTTTAGTCGTGTGAGGTTCAA,AGGAAACTCTCTGTGTTATA,20,GGCCGGCATGGTCCCAGCCTCCTCGCTGGCGCCGGCTGGGCAACATGCTTCGGCATGGCGAATGGGACTTTTTT,CGTGAAGCGA,GGCAGC,TATAACACAGAGAGTTTCCT,ATCAA,GCACC,ATACGTTGCAA,TTAGAT,GGCAGCTATAACACAGAGAGTTTCCTATCAAGCACCATACGTTGCAATTAGAT,GTCTACGCGGTACTACCCAC,,GACTTTAGTCGTGTGAGGTTCAAAGGAAACTCTCTGTGTTATAGGCCGGCATGGTCCCAGCCTCCTCGCTGGCGCCGGCTGGGCAACATGCTTCGGCATGGCGAATGGGACTTTTTTCGTGAAGCGAGGCAGCTATAACACAGAGAGTTTCCTATCAAGCACCATACGTTGCAATTAGATGTCTACGCGGTACTACCCAC,200
TnpB_087,TnpB,87,GACTTTAGTCGTGTGAGGTTCAA,GTACAGGTGAACGTGATATA,20,GGCCGGCATGGTCCCAGCCTCCTCGCTGGCGCCGGCTGGGCAACATGCTTCGGCATGGCGAATGGGACTTTTTT,AACGGTTGCC,ATACTC,TATATCACGTTCACCTGTAC,ATCAA,GGAGA,GGCTAGTCTAG,TCGCGG,ATACTCTATATCACGTTCACCTGTACATCAAGGAGAGGCTAGTCTAGTCGCGG,GTCTACGCGGTACTACCCAC,,GACTTTAGTCGTGTGAGGTTCAAGTACAGGTGAACGTGATATAGGCCGGCATGGTCCCAGCCTCCTCGCTGGCGCCGGCTGGGCAACATGCTTCGGCATGGCGAATGGGACTTTTTTAACGGTTGCCATACTCTATATCACGTTCACCTGTACATCAAGGAGAGGCTAGTCTAGTCGCGGGTCTACGCGGTACTACCCAC,200
TnpB_088,TnpB,88,GACTTTAGTCGTGTGAGGTTCAA,TGACTAGGGCCGGAGTAAGC,20,GGCCGGCATGGTCCCAGCCTCCTCGCTGGCGCCGGCTGGGCAACATGCTTCGGCATGGCGAATGGGACTTTTTT,GGAATACACG,CATGCC,GCTTACTCCGGCCCTAGTCA,ATCAA,AAGGC,ATCTATAATGC,GATATC,CATGCCGCTTACTCCGGCCCTAGTCAATCAAAAGGCATCTATAATGCGATATC,GTCTACGCGGTACTACCCAC,,GACTTTAGTCGTGTGAGGTTCAATGACTAGGGCCGGAGTAAGCGGCCGGCATGGTCCCAGCCTCCTCGCTGGCGCCGGCTGGGCAACATGCTTCGGCATGGCGAATGGGACTTTTTTGGAATACACGCATGCCGCTTACTCCGGCCCTAGTCAATCAAAAGGCATCTATAATGCGATATCGTCTACGCGGTACTACCCAC,200
TnpB_089,TnpB,89,GACTTTAGTCGTGTGAGGTTCAA,AGCGGAGTTCTAGCGCCCGC,20,GGCCGGCATGGTCCCAGCCTCCTCGCTGGCGCCGGCTGGGCAACATGCTTCGGCATGGCGAATGGGACTTTTTT,GACTTCCGGT,AACTAG,GCGGGCGCTAGAACTCCGCT,ATCAA,GCTCG,CCCCAGGGGGG,CGATGG,AACTAGGCGGGCGCTAGAACTCCGCTATCAAGCTCGCCCCAGGGGGGCGATGG,GTCTACGCGGTACTACCCAC,,GACTTTAGTCGTGTGAGGTTCAAAGCGGAGTTCTAGCGCCCGCGGCCGGCATGGTCCCAGCCTCCTCGCTGGCGCCGGCTGGGCAACATGCTTCGGCATGGCGAATGGGACTTTTTTGACTTCCGGTAACTAGGCGGGCGCTAGAACTCCGCTATCAAGCTCGCCCCAGGGGGGCGATGGGTCTACGCGGTACTACCCAC,200
TnpB_090,TnpB,90,GACTTTAGTCGTGTGAGGTTCAA,GGTCAGACGGTTTGTTCCTC,20,GGCCGGCATGGTCCCAGCCTCCTCGCTGGCGCCGGCTGGGCAACATGCTTCGGCATGGCGAATGGGACTTTTTT,GCGATGTGCG,CCCCAG,GAGGAACAAACCGTCTGACC,ATCAA,ATGGG,AAGCTCAAAGA,CTTGCC,CCCCAGGAGGAACAAACCGTCTGACCATCAAATGGGAAGCTCAAAGACTTGCC,GTCTACGCGGTACTACCCAC,,GACTTTAGTCGTGTGAGGTTCAAGGTCAGACGGTTTGTTCCTCGGCCGGCATGGTCCCAGCCTCCTCGCTGGCGCCGGCTGGGCAACATGCTTCGGCATGGCGAATGGGACTTTTTTGCGATGTGCGCCCCAGGAGGAACAAACCGTCTGACCATCAAATGGGAAGCTCAAAGACTTGCCGTCTACGCGGTACTACCCAC,200
TnpB_091,TnpB,91,GACTTTAGTCGTGTGAGGTTCAA,TGTGTAGCGGGTGGGGCCCC,20,GGCCGGCATGGTCCCAGCCTCCTCGCTGGCGCCGGCTGGGCAACATGCTTCGGCATGGCGAATGGGACTTTTTT,AGCACCTGAT,CTCCTG,GGGGCCCCACCCGCTACACA,ATCAA,ATTAG,GATAGATGCAA,TACGTC,CTCCTGGGGGCCCCACCCGCTACACAATCAAATTAGGATAGATGCAATACGTC,GTCTACGCGGTACTACCCAC,,GACTTTAGTCGTGTGAGGTTCAATGTGTAGCGGGTGGGGCCCCGGCCGGCATGGTCCCAGCCTCCTCGCTGGCGCCGGCTGGGCAACATGCTTCGGCATGGCGAATGGGACTTTTTTAGCACCTGATCTCCTGGGGGCCCCACCCGCTACACAATCAAATTAGGATAGATGCAATACGTCGTCTACGCGGTACTACCCAC,200
TnpB_092,TnpB,92,GACTTTAGTCGTGTGAGGTTCAA,ACTCGTACCCTTAACATACA,20,GGCCGGCATGGTCCCAGCCTCCTCGCTGGCGCCGGCTGGGCAACATGCTTCGGCATGGCGAATGGGACTTTTTT,TCCAACGTTT,GGATTG,TGTATGTTAAGGGTACGAGT,ATCAA,AACTC,GTGACCCCAGT,TGGACT,GGATTGTGTATGTTAAGGGTACGAGTATCAAAACTCGTGACCCCAGTTGGACT,GTCTACGCGGTACTACCCAC,,GACTTTAGTCGTGTGAGGTTCAAACTCGTACCCTTAACATACAGGCCGGCATGGTCCCAGCCTCCTCGCTGGCGCCGGCTGGGCAACATGCTTCGGCATGGCGAATGGGACTTTTTTTCCAACGTTTGGATTGTGTATGTTAAGGGTACGAGTATCAAAACTCGTGACCCCAGTTGGACTGTCTACGCGGTACTACCCAC,200
TnpB_093,TnpB,93,GACTTTAGTCGTGTGAGGTTCAA,TGCGTGGAGTCTGTGTGCGG,20,GGCCGGCATGGTCCCAGCCTCCTCGCTGGCGCCGGCTGGGCAACATGCTTCGGCATGGCGAATGGGACTTTTTT,TCGAGTCCCA,CGTAGC,CCGCACACAGACTCCACGCA,ATCAA,TACAA,CGGGAGCCCCC,CCTCCG,CGTAGCCCGCACACAGACTCCACGCAATCAATACAACGGGAGCCCCCCCTCCG,GTCTACGCGGTACTACCCAC,,GACTTTAGTCGTGTGAGGTTCAATGCGTGGAGTCTGTGTGCGGGGCCGGCATGGTCCCAGCCTCCTCGCTGGCGCCGGCTGGGCAACATGCTTCGGCATGGCGAATGGGACTTTTTTTCGAGTCCCACGTAGCCCGCACACAGACTCCACGCAATCAATACAACGGGAGCCCCCCCTCCGGTCTACGCGGTACTACCCAC,200
TnpB_094,TnpB,94,GACTTTAGTCGTGTGAGGTTCAA,TAATATGGCGGGGCGGGCGT,20,GGCCGGCATGGTCCCAGCCTCCTCGCTGGCGCCGGCTGGGCAACATGCTTCGGCATGGCGAATGGGACTTTTTT,TGGTATTTCC,TCCGGG,ACGCCCGCCCCGCCATATTA,ATCAA,CGGTT,GTTTCTACGAT,GGCCCT,TCCGGGACGCCCGCCCCGCCATATTAATCAACGGTTGTTTCTACGATGGCCCT,GTCTACGCGGTACTACCCAC,,GACTTTAGTCGTGTGAGGTTCAATAATATGGCGGGGCGGGCGTGGCCGGCATGGTCCCAGCCTCCTCGCTGGCGCCGGCTGGGCAACATGCTTCGGCATGGCGAATGGGACTTTTTTTGGTATTTCCTCCGGGACGCCCGCCCCGCCATATTAATCAACGGTTGTTTCTACGATGGCCCTGTCTACGCGGTACTACCCAC,200
TnpB_095,TnpB,95,GACTTTAGTCGTGTGAGGTTCAA,CGCAACGCCTAAATTGGCAG,20,GGCCGGCATGGTCCCAGCCTCCTCGCTGGCGCCGGCTGGGCAACATGCTTCGGCATGGCGAATGGGACTTTTTT,CATTCCAGAC,AGCTCT,CTGCCAATTTAGGCGTTGCG,ATCAA,AGTGT,GACGCGTGCCG,TCCTAC,AGCTCTCTGCCAATTTAGGCGTTGCGATCAAAGTGTGACGCGTGCCGTCCTAC,GTCTACGCGGTACTACCCAC,,GACTTTAGTCGTGTGAGGTTCAACGCAACGCCTAAATTGGCAGGGCCGGCATGGTCCCAGCCTCCTCGCTGGCGCCGGCTGGGCAACATGCTTCGGCATGGCGAATGGGACTTTTTTCATTCCAGACAGCTCTCTGCCAATTTAGGCGTTGCGATCAAAGTGTGACGCGTGCCGTCCTACGTCTACGCGGTACTACCCAC,200
TnpB_096,TnpB,96,GACTTTAGTCGTGTGAGGTTCAA,AGGGTCCTTGAGAGGCCAAT,20,GGCCGGCATGGTCCCAGCCTCCTCGCTGGCGCCGGCTGGGCAACATGCTTCGGCATGGCGAATGGGACTTTTTT,TCATTGACTG,AAGTTG,ATTGGCCTCTCAAGGACCCT,ATCAA,CCGCG,AAAAATAGTTA,CCTGTG,AAGTTGATTGGCCTCTCAAGGACCCTATCAACCGCGAAAAATAGTTACCTGTG,GTCTACGCGGTACTACCCAC,,GACTTTAGTCGTGTGAGGTTCAAAGGGTCCTTGAGAGGCCAATGGCCGGCATGGTCCCAGCCTCCTCGCTGGCGCCGGCTGGGCAACATGCTTCGGCATGGCGAATGGGACTTTTTTTCATTGACTGAAGTTGATTGGCCTCTCAAGGACCCTATCAACCGCGAAAAATAGTTACCTGTGGTCTACGCGGTACTACCCAC,200
TnpB_097,TnpB,97,GACTTTAGTCGTGTGAGGTTCAA,TGAGATCACGCCATGTAGGC,20,GGCCGGCATGGTCCCAGCCTCCTCGCTGGCGCCGGCTGGGCAACATGCTTCGGCATGGCGAATGGGACTTTTTT,CCCTTAGTTT,AAGTAA,GCCTACATGGCGTGATCTCA,ATCAA,ATATA,GTGGCTCGTAA,GCGGAC,AAGTAAGCCTACATGGCGTGATCTCAATCAAATATAGTGGCTCGTAAGCGGAC,GTCTACGCGGTACTACCCAC,,GACTTTAGTCGTGTGAGGTTCAATGAGATCACGCCATGTAGGCGGCCGGCATGGTCCCAGCCTCCTCGCTGGCGCCGGCTGGGCAACATGCTTCGGCATGGCGAATGGGACTTTTTTCCCTTAGTTTAAGTAAGCCTACATGGCGTGATCTCAATCAAATATAGTGGCTCGTAAGCGGACGTCTACGCGGTACTACCCAC,200
TnpB_098,TnpB,98,GACTTTAGTCGTGTGAGGTTCAA,TACGGAATCCCCCTCTGGGG,20,GGCCGGCATGGTCCCAGCCTCCTCGCTGGCGCCGGCTGGGCAACATGCTTCGGCATGGCGAATGGGACTTTTTT,CATCATTCAG,CTCAGC,CCCCAGAGGGGGATTCCGTA,ATCAA,GGTTG,AGTTGCTGAAC,CCTTCG,CTCAGCCCCCAGAGGGGGATTCCGTAATCAAGGTTGAGTTGCTGAACCCTTCG,GTCTACGCGGTACTACCCAC,,GACTTTAGTCGTGTGAGGTTCAATACGGAATCCCCCTCTGGGGGGCCGGCATGGTCCCAGCCTCCTCGCTGGCGCCGGCTGGGCAACATGCTTCGGCATGGCGAATGGGACTTTTTTCATCATTCAGCTCAGCCCCCAGAGGGGGATTCCGTAATCAAGGTTGAGTTGCTGAACCCTTCGGTCTACGCGGTACTACCCAC,200
TnpB_099,TnpB,99,GACTTTAGTCGTGTGAGGTTCAA,AGTTGTCCTTTAGATTGTAG,20,GGCCGGCATGGTCCCAGCCTCCTCGCTGGCGCCGGCTGGGCAACATGCTTCGGCATGGCGAATGGGACTTTTTT,ACAAACCTTC,GTTCCT,CTACAATCTAAAGGACAACT,ATCAA,CGCCT,GCAGACCGACT,TGGGCC,GTTCCTCTACAATCTAAAGGACAACTATCAACGCCTGCAGACCGACTTGGGCC,GTCTACGCGGTACTACCCAC,,GACTTTAGTCGTGTGAGGTTCAAAGTTGTCCTTTAGATTGTAGGGCCGGCATGGTCCCAGCCTCCTCGCTGGCGCCGGCTGGGCAACATGCTTCGGCATGGCGAATGGGACTTTTTTACAAACCTTCGTTCCTCTACAATCTAAAGGACAACTATCAACGCCTGCAGACCGACTTGGGCCGTCTACGCGGTACTACCCAC,200
TnpB_100,TnpB,100,GACTTTAGTCGTGTGAGGTTCAA,GACATGACTAACGGTCGCTT,20,GGCCGGCATGGTCCCAGCCTCCTCGCTGGCGCCGGCTGGGCAACATGCTTCGGCATGGCGAATGGGACTTTTTT,ACCTGAGGGC,GACAGT,AAGCGACCGTTAGTCATGTC,ATCAA,GGAAG,ACCGAAGTACG,AGGTCG,GACAGTAAGCGACCGTTAGTCATGTCATCAAGGAAGACCGAAGTACGAGGTCG,GTCTACGCGGTACTACCCAC,,GACTTTAGTCGTGTGAGGTTCAAGACATGACTAACGGTCGCTTGGCCGGCATGGTCCCAGCCTCCTCGCTGGCGCCGGCTGGGCAACATGCTTCGGCATGGCGAATGGGACTTTTTTACCTGAGGGCGACAGTAAGCGACCGTTAGTCATGTCATCAAGGAAGACCGAAGTACGAGGTCGGTCTACGCGGTACTACCCAC,200
